2026-08-27 02:18:39,482 - INFO - 
2026-08-27 02:18:39,482 - INFO - ======================================================================
2026-08-27 02:18:39,482 - INFO - ERA5 vs CONUS404 QUANTITATIVE VALIDATION
2026-08-27 02:18:39,482 - INFO - ======================================================================
2026-08-27 02:18:39,483 - INFO - 
2026-08-27 02:18:39,483 - INFO - ======================================================================
2026-08-27 02:18:39,483 - INFO - PROCESSING 1980
2026-08-27 02:18:39,483 - INFO - ======================================================================
2026-08-27 02:18:39,483 - WARNING - ERA5 file missing: ../../../sduan/pipeline/data/processed/era5_1980.nc
2026-08-27 02:18:39,483 - INFO - 
2026-08-27 02:18:39,483 - INFO - ======================================================================
2026-08-27 02:18:39,483 - INFO - PROCESSING 1981
2026-08-27 02:18:39,483 - INFO - ======================================================================
2026-08-27 02:18:39,483 - WARNING - ERA5 file missing: ../../../sduan/pipeline/data/processed/era5_1981.nc
2026-08-27 02:18:39,483 - INFO - 
2026-08-27 02:18:39,483 - INFO - ======================================================================
2026-08-27 02:18:39,483 - INFO - PROCESSING 1982
2026-08-27 02:18:39,483 - INFO - ======================================================================
2026-08-27 02:18:39,483 - WARNING - ERA5 file missing: ../../../sduan/pipeline/data/processed/era5_1982.nc
2026-08-27 02:18:39,483 - INFO - 
2026-08-27 02:18:39,483 - INFO - ======================================================================
2026-08-27 02:18:39,483 - INFO - PROCESSING 1983
2026-08-27 02:18:39,483 - INFO - ======================================================================
2026-08-27 02:18:39,483 - WARNING - ERA5 file missing: ../../../sduan/pipeline/data/processed/era5_1983.nc
2026-08-27 02:18:39,484 - INFO - 
2026-08-27 02:18:39,484 - INFO - ======================================================================
2026-08-27 02:18:39,484 - INFO - PROCESSING 1984
2026-08-27 02:18:39,484 - INFO - ======================================================================
2026-08-27 02:18:39,484 - WARNING - ERA5 file missing: ../../../sduan/pipeline/data/processed/era5_1984.nc
2026-08-27 02:18:39,484 - INFO - 
2026-08-27 02:18:39,484 - INFO - ======================================================================
2026-08-27 02:18:39,484 - INFO - PROCESSING 1985
2026-08-27 02:18:39,484 - INFO - ======================================================================
2026-08-27 02:18:39,484 - WARNING - ERA5 file missing: ../../../sduan/pipeline/data/processed/era5_1985.nc
2026-08-27 02:18:39,484 - INFO - 
2026-08-27 02:18:39,484 - INFO - ======================================================================
2026-08-27 02:18:39,484 - INFO - PROCESSING 1986
2026-08-27 02:18:39,484 - INFO - ======================================================================
2026-08-27 02:18:39,484 - WARNING - ERA5 file missing: ../../../sduan/pipeline/data/processed/era5_1986.nc
2026-08-27 02:18:39,484 - INFO - 
2026-08-27 02:18:39,484 - INFO - ======================================================================
2026-08-27 02:18:39,484 - INFO - PROCESSING 1987
2026-08-27 02:18:39,484 - INFO - ======================================================================
2026-08-27 02:18:39,484 - WARNING - ERA5 file missing: ../../../sduan/pipeline/data/processed/era5_1987.nc
2026-08-27 02:18:39,484 - INFO - 
2026-08-27 02:18:39,484 - INFO - ======================================================================
2026-08-27 02:18:39,484 - INFO - PROCESSING 1988
2026-08-27 02:18:39,484 - INFO - ======================================================================
2026-08-27 02:18:39,484 - WARNING - ERA5 file missing: ../../../sduan/pipeline/data/processed/era5_1988.nc
2026-08-27 02:18:39,485 - INFO - 
2026-08-27 02:18:39,485 - INFO - ======================================================================
2026-08-27 02:18:39,485 - INFO - PROCESSING 1989
2026-08-27 02:18:39,485 - INFO - ======================================================================
2026-08-27 02:18:39,485 - WARNING - ERA5 file missing: ../../../sduan/pipeline/data/processed/era5_1989.nc
2026-08-27 02:18:39,485 - INFO - 
2026-08-27 02:18:39,485 - INFO - ======================================================================
2026-08-27 02:18:39,485 - INFO - PROCESSING 1990
2026-08-27 02:18:39,485 - INFO - ======================================================================
2026-08-27 02:18:39,485 - WARNING - ERA5 file missing: ../../../sduan/pipeline/data/processed/era5_1990.nc
2026-08-27 02:18:39,485 - INFO - 
2026-08-27 02:18:39,485 - INFO - ======================================================================
2026-08-27 02:18:39,485 - INFO - PROCESSING 1991
2026-08-27 02:18:39,485 - INFO - ======================================================================
2026-08-27 02:18:39,485 - WARNING - ERA5 file missing: ../../../sduan/pipeline/data/processed/era5_1991.nc
2026-08-27 02:18:39,485 - INFO - 
2026-08-27 02:18:39,485 - INFO - ======================================================================
2026-08-27 02:18:39,485 - INFO - PROCESSING 1992
2026-08-27 02:18:39,485 - INFO - ======================================================================
2026-08-27 02:18:39,485 - WARNING - ERA5 file missing: ../../../sduan/pipeline/data/processed/era5_1992.nc
2026-08-27 02:18:39,485 - INFO - 
2026-08-27 02:18:39,486 - INFO - ======================================================================
2026-08-27 02:18:39,486 - INFO - PROCESSING 1993
2026-08-27 02:18:39,486 - INFO - ======================================================================
2026-08-27 02:18:39,486 - WARNING - ERA5 file missing: ../../../sduan/pipeline/data/processed/era5_1993.nc
2026-08-27 02:18:39,486 - INFO - 
2026-08-27 02:18:39,486 - INFO - ======================================================================
2026-08-27 02:18:39,486 - INFO - PROCESSING 1994
2026-08-27 02:18:39,486 - INFO - ======================================================================
2026-08-27 02:18:39,486 - WARNING - ERA5 file missing: ../../../sduan/pipeline/data/processed/era5_1994.nc
2026-08-27 02:18:39,486 - INFO - 
2026-08-27 02:18:39,486 - INFO - ======================================================================
2026-08-27 02:18:39,486 - INFO - PROCESSING 1995
2026-08-27 02:18:39,486 - INFO - ======================================================================
2026-08-27 02:18:39,486 - WARNING - ERA5 file missing: ../../../sduan/pipeline/data/processed/era5_1995.nc
2026-08-27 02:18:39,486 - INFO - 
2026-08-27 02:18:39,486 - INFO - ======================================================================
2026-08-27 02:18:39,486 - INFO - PROCESSING 1996
2026-08-27 02:18:39,486 - INFO - ======================================================================
2026-08-27 02:18:39,486 - WARNING - ERA5 file missing: ../../../sduan/pipeline/data/processed/era5_1996.nc
2026-08-27 02:18:39,486 - INFO - 
2026-08-27 02:18:39,486 - INFO - ======================================================================
2026-08-27 02:18:39,486 - INFO - PROCESSING 1997
2026-08-27 02:18:39,486 - INFO - ======================================================================
2026-08-27 02:18:39,486 - WARNING - ERA5 file missing: ../../../sduan/pipeline/data/processed/era5_1997.nc
2026-08-27 02:18:39,486 - INFO - 
2026-08-27 02:18:39,486 - INFO - ======================================================================
2026-08-27 02:18:39,486 - INFO - PROCESSING 1998
2026-08-27 02:18:39,487 - INFO - ======================================================================
2026-08-27 02:18:39,487 - WARNING - ERA5 file missing: ../../../sduan/pipeline/data/processed/era5_1998.nc
2026-08-27 02:18:39,487 - INFO - 
2026-08-27 02:18:39,487 - INFO - ======================================================================
2026-08-27 02:18:39,487 - INFO - PROCESSING 1999
2026-08-27 02:18:39,487 - INFO - ======================================================================
2026-08-27 02:18:39,487 - WARNING - ERA5 file missing: ../../../sduan/pipeline/data/processed/era5_1999.nc
2026-08-27 02:18:39,487 - INFO - 
2026-08-27 02:18:39,487 - INFO - ======================================================================
2026-08-27 02:18:39,487 - INFO - PROCESSING 2000
2026-08-27 02:18:39,487 - INFO - ======================================================================
2026-08-27 02:18:39,487 - WARNING - ERA5 file missing: ../../../sduan/pipeline/data/processed/era5_2000.nc
2026-08-27 02:18:39,487 - INFO - 
2026-08-27 02:18:39,487 - INFO - ======================================================================
2026-08-27 02:18:39,487 - INFO - PROCESSING 2001
2026-08-27 02:18:39,487 - INFO - ======================================================================
2026-08-27 02:18:39,487 - WARNING - ERA5 file missing: ../../../sduan/pipeline/data/processed/era5_2001.nc
2026-08-27 02:18:39,487 - INFO - 
2026-08-27 02:18:39,487 - INFO - ======================================================================
2026-08-27 02:18:39,487 - INFO - PROCESSING 2002
2026-08-27 02:18:39,487 - INFO - ======================================================================
2026-08-27 02:18:39,487 - WARNING - ERA5 file missing: ../../../sduan/pipeline/data/processed/era5_2002.nc
2026-08-27 02:18:39,487 - INFO - 
2026-08-27 02:18:39,487 - INFO - ======================================================================
2026-08-27 02:18:39,487 - INFO - PROCESSING 2003
2026-08-27 02:18:39,487 - INFO - ======================================================================
2026-08-27 02:18:39,488 - WARNING - ERA5 file missing: ../../../sduan/pipeline/data/processed/era5_2003.nc
2026-08-27 02:18:39,488 - INFO - 
2026-08-27 02:18:39,488 - INFO - ======================================================================
2026-08-27 02:18:39,488 - INFO - PROCESSING 2004
2026-08-27 02:18:39,488 - INFO - ======================================================================
2026-08-27 02:18:39,488 - WARNING - ERA5 file missing: ../../../sduan/pipeline/data/processed/era5_2004.nc
2026-08-27 02:18:39,488 - INFO - 
2026-08-27 02:18:39,488 - INFO - ======================================================================
2026-08-27 02:18:39,488 - INFO - PROCESSING 2005
2026-08-27 02:18:39,488 - INFO - ======================================================================
2026-08-27 02:18:39,488 - WARNING - ERA5 file missing: ../../../sduan/pipeline/data/processed/era5_2005.nc
2026-08-27 02:18:39,488 - INFO - 
2026-08-27 02:18:39,488 - INFO - ======================================================================
2026-08-27 02:18:39,488 - INFO - PROCESSING 2006
2026-08-27 02:18:39,488 - INFO - ======================================================================
2026-08-27 02:18:39,488 - WARNING - ERA5 file missing: ../../../sduan/pipeline/data/processed/era5_2006.nc
2026-08-27 02:18:39,488 - INFO - 
2026-08-27 02:18:39,488 - INFO - ======================================================================
2026-08-27 02:18:39,488 - INFO - PROCESSING 2007
2026-08-27 02:18:39,488 - INFO - ======================================================================
2026-08-27 02:18:39,488 - WARNING - ERA5 file missing: ../../../sduan/pipeline/data/processed/era5_2007.nc
2026-08-27 02:18:39,488 - INFO - 
2026-08-27 02:18:39,488 - INFO - ======================================================================
2026-08-27 02:18:39,488 - INFO - PROCESSING 2008
2026-08-27 02:18:39,488 - INFO - ======================================================================
2026-08-27 02:18:39,488 - WARNING - ERA5 file missing: ../../../sduan/pipeline/data/processed/era5_2008.nc
2026-08-27 02:18:39,489 - INFO - 
2026-08-27 02:18:39,489 - INFO - ======================================================================
2026-08-27 02:18:39,489 - INFO - PROCESSING 2009
2026-08-27 02:18:39,489 - INFO - ======================================================================
2026-08-27 02:18:39,489 - WARNING - ERA5 file missing: ../../../sduan/pipeline/data/processed/era5_2009.nc
2026-08-27 02:18:39,489 - INFO - 
2026-08-27 02:18:39,489 - INFO - ======================================================================
2026-08-27 02:18:39,489 - INFO - PROCESSING 2010
2026-08-27 02:18:39,489 - INFO - ======================================================================
2026-08-27 02:18:39,489 - WARNING - ERA5 file missing: ../../../sduan/pipeline/data/processed/era5_2010.nc
2026-08-27 02:18:39,489 - INFO - 
2026-08-27 02:18:39,489 - INFO - ======================================================================
2026-08-27 02:18:39,489 - INFO - PROCESSING 2011
2026-08-27 02:18:39,489 - INFO - ======================================================================
2026-08-27 02:18:39,489 - WARNING - ERA5 file missing: ../../../sduan/pipeline/data/processed/era5_2011.nc
2026-08-27 02:18:39,489 - INFO - 
2026-08-27 02:18:39,489 - INFO - ======================================================================
2026-08-27 02:18:39,489 - INFO - PROCESSING 2012
2026-08-27 02:18:39,489 - INFO - ======================================================================
2026-08-27 02:18:39,489 - WARNING - ERA5 file missing: ../../../sduan/pipeline/data/processed/era5_2012.nc
2026-08-27 02:18:39,489 - INFO - 
2026-08-27 02:18:39,489 - INFO - ======================================================================
2026-08-27 02:18:39,489 - INFO - PROCESSING 2013
2026-08-27 02:18:39,489 - INFO - ======================================================================
2026-08-27 02:18:39,489 - WARNING - ERA5 file missing: ../../../sduan/pipeline/data/processed/era5_2013.nc
2026-08-27 02:18:39,489 - INFO - 
2026-08-27 02:18:39,489 - INFO - ======================================================================
2026-08-27 02:18:39,490 - INFO - PROCESSING 2014
2026-08-27 02:18:39,490 - INFO - ======================================================================
2026-08-27 02:18:39,490 - WARNING - ERA5 file missing: ../../../sduan/pipeline/data/processed/era5_2014.nc
2026-08-27 02:18:39,490 - INFO - 
2026-08-27 02:18:39,490 - INFO - ======================================================================
2026-08-27 02:18:39,490 - INFO - PROCESSING 2015
2026-08-27 02:18:39,490 - INFO - ======================================================================
2026-08-27 02:18:39,490 - WARNING - ERA5 file missing: ../../../sduan/pipeline/data/processed/era5_2015.nc
2026-08-27 02:18:39,490 - INFO - 
2026-08-27 02:18:39,490 - INFO - ======================================================================
2026-08-27 02:18:39,490 - INFO - PROCESSING 2016
2026-08-27 02:18:39,490 - INFO - ======================================================================
2026-08-27 02:18:39,490 - WARNING - ERA5 file missing: ../../../sduan/pipeline/data/processed/era5_2016.nc
2026-08-27 02:18:39,490 - INFO - 
2026-08-27 02:18:39,490 - INFO - ======================================================================
2026-08-27 02:18:39,490 - INFO - PROCESSING 2017
2026-08-27 02:18:39,490 - INFO - ======================================================================
2026-08-27 02:18:39,490 - WARNING - ERA5 file missing: ../../../sduan/pipeline/data/processed/era5_2017.nc
2026-08-27 02:18:39,490 - INFO - 
2026-08-27 02:18:39,490 - INFO - ======================================================================
2026-08-27 02:18:39,490 - INFO - PROCESSING 2018
2026-08-27 02:18:39,490 - INFO - ======================================================================
2026-08-27 02:18:39,490 - WARNING - ERA5 file missing: ../../../sduan/pipeline/data/processed/era5_2018.nc
2026-08-27 02:18:39,490 - INFO - 
2026-08-27 02:18:39,490 - INFO - ======================================================================
2026-08-27 02:18:39,490 - INFO - PROCESSING 2019
2026-08-27 02:18:39,490 - INFO - ======================================================================
2026-08-27 02:18:39,491 - WARNING - ERA5 file missing: ../../../sduan/pipeline/data/processed/era5_2019.nc
2026-08-27 02:18:39,491 - INFO - 
2026-08-27 02:18:39,491 - INFO - ======================================================================
2026-08-27 02:18:39,491 - INFO - PROCESSING 2020
2026-08-27 02:18:39,491 - INFO - ======================================================================
2026-08-27 02:18:39,491 - WARNING - ERA5 file missing: ../../../sduan/pipeline/data/processed/era5_2020.nc
2026-08-27 02:18:39,491 - INFO - 
2026-08-27 02:18:39,491 - INFO - ======================================================================
2026-08-27 02:18:39,491 - INFO - PROCESSING COMPLETE
2026-08-27 02:18:39,491 - INFO - ======================================================================
2026-08-27 02:18:39,491 - INFO - Successful years: 0
2026-08-27 02:18:39,491 - INFO - Failed/skipped years: 41
2026-08-27 02:18:39,491 - INFO - Failed years: [1980, 1981, 1982, 1983, 1984, 1985, 1986, 1987, 1988, 1989, 1990, 1991, 1992, 1993, 1994, 1995, 1996, 1997, 1998, 1999, 2000, 2001, 2002, 2003, 2004, 2005, 2006, 2007, 2008, 2009, 2010, 2011, 2012, 2013, 2014, 2015, 2016, 2017, 2018, 2019, 2020]
2026-08-27 02:18:39,491 - INFO - Output directory: comparison_metrics
2026-08-27 02:18:39,491 - INFO - ======================================================================
2026-08-27 02:20:16,969 - INFO - 
2026-08-27 02:20:16,969 - INFO - ======================================================================
2026-08-27 02:20:16,969 - INFO - ERA5 vs CONUS404 QUANTITATIVE VALIDATION
2026-08-27 02:20:16,969 - INFO - ======================================================================
2026-08-27 02:20:16,969 - INFO - 
2026-08-27 02:20:16,970 - INFO - ======================================================================
2026-08-27 02:20:16,970 - INFO - PROCESSING 1980
2026-08-27 02:20:16,970 - INFO - ======================================================================
2026-08-27 02:20:16,970 - WARNING - ERA5 file missing: ../../../sduan/pipeline/data/processed/yearly/era5_1980.nc
2026-08-27 02:20:16,970 - INFO - 
2026-08-27 02:20:16,970 - INFO - ======================================================================
2026-08-27 02:20:16,970 - INFO - PROCESSING 1981
2026-08-27 02:20:16,970 - INFO - ======================================================================
2026-08-27 02:20:16,970 - WARNING - ERA5 file missing: ../../../sduan/pipeline/data/processed/yearly/era5_1981.nc
2026-08-27 02:20:16,970 - INFO - 
2026-08-27 02:20:16,970 - INFO - ======================================================================
2026-08-27 02:20:16,970 - INFO - PROCESSING 1982
2026-08-27 02:20:16,970 - INFO - ======================================================================
2026-08-27 02:20:16,970 - WARNING - ERA5 file missing: ../../../sduan/pipeline/data/processed/yearly/era5_1982.nc
2026-08-27 02:20:16,970 - INFO - 
2026-08-27 02:20:16,970 - INFO - ======================================================================
2026-08-27 02:20:16,970 - INFO - PROCESSING 1983
2026-08-27 02:20:16,970 - INFO - ======================================================================
2026-08-27 02:20:16,970 - WARNING - ERA5 file missing: ../../../sduan/pipeline/data/processed/yearly/era5_1983.nc
2026-08-27 02:20:16,970 - INFO - 
2026-08-27 02:20:16,970 - INFO - ======================================================================
2026-08-27 02:20:16,970 - INFO - PROCESSING 1984
2026-08-27 02:20:16,970 - INFO - ======================================================================
2026-08-27 02:20:16,971 - WARNING - ERA5 file missing: ../../../sduan/pipeline/data/processed/yearly/era5_1984.nc
2026-08-27 02:20:16,971 - INFO - 
2026-08-27 02:20:16,971 - INFO - ======================================================================
2026-08-27 02:20:16,971 - INFO - PROCESSING 1985
2026-08-27 02:20:16,971 - INFO - ======================================================================
2026-08-27 02:20:16,971 - WARNING - ERA5 file missing: ../../../sduan/pipeline/data/processed/yearly/era5_1985.nc
2026-08-27 02:20:16,971 - INFO - 
2026-08-27 02:20:16,971 - INFO - ======================================================================
2026-08-27 02:20:16,971 - INFO - PROCESSING 1986
2026-08-27 02:20:16,971 - INFO - ======================================================================
2026-08-27 02:20:16,971 - WARNING - ERA5 file missing: ../../../sduan/pipeline/data/processed/yearly/era5_1986.nc
2026-08-27 02:20:16,971 - INFO - 
2026-08-27 02:20:16,971 - INFO - ======================================================================
2026-08-27 02:20:16,971 - INFO - PROCESSING 1987
2026-08-27 02:20:16,971 - INFO - ======================================================================
2026-08-27 02:20:16,971 - WARNING - ERA5 file missing: ../../../sduan/pipeline/data/processed/yearly/era5_1987.nc
2026-08-27 02:20:16,971 - INFO - 
2026-08-27 02:20:16,971 - INFO - ======================================================================
2026-08-27 02:20:16,971 - INFO - PROCESSING 1988
2026-08-27 02:20:16,971 - INFO - ======================================================================
2026-08-27 02:20:16,971 - WARNING - ERA5 file missing: ../../../sduan/pipeline/data/processed/yearly/era5_1988.nc
2026-08-27 02:20:16,971 - INFO - 
2026-08-27 02:20:16,971 - INFO - ======================================================================
2026-08-27 02:20:16,971 - INFO - PROCESSING 1989
2026-08-27 02:20:16,971 - INFO - ======================================================================
2026-08-27 02:20:16,972 - WARNING - ERA5 file missing: ../../../sduan/pipeline/data/processed/yearly/era5_1989.nc
2026-08-27 02:20:16,972 - INFO - 
2026-08-27 02:20:16,972 - INFO - ======================================================================
2026-08-27 02:20:16,972 - INFO - PROCESSING 1990
2026-08-27 02:20:16,972 - INFO - ======================================================================
2026-08-27 02:20:16,972 - WARNING - ERA5 file missing: ../../../sduan/pipeline/data/processed/yearly/era5_1990.nc
2026-08-27 02:20:16,972 - INFO - 
2026-08-27 02:20:16,972 - INFO - ======================================================================
2026-08-27 02:20:16,972 - INFO - PROCESSING 1991
2026-08-27 02:20:16,972 - INFO - ======================================================================
2026-08-27 02:20:16,972 - WARNING - ERA5 file missing: ../../../sduan/pipeline/data/processed/yearly/era5_1991.nc
2026-08-27 02:20:16,972 - INFO - 
2026-08-27 02:20:16,972 - INFO - ======================================================================
2026-08-27 02:20:16,972 - INFO - PROCESSING 1992
2026-08-27 02:20:16,972 - INFO - ======================================================================
2026-08-27 02:20:16,972 - WARNING - ERA5 file missing: ../../../sduan/pipeline/data/processed/yearly/era5_1992.nc
2026-08-27 02:20:16,972 - INFO - 
2026-08-27 02:20:16,972 - INFO - ======================================================================
2026-08-27 02:20:16,972 - INFO - PROCESSING 1993
2026-08-27 02:20:16,972 - INFO - ======================================================================
2026-08-27 02:20:16,972 - WARNING - ERA5 file missing: ../../../sduan/pipeline/data/processed/yearly/era5_1993.nc
2026-08-27 02:20:16,972 - INFO - 
2026-08-27 02:20:16,972 - INFO - ======================================================================
2026-08-27 02:20:16,972 - INFO - PROCESSING 1994
2026-08-27 02:20:16,972 - INFO - ======================================================================
2026-08-27 02:20:16,972 - WARNING - ERA5 file missing: ../../../sduan/pipeline/data/processed/yearly/era5_1994.nc
2026-08-27 02:20:16,973 - INFO - 
2026-08-27 02:20:16,973 - INFO - ======================================================================
2026-08-27 02:20:16,973 - INFO - PROCESSING 1995
2026-08-27 02:20:16,973 - INFO - ======================================================================
2026-08-27 02:20:16,973 - WARNING - ERA5 file missing: ../../../sduan/pipeline/data/processed/yearly/era5_1995.nc
2026-08-27 02:20:16,973 - INFO - 
2026-08-27 02:20:16,973 - INFO - ======================================================================
2026-08-27 02:20:16,973 - INFO - PROCESSING 1996
2026-08-27 02:20:16,973 - INFO - ======================================================================
2026-08-27 02:20:16,973 - WARNING - ERA5 file missing: ../../../sduan/pipeline/data/processed/yearly/era5_1996.nc
2026-08-27 02:20:16,973 - INFO - 
2026-08-27 02:20:16,973 - INFO - ======================================================================
2026-08-27 02:20:16,973 - INFO - PROCESSING 1997
2026-08-27 02:20:16,973 - INFO - ======================================================================
2026-08-27 02:20:16,973 - WARNING - ERA5 file missing: ../../../sduan/pipeline/data/processed/yearly/era5_1997.nc
2026-08-27 02:20:16,973 - INFO - 
2026-08-27 02:20:16,973 - INFO - ======================================================================
2026-08-27 02:20:16,973 - INFO - PROCESSING 1998
2026-08-27 02:20:16,973 - INFO - ======================================================================
2026-08-27 02:20:16,973 - WARNING - ERA5 file missing: ../../../sduan/pipeline/data/processed/yearly/era5_1998.nc
2026-08-27 02:20:16,973 - INFO - 
2026-08-27 02:20:16,973 - INFO - ======================================================================
2026-08-27 02:20:16,973 - INFO - PROCESSING 1999
2026-08-27 02:20:16,973 - INFO - ======================================================================
2026-08-27 02:20:16,973 - WARNING - ERA5 file missing: ../../../sduan/pipeline/data/processed/yearly/era5_1999.nc
2026-08-27 02:20:16,973 - INFO - 
2026-08-27 02:20:16,973 - INFO - ======================================================================
2026-08-27 02:20:16,974 - INFO - PROCESSING 2000
2026-08-27 02:20:16,974 - INFO - ======================================================================
2026-08-27 02:20:16,974 - WARNING - ERA5 file missing: ../../../sduan/pipeline/data/processed/yearly/era5_2000.nc
2026-08-27 02:20:16,974 - INFO - 
2026-08-27 02:20:16,974 - INFO - ======================================================================
2026-08-27 02:20:16,974 - INFO - PROCESSING 2001
2026-08-27 02:20:16,974 - INFO - ======================================================================
2026-08-27 02:20:16,974 - WARNING - ERA5 file missing: ../../../sduan/pipeline/data/processed/yearly/era5_2001.nc
2026-08-27 02:20:16,974 - INFO - 
2026-08-27 02:20:16,974 - INFO - ======================================================================
2026-08-27 02:20:16,974 - INFO - PROCESSING 2002
2026-08-27 02:20:16,974 - INFO - ======================================================================
2026-08-27 02:20:16,974 - WARNING - ERA5 file missing: ../../../sduan/pipeline/data/processed/yearly/era5_2002.nc
2026-08-27 02:20:16,974 - INFO - 
2026-08-27 02:20:16,974 - INFO - ======================================================================
2026-08-27 02:20:16,974 - INFO - PROCESSING 2003
2026-08-27 02:20:16,974 - INFO - ======================================================================
2026-08-27 02:20:16,974 - WARNING - ERA5 file missing: ../../../sduan/pipeline/data/processed/yearly/era5_2003.nc
2026-08-27 02:20:16,974 - INFO - 
2026-08-27 02:20:16,974 - INFO - ======================================================================
2026-08-27 02:20:16,974 - INFO - PROCESSING 2004
2026-08-27 02:20:16,974 - INFO - ======================================================================
2026-08-27 02:20:16,974 - WARNING - ERA5 file missing: ../../../sduan/pipeline/data/processed/yearly/era5_2004.nc
2026-08-27 02:20:16,974 - INFO - 
2026-08-27 02:20:16,974 - INFO - ======================================================================
2026-08-27 02:20:16,974 - INFO - PROCESSING 2005
2026-08-27 02:20:16,975 - INFO - ======================================================================
2026-08-27 02:20:16,975 - WARNING - ERA5 file missing: ../../../sduan/pipeline/data/processed/yearly/era5_2005.nc
2026-08-27 02:20:16,975 - INFO - 
2026-08-27 02:20:16,975 - INFO - ======================================================================
2026-08-27 02:20:16,975 - INFO - PROCESSING 2006
2026-08-27 02:20:16,975 - INFO - ======================================================================
2026-08-27 02:20:16,975 - WARNING - ERA5 file missing: ../../../sduan/pipeline/data/processed/yearly/era5_2006.nc
2026-08-27 02:20:16,975 - INFO - 
2026-08-27 02:20:16,975 - INFO - ======================================================================
2026-08-27 02:20:16,975 - INFO - PROCESSING 2007
2026-08-27 02:20:16,975 - INFO - ======================================================================
2026-08-27 02:20:16,975 - WARNING - ERA5 file missing: ../../../sduan/pipeline/data/processed/yearly/era5_2007.nc
2026-08-27 02:20:16,975 - INFO - 
2026-08-27 02:20:16,975 - INFO - ======================================================================
2026-08-27 02:20:16,975 - INFO - PROCESSING 2008
2026-08-27 02:20:16,975 - INFO - ======================================================================
2026-08-27 02:20:16,975 - WARNING - ERA5 file missing: ../../../sduan/pipeline/data/processed/yearly/era5_2008.nc
2026-08-27 02:20:16,975 - INFO - 
2026-08-27 02:20:16,975 - INFO - ======================================================================
2026-08-27 02:20:16,975 - INFO - PROCESSING 2009
2026-08-27 02:20:16,975 - INFO - ======================================================================
2026-08-27 02:20:16,975 - WARNING - ERA5 file missing: ../../../sduan/pipeline/data/processed/yearly/era5_2009.nc
2026-08-27 02:20:16,975 - INFO - 
2026-08-27 02:20:16,975 - INFO - ======================================================================
2026-08-27 02:20:16,975 - INFO - PROCESSING 2010
2026-08-27 02:20:16,975 - INFO - ======================================================================
2026-08-27 02:20:16,975 - WARNING - ERA5 file missing: ../../../sduan/pipeline/data/processed/yearly/era5_2010.nc
2026-08-27 02:20:16,976 - INFO - 
2026-08-27 02:20:16,976 - INFO - ======================================================================
2026-08-27 02:20:16,976 - INFO - PROCESSING 2011
2026-08-27 02:20:16,976 - INFO - ======================================================================
2026-08-27 02:20:16,976 - WARNING - ERA5 file missing: ../../../sduan/pipeline/data/processed/yearly/era5_2011.nc
2026-08-27 02:20:16,976 - INFO - 
2026-08-27 02:20:16,976 - INFO - ======================================================================
2026-08-27 02:20:16,976 - INFO - PROCESSING 2012
2026-08-27 02:20:16,976 - INFO - ======================================================================
2026-08-27 02:20:16,976 - WARNING - ERA5 file missing: ../../../sduan/pipeline/data/processed/yearly/era5_2012.nc
2026-08-27 02:20:16,976 - INFO - 
2026-08-27 02:20:16,976 - INFO - ======================================================================
2026-08-27 02:20:16,976 - INFO - PROCESSING 2013
2026-08-27 02:20:16,976 - INFO - ======================================================================
2026-08-27 02:20:16,976 - WARNING - ERA5 file missing: ../../../sduan/pipeline/data/processed/yearly/era5_2013.nc
2026-08-27 02:20:16,976 - INFO - 
2026-08-27 02:20:16,976 - INFO - ======================================================================
2026-08-27 02:20:16,976 - INFO - PROCESSING 2014
2026-08-27 02:20:16,976 - INFO - ======================================================================
2026-08-27 02:20:16,976 - WARNING - ERA5 file missing: ../../../sduan/pipeline/data/processed/yearly/era5_2014.nc
2026-08-27 02:20:16,976 - INFO - 
2026-08-27 02:20:16,976 - INFO - ======================================================================
2026-08-27 02:20:16,976 - INFO - PROCESSING 2015
2026-08-27 02:20:16,976 - INFO - ======================================================================
2026-08-27 02:20:16,976 - WARNING - ERA5 file missing: ../../../sduan/pipeline/data/processed/yearly/era5_2015.nc
2026-08-27 02:20:16,976 - INFO - 
2026-08-27 02:20:16,976 - INFO - ======================================================================
2026-08-27 02:20:16,977 - INFO - PROCESSING 2016
2026-08-27 02:20:16,977 - INFO - ======================================================================
2026-08-27 02:20:16,977 - WARNING - ERA5 file missing: ../../../sduan/pipeline/data/processed/yearly/era5_2016.nc
2026-08-27 02:20:16,977 - INFO - 
2026-08-27 02:20:16,977 - INFO - ======================================================================
2026-08-27 02:20:16,977 - INFO - PROCESSING 2017
2026-08-27 02:20:16,977 - INFO - ======================================================================
2026-08-27 02:20:16,977 - WARNING - ERA5 file missing: ../../../sduan/pipeline/data/processed/yearly/era5_2017.nc
2026-08-27 02:20:16,977 - INFO - 
2026-08-27 02:20:16,977 - INFO - ======================================================================
2026-08-27 02:20:16,977 - INFO - PROCESSING 2018
2026-08-27 02:20:16,977 - INFO - ======================================================================
2026-08-27 02:20:16,977 - WARNING - ERA5 file missing: ../../../sduan/pipeline/data/processed/yearly/era5_2018.nc
2026-08-27 02:20:16,977 - INFO - 
2026-08-27 02:20:16,977 - INFO - ======================================================================
2026-08-27 02:20:16,977 - INFO - PROCESSING 2019
2026-08-27 02:20:16,977 - INFO - ======================================================================
2026-08-27 02:20:16,977 - WARNING - ERA5 file missing: ../../../sduan/pipeline/data/processed/yearly/era5_2019.nc
2026-08-27 02:20:16,977 - INFO - 
2026-08-27 02:20:16,978 - INFO - ======================================================================
2026-08-27 02:20:16,978 - INFO - PROCESSING 2020
2026-08-27 02:20:16,978 - INFO - ======================================================================
2026-08-27 02:20:16,978 - WARNING - ERA5 file missing: ../../../sduan/pipeline/data/processed/yearly/era5_2020.nc
2026-08-27 02:20:16,978 - INFO - 
2026-08-27 02:20:16,978 - INFO - ======================================================================
2026-08-27 02:20:16,978 - INFO - PROCESSING COMPLETE
2026-08-27 02:20:16,978 - INFO - ======================================================================
2026-08-27 02:20:16,978 - INFO - Successful years: 0
2026-08-27 02:20:16,978 - INFO - Failed/skipped years: 41
2026-08-27 02:20:16,978 - INFO - Failed years: [1980, 1981, 1982, 1983, 1984, 1985, 1986, 1987, 1988, 1989, 1990, 1991, 1992, 1993, 1994, 1995, 1996, 1997, 1998, 1999, 2000, 2001, 2002, 2003, 2004, 2005, 2006, 2007, 2008, 2009, 2010, 2011, 2012, 2013, 2014, 2015, 2016, 2017, 2018, 2019, 2020]
2026-08-27 02:20:16,978 - INFO - Output directory: comparison_metrics
2026-08-27 02:20:16,978 - INFO - ======================================================================
2026-08-27 02:21:22,340 - INFO - 
2026-08-27 02:21:22,341 - INFO - ======================================================================
2026-08-27 02:21:22,341 - INFO - ERA5 vs CONUS404 QUANTITATIVE VALIDATION
2026-08-27 02:21:22,341 - INFO - ======================================================================
2026-08-27 02:21:22,341 - INFO - 
2026-08-27 02:21:22,341 - INFO - ======================================================================
2026-08-27 02:21:22,341 - INFO - PROCESSING 1980
2026-08-27 02:21:22,341 - INFO - ======================================================================
2026-08-27 02:21:22,341 - WARNING - ERA5 file missing: ../../../sduan/pipeline/data/processed/yearly/era_1980.nc
2026-08-27 02:21:22,341 - INFO - 
2026-08-27 02:21:22,341 - INFO - ======================================================================
2026-08-27 02:21:22,341 - INFO - PROCESSING 1981
2026-08-27 02:21:22,341 - INFO - ======================================================================
2026-08-27 02:21:22,341 - WARNING - ERA5 file missing: ../../../sduan/pipeline/data/processed/yearly/era_1981.nc
2026-08-27 02:21:22,341 - INFO - 
2026-08-27 02:21:22,341 - INFO - ======================================================================
2026-08-27 02:21:22,341 - INFO - PROCESSING 1982
2026-08-27 02:21:22,341 - INFO - ======================================================================
2026-08-27 02:21:22,341 - WARNING - ERA5 file missing: ../../../sduan/pipeline/data/processed/yearly/era_1982.nc
2026-08-27 02:21:22,341 - INFO - 
2026-08-27 02:21:22,341 - INFO - ======================================================================
2026-08-27 02:21:22,341 - INFO - PROCESSING 1983
2026-08-27 02:21:22,342 - INFO - ======================================================================
2026-08-27 02:21:22,342 - WARNING - ERA5 file missing: ../../../sduan/pipeline/data/processed/yearly/era_1983.nc
2026-08-27 02:21:22,342 - INFO - 
2026-08-27 02:21:22,342 - INFO - ======================================================================
2026-08-27 02:21:22,342 - INFO - PROCESSING 1984
2026-08-27 02:21:22,342 - INFO - ======================================================================
2026-08-27 02:21:22,342 - WARNING - ERA5 file missing: ../../../sduan/pipeline/data/processed/yearly/era_1984.nc
2026-08-27 02:21:22,342 - INFO - 
2026-08-27 02:21:22,342 - INFO - ======================================================================
2026-08-27 02:21:22,342 - INFO - PROCESSING 1985
2026-08-27 02:21:22,342 - INFO - ======================================================================
2026-08-27 02:21:22,342 - WARNING - ERA5 file missing: ../../../sduan/pipeline/data/processed/yearly/era_1985.nc
2026-08-27 02:21:22,342 - INFO - 
2026-08-27 02:21:22,342 - INFO - ======================================================================
2026-08-27 02:21:22,342 - INFO - PROCESSING 1986
2026-08-27 02:21:22,342 - INFO - ======================================================================
2026-08-27 02:21:22,342 - WARNING - ERA5 file missing: ../../../sduan/pipeline/data/processed/yearly/era_1986.nc
2026-08-27 02:21:22,342 - INFO - 
2026-08-27 02:21:22,342 - INFO - ======================================================================
2026-08-27 02:21:22,342 - INFO - PROCESSING 1987
2026-08-27 02:21:22,342 - INFO - ======================================================================
2026-08-27 02:21:22,342 - WARNING - ERA5 file missing: ../../../sduan/pipeline/data/processed/yearly/era_1987.nc
2026-08-27 02:21:22,342 - INFO - 
2026-08-27 02:21:22,342 - INFO - ======================================================================
2026-08-27 02:21:22,342 - INFO - PROCESSING 1988
2026-08-27 02:21:22,343 - INFO - ======================================================================
2026-08-27 02:21:22,343 - WARNING - ERA5 file missing: ../../../sduan/pipeline/data/processed/yearly/era_1988.nc
2026-08-27 02:21:22,343 - INFO - 
2026-08-27 02:21:22,343 - INFO - ======================================================================
2026-08-27 02:21:22,343 - INFO - PROCESSING 1989
2026-08-27 02:21:22,343 - INFO - ======================================================================
2026-08-27 02:21:22,343 - WARNING - ERA5 file missing: ../../../sduan/pipeline/data/processed/yearly/era_1989.nc
2026-08-27 02:21:22,343 - INFO - 
2026-08-27 02:21:22,343 - INFO - ======================================================================
2026-08-27 02:21:22,343 - INFO - PROCESSING 1990
2026-08-27 02:21:22,343 - INFO - ======================================================================
2026-08-27 02:21:22,343 - WARNING - ERA5 file missing: ../../../sduan/pipeline/data/processed/yearly/era_1990.nc
2026-08-27 02:21:22,343 - INFO - 
2026-08-27 02:21:22,343 - INFO - ======================================================================
2026-08-27 02:21:22,343 - INFO - PROCESSING 1991
2026-08-27 02:21:22,343 - INFO - ======================================================================
2026-08-27 02:21:22,343 - WARNING - ERA5 file missing: ../../../sduan/pipeline/data/processed/yearly/era_1991.nc
2026-08-27 02:21:22,343 - INFO - 
2026-08-27 02:21:22,343 - INFO - ======================================================================
2026-08-27 02:21:22,343 - INFO - PROCESSING 1992
2026-08-27 02:21:22,343 - INFO - ======================================================================
2026-08-27 02:21:22,343 - WARNING - ERA5 file missing: ../../../sduan/pipeline/data/processed/yearly/era_1992.nc
2026-08-27 02:21:22,343 - INFO - 
2026-08-27 02:21:22,343 - INFO - ======================================================================
2026-08-27 02:21:22,343 - INFO - PROCESSING 1993
2026-08-27 02:21:22,343 - INFO - ======================================================================
2026-08-27 02:21:22,344 - WARNING - ERA5 file missing: ../../../sduan/pipeline/data/processed/yearly/era_1993.nc
2026-08-27 02:21:22,344 - INFO - 
2026-08-27 02:21:22,344 - INFO - ======================================================================
2026-08-27 02:21:22,344 - INFO - PROCESSING 1994
2026-08-27 02:21:22,344 - INFO - ======================================================================
2026-08-27 02:21:22,344 - WARNING - ERA5 file missing: ../../../sduan/pipeline/data/processed/yearly/era_1994.nc
2026-08-27 02:21:22,344 - INFO - 
2026-08-27 02:21:22,344 - INFO - ======================================================================
2026-08-27 02:21:22,344 - INFO - PROCESSING 1995
2026-08-27 02:21:22,344 - INFO - ======================================================================
2026-08-27 02:21:22,344 - WARNING - ERA5 file missing: ../../../sduan/pipeline/data/processed/yearly/era_1995.nc
2026-08-27 02:21:22,344 - INFO - 
2026-08-27 02:21:22,344 - INFO - ======================================================================
2026-08-27 02:21:22,344 - INFO - PROCESSING 1996
2026-08-27 02:21:22,344 - INFO - ======================================================================
2026-08-27 02:21:22,344 - WARNING - ERA5 file missing: ../../../sduan/pipeline/data/processed/yearly/era_1996.nc
2026-08-27 02:21:22,344 - INFO - 
2026-08-27 02:21:22,344 - INFO - ======================================================================
2026-08-27 02:21:22,344 - INFO - PROCESSING 1997
2026-08-27 02:21:22,344 - INFO - ======================================================================
2026-08-27 02:21:22,344 - WARNING - ERA5 file missing: ../../../sduan/pipeline/data/processed/yearly/era_1997.nc
2026-08-27 02:21:22,344 - INFO - 
2026-08-27 02:21:22,344 - INFO - ======================================================================
2026-08-27 02:21:22,344 - INFO - PROCESSING 1998
2026-08-27 02:21:22,344 - INFO - ======================================================================
2026-08-27 02:21:22,344 - WARNING - ERA5 file missing: ../../../sduan/pipeline/data/processed/yearly/era_1998.nc
2026-08-27 02:21:22,345 - INFO - 
2026-08-27 02:21:22,345 - INFO - ======================================================================
2026-08-27 02:21:22,345 - INFO - PROCESSING 1999
2026-08-27 02:21:22,345 - INFO - ======================================================================
2026-08-27 02:21:22,345 - WARNING - ERA5 file missing: ../../../sduan/pipeline/data/processed/yearly/era_1999.nc
2026-08-27 02:21:22,345 - INFO - 
2026-08-27 02:21:22,345 - INFO - ======================================================================
2026-08-27 02:21:22,345 - INFO - PROCESSING 2000
2026-08-27 02:21:22,345 - INFO - ======================================================================
2026-08-27 02:21:22,345 - WARNING - ERA5 file missing: ../../../sduan/pipeline/data/processed/yearly/era_2000.nc
2026-08-27 02:21:22,345 - INFO - 
2026-08-27 02:21:22,345 - INFO - ======================================================================
2026-08-27 02:21:22,345 - INFO - PROCESSING 2001
2026-08-27 02:21:22,345 - INFO - ======================================================================
2026-08-27 02:21:22,345 - WARNING - ERA5 file missing: ../../../sduan/pipeline/data/processed/yearly/era_2001.nc
2026-08-27 02:21:22,345 - INFO - 
2026-08-27 02:21:22,345 - INFO - ======================================================================
2026-08-27 02:21:22,345 - INFO - PROCESSING 2002
2026-08-27 02:21:22,345 - INFO - ======================================================================
2026-08-27 02:21:22,345 - WARNING - ERA5 file missing: ../../../sduan/pipeline/data/processed/yearly/era_2002.nc
2026-08-27 02:21:22,345 - INFO - 
2026-08-27 02:21:22,345 - INFO - ======================================================================
2026-08-27 02:21:22,345 - INFO - PROCESSING 2003
2026-08-27 02:21:22,345 - INFO - ======================================================================
2026-08-27 02:21:22,345 - WARNING - ERA5 file missing: ../../../sduan/pipeline/data/processed/yearly/era_2003.nc
2026-08-27 02:21:22,346 - INFO - 
2026-08-27 02:21:22,346 - INFO - ======================================================================
2026-08-27 02:21:22,346 - INFO - PROCESSING 2004
2026-08-27 02:21:22,346 - INFO - ======================================================================
2026-08-27 02:21:22,346 - WARNING - ERA5 file missing: ../../../sduan/pipeline/data/processed/yearly/era_2004.nc
2026-08-27 02:21:22,346 - INFO - 
2026-08-27 02:21:22,346 - INFO - ======================================================================
2026-08-27 02:21:22,346 - INFO - PROCESSING 2005
2026-08-27 02:21:22,346 - INFO - ======================================================================
2026-08-27 02:21:22,346 - WARNING - ERA5 file missing: ../../../sduan/pipeline/data/processed/yearly/era_2005.nc
2026-08-27 02:21:22,346 - INFO - 
2026-08-27 02:21:22,346 - INFO - ======================================================================
2026-08-27 02:21:22,346 - INFO - PROCESSING 2006
2026-08-27 02:21:22,346 - INFO - ======================================================================
2026-08-27 02:21:22,346 - WARNING - ERA5 file missing: ../../../sduan/pipeline/data/processed/yearly/era_2006.nc
2026-08-27 02:21:22,346 - INFO - 
2026-08-27 02:21:22,346 - INFO - ======================================================================
2026-08-27 02:21:22,346 - INFO - PROCESSING 2007
2026-08-27 02:21:22,346 - INFO - ======================================================================
2026-08-27 02:21:22,346 - WARNING - ERA5 file missing: ../../../sduan/pipeline/data/processed/yearly/era_2007.nc
2026-08-27 02:21:22,346 - INFO - 
2026-08-27 02:21:22,346 - INFO - ======================================================================
2026-08-27 02:21:22,346 - INFO - PROCESSING 2008
2026-08-27 02:21:22,346 - INFO - ======================================================================
2026-08-27 02:21:22,346 - WARNING - ERA5 file missing: ../../../sduan/pipeline/data/processed/yearly/era_2008.nc
2026-08-27 02:21:22,346 - INFO - 
2026-08-27 02:21:22,347 - INFO - ======================================================================
2026-08-27 02:21:22,347 - INFO - PROCESSING 2009
2026-08-27 02:21:22,347 - INFO - ======================================================================
2026-08-27 02:21:22,347 - WARNING - ERA5 file missing: ../../../sduan/pipeline/data/processed/yearly/era_2009.nc
2026-08-27 02:21:22,347 - INFO - 
2026-08-27 02:21:22,347 - INFO - ======================================================================
2026-08-27 02:21:22,347 - INFO - PROCESSING 2010
2026-08-27 02:21:22,347 - INFO - ======================================================================
2026-08-27 02:21:22,347 - WARNING - ERA5 file missing: ../../../sduan/pipeline/data/processed/yearly/era_2010.nc
2026-08-27 02:21:22,347 - INFO - 
2026-08-27 02:21:22,347 - INFO - ======================================================================
2026-08-27 02:21:22,347 - INFO - PROCESSING 2011
2026-08-27 02:21:22,347 - INFO - ======================================================================
2026-08-27 02:21:22,347 - WARNING - ERA5 file missing: ../../../sduan/pipeline/data/processed/yearly/era_2011.nc
2026-08-27 02:21:22,347 - INFO - 
2026-08-27 02:21:22,347 - INFO - ======================================================================
2026-08-27 02:21:22,347 - INFO - PROCESSING 2012
2026-08-27 02:21:22,347 - INFO - ======================================================================
2026-08-27 02:21:22,347 - WARNING - ERA5 file missing: ../../../sduan/pipeline/data/processed/yearly/era_2012.nc
2026-08-27 02:21:22,347 - INFO - 
2026-08-27 02:21:22,347 - INFO - ======================================================================
2026-08-27 02:21:22,347 - INFO - PROCESSING 2013
2026-08-27 02:21:22,347 - INFO - ======================================================================
2026-08-27 02:21:22,347 - WARNING - ERA5 file missing: ../../../sduan/pipeline/data/processed/yearly/era_2013.nc
2026-08-27 02:21:22,347 - INFO - 
2026-08-27 02:21:22,347 - INFO - ======================================================================
2026-08-27 02:21:22,348 - INFO - PROCESSING 2014
2026-08-27 02:21:22,348 - INFO - ======================================================================
2026-08-27 02:21:22,348 - WARNING - ERA5 file missing: ../../../sduan/pipeline/data/processed/yearly/era_2014.nc
2026-08-27 02:21:22,348 - INFO - 
2026-08-27 02:21:22,348 - INFO - ======================================================================
2026-08-27 02:21:22,348 - INFO - PROCESSING 2015
2026-08-27 02:21:22,348 - INFO - ======================================================================
2026-08-27 02:21:22,348 - WARNING - ERA5 file missing: ../../../sduan/pipeline/data/processed/yearly/era_2015.nc
2026-08-27 02:21:22,348 - INFO - 
2026-08-27 02:21:22,348 - INFO - ======================================================================
2026-08-27 02:21:22,348 - INFO - PROCESSING 2016
2026-08-27 02:21:22,348 - INFO - ======================================================================
2026-08-27 02:21:22,348 - WARNING - ERA5 file missing: ../../../sduan/pipeline/data/processed/yearly/era_2016.nc
2026-08-27 02:21:22,348 - INFO - 
2026-08-27 02:21:22,348 - INFO - ======================================================================
2026-08-27 02:21:22,348 - INFO - PROCESSING 2017
2026-08-27 02:21:22,348 - INFO - ======================================================================
2026-08-27 02:21:22,348 - WARNING - ERA5 file missing: ../../../sduan/pipeline/data/processed/yearly/era_2017.nc
2026-08-27 02:21:22,348 - INFO - 
2026-08-27 02:21:22,348 - INFO - ======================================================================
2026-08-27 02:21:22,348 - INFO - PROCESSING 2018
2026-08-27 02:21:22,348 - INFO - ======================================================================
2026-08-27 02:21:22,348 - WARNING - ERA5 file missing: ../../../sduan/pipeline/data/processed/yearly/era_2018.nc
2026-08-27 02:21:22,348 - INFO - 
2026-08-27 02:21:22,348 - INFO - ======================================================================
2026-08-27 02:21:22,348 - INFO - PROCESSING 2019
2026-08-27 02:21:22,348 - INFO - ======================================================================
2026-08-27 02:21:22,349 - WARNING - ERA5 file missing: ../../../sduan/pipeline/data/processed/yearly/era_2019.nc
2026-08-27 02:21:22,349 - INFO - 
2026-08-27 02:21:22,349 - INFO - ======================================================================
2026-08-27 02:21:22,349 - INFO - PROCESSING 2020
2026-08-27 02:21:22,349 - INFO - ======================================================================
2026-08-27 02:21:22,349 - WARNING - ERA5 file missing: ../../../sduan/pipeline/data/processed/yearly/era_2020.nc
2026-08-27 02:21:22,349 - INFO - 
2026-08-27 02:21:22,349 - INFO - ======================================================================
2026-08-27 02:21:22,349 - INFO - PROCESSING COMPLETE
2026-08-27 02:21:22,349 - INFO - ======================================================================
2026-08-27 02:21:22,349 - INFO - Successful years: 0
2026-08-27 02:21:22,349 - INFO - Failed/skipped years: 41
2026-08-27 02:21:22,349 - INFO - Failed years: [1980, 1981, 1982, 1983, 1984, 1985, 1986, 1987, 1988, 1989, 1990, 1991, 1992, 1993, 1994, 1995, 1996, 1997, 1998, 1999, 2000, 2001, 2002, 2003, 2004, 2005, 2006, 2007, 2008, 2009, 2010, 2011, 2012, 2013, 2014, 2015, 2016, 2017, 2018, 2019, 2020]
2026-08-27 02:21:22,349 - INFO - Output directory: comparison_metrics
2026-08-27 02:21:22,349 - INFO - ======================================================================
2026-08-27 02:23:20,952 - INFO - 
2026-08-27 02:23:20,952 - INFO - ======================================================================
2026-08-27 02:23:20,952 - INFO - ERA5 vs CONUS404 QUANTITATIVE VALIDATION
2026-08-27 02:23:20,952 - INFO - ======================================================================
2026-08-27 02:23:20,952 - INFO - 
2026-08-27 02:23:20,952 - INFO - ======================================================================
2026-08-27 02:23:20,952 - INFO - PROCESSING 1980
2026-08-27 02:23:20,952 - INFO - ======================================================================
2026-08-27 02:23:20,952 - WARNING - ERA5 file missing: ../..//pipeline/data/processed/yearly/era_51980.nc
2026-08-27 02:23:20,952 - INFO - 
2026-08-27 02:23:20,952 - INFO - ======================================================================
2026-08-27 02:23:20,952 - INFO - PROCESSING 1981
2026-08-27 02:23:20,952 - INFO - ======================================================================
2026-08-27 02:23:20,952 - WARNING - ERA5 file missing: ../..//pipeline/data/processed/yearly/era_51981.nc
2026-08-27 02:23:20,952 - INFO - 
2026-08-27 02:23:20,952 - INFO - ======================================================================
2026-08-27 02:23:20,953 - INFO - PROCESSING 1982
2026-08-27 02:23:20,953 - INFO - ======================================================================
2026-08-27 02:23:20,953 - WARNING - ERA5 file missing: ../..//pipeline/data/processed/yearly/era_51982.nc
2026-08-27 02:23:20,953 - INFO - 
2026-08-27 02:23:20,953 - INFO - ======================================================================
2026-08-27 02:23:20,953 - INFO - PROCESSING 1983
2026-08-27 02:23:20,953 - INFO - ======================================================================
2026-08-27 02:23:20,953 - WARNING - ERA5 file missing: ../..//pipeline/data/processed/yearly/era_51983.nc
2026-08-27 02:23:20,953 - INFO - 
2026-08-27 02:23:20,953 - INFO - ======================================================================
2026-08-27 02:23:20,953 - INFO - PROCESSING 1984
2026-08-27 02:23:20,953 - INFO - ======================================================================
2026-08-27 02:23:20,953 - WARNING - ERA5 file missing: ../..//pipeline/data/processed/yearly/era_51984.nc
2026-08-27 02:23:20,953 - INFO - 
2026-08-27 02:23:20,953 - INFO - ======================================================================
2026-08-27 02:23:20,953 - INFO - PROCESSING 1985
2026-08-27 02:23:20,953 - INFO - ======================================================================
2026-08-27 02:23:20,953 - WARNING - ERA5 file missing: ../..//pipeline/data/processed/yearly/era_51985.nc
2026-08-27 02:23:20,953 - INFO - 
2026-08-27 02:23:20,953 - INFO - ======================================================================
2026-08-27 02:23:20,953 - INFO - PROCESSING 1986
2026-08-27 02:23:20,953 - INFO - ======================================================================
2026-08-27 02:23:20,953 - WARNING - ERA5 file missing: ../..//pipeline/data/processed/yearly/era_51986.nc
2026-08-27 02:23:20,953 - INFO - 
2026-08-27 02:23:20,953 - INFO - ======================================================================
2026-08-27 02:23:20,954 - INFO - PROCESSING 1987
2026-08-27 02:23:20,954 - INFO - ======================================================================
2026-08-27 02:23:20,954 - WARNING - ERA5 file missing: ../..//pipeline/data/processed/yearly/era_51987.nc
2026-08-27 02:23:20,954 - INFO - 
2026-08-27 02:23:20,954 - INFO - ======================================================================
2026-08-27 02:23:20,954 - INFO - PROCESSING 1988
2026-08-27 02:23:20,954 - INFO - ======================================================================
2026-08-27 02:23:20,954 - WARNING - ERA5 file missing: ../..//pipeline/data/processed/yearly/era_51988.nc
2026-08-27 02:23:20,954 - INFO - 
2026-08-27 02:23:20,954 - INFO - ======================================================================
2026-08-27 02:23:20,954 - INFO - PROCESSING 1989
2026-08-27 02:23:20,954 - INFO - ======================================================================
2026-08-27 02:23:20,954 - WARNING - ERA5 file missing: ../..//pipeline/data/processed/yearly/era_51989.nc
2026-08-27 02:23:20,954 - INFO - 
2026-08-27 02:23:20,954 - INFO - ======================================================================
2026-08-27 02:23:20,954 - INFO - PROCESSING 1990
2026-08-27 02:23:20,954 - INFO - ======================================================================
2026-08-27 02:23:20,954 - WARNING - ERA5 file missing: ../..//pipeline/data/processed/yearly/era_51990.nc
2026-08-27 02:23:20,954 - INFO - 
2026-08-27 02:23:20,954 - INFO - ======================================================================
2026-08-27 02:23:20,954 - INFO - PROCESSING 1991
2026-08-27 02:23:20,954 - INFO - ======================================================================
2026-08-27 02:23:20,954 - WARNING - ERA5 file missing: ../..//pipeline/data/processed/yearly/era_51991.nc
2026-08-27 02:23:20,954 - INFO - 
2026-08-27 02:23:20,954 - INFO - ======================================================================
2026-08-27 02:23:20,954 - INFO - PROCESSING 1992
2026-08-27 02:23:20,955 - INFO - ======================================================================
2026-08-27 02:23:20,955 - WARNING - ERA5 file missing: ../..//pipeline/data/processed/yearly/era_51992.nc
2026-08-27 02:23:20,955 - INFO - 
2026-08-27 02:23:20,955 - INFO - ======================================================================
2026-08-27 02:23:20,955 - INFO - PROCESSING 1993
2026-08-27 02:23:20,955 - INFO - ======================================================================
2026-08-27 02:23:20,955 - WARNING - ERA5 file missing: ../..//pipeline/data/processed/yearly/era_51993.nc
2026-08-27 02:23:20,955 - INFO - 
2026-08-27 02:23:20,955 - INFO - ======================================================================
2026-08-27 02:23:20,955 - INFO - PROCESSING 1994
2026-08-27 02:23:20,955 - INFO - ======================================================================
2026-08-27 02:23:20,955 - WARNING - ERA5 file missing: ../..//pipeline/data/processed/yearly/era_51994.nc
2026-08-27 02:23:20,955 - INFO - 
2026-08-27 02:23:20,955 - INFO - ======================================================================
2026-08-27 02:23:20,955 - INFO - PROCESSING 1995
2026-08-27 02:23:20,955 - INFO - ======================================================================
2026-08-27 02:23:20,955 - WARNING - ERA5 file missing: ../..//pipeline/data/processed/yearly/era_51995.nc
2026-08-27 02:23:20,955 - INFO - 
2026-08-27 02:23:20,955 - INFO - ======================================================================
2026-08-27 02:23:20,955 - INFO - PROCESSING 1996
2026-08-27 02:23:20,955 - INFO - ======================================================================
2026-08-27 02:23:20,955 - WARNING - ERA5 file missing: ../..//pipeline/data/processed/yearly/era_51996.nc
2026-08-27 02:23:20,955 - INFO - 
2026-08-27 02:23:20,955 - INFO - ======================================================================
2026-08-27 02:23:20,955 - INFO - PROCESSING 1997
2026-08-27 02:23:20,955 - INFO - ======================================================================
2026-08-27 02:23:20,956 - WARNING - ERA5 file missing: ../..//pipeline/data/processed/yearly/era_51997.nc
2026-08-27 02:23:20,956 - INFO - 
2026-08-27 02:23:20,956 - INFO - ======================================================================
2026-08-27 02:23:20,956 - INFO - PROCESSING 1998
2026-08-27 02:23:20,956 - INFO - ======================================================================
2026-08-27 02:23:20,956 - WARNING - ERA5 file missing: ../..//pipeline/data/processed/yearly/era_51998.nc
2026-08-27 02:23:20,956 - INFO - 
2026-08-27 02:23:20,956 - INFO - ======================================================================
2026-08-27 02:23:20,956 - INFO - PROCESSING 1999
2026-08-27 02:23:20,956 - INFO - ======================================================================
2026-08-27 02:23:20,956 - WARNING - ERA5 file missing: ../..//pipeline/data/processed/yearly/era_51999.nc
2026-08-27 02:23:20,956 - INFO - 
2026-08-27 02:23:20,956 - INFO - ======================================================================
2026-08-27 02:23:20,956 - INFO - PROCESSING 2000
2026-08-27 02:23:20,956 - INFO - ======================================================================
2026-08-27 02:23:20,956 - WARNING - ERA5 file missing: ../..//pipeline/data/processed/yearly/era_52000.nc
2026-08-27 02:23:20,956 - INFO - 
2026-08-27 02:23:20,956 - INFO - ======================================================================
2026-08-27 02:23:20,956 - INFO - PROCESSING 2001
2026-08-27 02:23:20,956 - INFO - ======================================================================
2026-08-27 02:23:20,956 - WARNING - ERA5 file missing: ../..//pipeline/data/processed/yearly/era_52001.nc
2026-08-27 02:23:20,956 - INFO - 
2026-08-27 02:23:20,956 - INFO - ======================================================================
2026-08-27 02:23:20,956 - INFO - PROCESSING 2002
2026-08-27 02:23:20,956 - INFO - ======================================================================
2026-08-27 02:23:20,956 - WARNING - ERA5 file missing: ../..//pipeline/data/processed/yearly/era_52002.nc
2026-08-27 02:23:20,957 - INFO - 
2026-08-27 02:23:20,957 - INFO - ======================================================================
2026-08-27 02:23:20,957 - INFO - PROCESSING 2003
2026-08-27 02:23:20,957 - INFO - ======================================================================
2026-08-27 02:23:20,957 - WARNING - ERA5 file missing: ../..//pipeline/data/processed/yearly/era_52003.nc
2026-08-27 02:23:20,957 - INFO - 
2026-08-27 02:23:20,957 - INFO - ======================================================================
2026-08-27 02:23:20,957 - INFO - PROCESSING 2004
2026-08-27 02:23:20,957 - INFO - ======================================================================
2026-08-27 02:23:20,957 - WARNING - ERA5 file missing: ../..//pipeline/data/processed/yearly/era_52004.nc
2026-08-27 02:23:20,957 - INFO - 
2026-08-27 02:23:20,957 - INFO - ======================================================================
2026-08-27 02:23:20,957 - INFO - PROCESSING 2005
2026-08-27 02:23:20,957 - INFO - ======================================================================
2026-08-27 02:23:20,957 - WARNING - ERA5 file missing: ../..//pipeline/data/processed/yearly/era_52005.nc
2026-08-27 02:23:20,957 - INFO - 
2026-08-27 02:23:20,957 - INFO - ======================================================================
2026-08-27 02:23:20,957 - INFO - PROCESSING 2006
2026-08-27 02:23:20,957 - INFO - ======================================================================
2026-08-27 02:23:20,957 - WARNING - ERA5 file missing: ../..//pipeline/data/processed/yearly/era_52006.nc
2026-08-27 02:23:20,957 - INFO - 
2026-08-27 02:23:20,957 - INFO - ======================================================================
2026-08-27 02:23:20,957 - INFO - PROCESSING 2007
2026-08-27 02:23:20,957 - INFO - ======================================================================
2026-08-27 02:23:20,957 - WARNING - ERA5 file missing: ../..//pipeline/data/processed/yearly/era_52007.nc
2026-08-27 02:23:20,957 - INFO - 
2026-08-27 02:23:20,957 - INFO - ======================================================================
2026-08-27 02:23:20,958 - INFO - PROCESSING 2008
2026-08-27 02:23:20,958 - INFO - ======================================================================
2026-08-27 02:23:20,958 - WARNING - ERA5 file missing: ../..//pipeline/data/processed/yearly/era_52008.nc
2026-08-27 02:23:20,958 - INFO - 
2026-08-27 02:23:20,958 - INFO - ======================================================================
2026-08-27 02:23:20,958 - INFO - PROCESSING 2009
2026-08-27 02:23:20,958 - INFO - ======================================================================
2026-08-27 02:23:20,958 - WARNING - ERA5 file missing: ../..//pipeline/data/processed/yearly/era_52009.nc
2026-08-27 02:23:20,958 - INFO - 
2026-08-27 02:23:20,958 - INFO - ======================================================================
2026-08-27 02:23:20,958 - INFO - PROCESSING 2010
2026-08-27 02:23:20,958 - INFO - ======================================================================
2026-08-27 02:23:20,958 - WARNING - ERA5 file missing: ../..//pipeline/data/processed/yearly/era_52010.nc
2026-08-27 02:23:20,958 - INFO - 
2026-08-27 02:23:20,958 - INFO - ======================================================================
2026-08-27 02:23:20,958 - INFO - PROCESSING 2011
2026-08-27 02:23:20,958 - INFO - ======================================================================
2026-08-27 02:23:20,958 - WARNING - ERA5 file missing: ../..//pipeline/data/processed/yearly/era_52011.nc
2026-08-27 02:23:20,958 - INFO - 
2026-08-27 02:23:20,958 - INFO - ======================================================================
2026-08-27 02:23:20,959 - INFO - PROCESSING 2012
2026-08-27 02:23:20,959 - INFO - ======================================================================
2026-08-27 02:23:20,959 - WARNING - ERA5 file missing: ../..//pipeline/data/processed/yearly/era_52012.nc
2026-08-27 02:23:20,959 - INFO - 
2026-08-27 02:23:20,959 - INFO - ======================================================================
2026-08-27 02:23:20,959 - INFO - PROCESSING 2013
2026-08-27 02:23:20,959 - INFO - ======================================================================
2026-08-27 02:23:20,959 - WARNING - ERA5 file missing: ../..//pipeline/data/processed/yearly/era_52013.nc
2026-08-27 02:23:20,959 - INFO - 
2026-08-27 02:23:20,959 - INFO - ======================================================================
2026-08-27 02:23:20,959 - INFO - PROCESSING 2014
2026-08-27 02:23:20,959 - INFO - ======================================================================
2026-08-27 02:23:20,959 - WARNING - ERA5 file missing: ../..//pipeline/data/processed/yearly/era_52014.nc
2026-08-27 02:23:20,959 - INFO - 
2026-08-27 02:23:20,959 - INFO - ======================================================================
2026-08-27 02:23:20,959 - INFO - PROCESSING 2015
2026-08-27 02:23:20,959 - INFO - ======================================================================
2026-08-27 02:23:20,959 - WARNING - ERA5 file missing: ../..//pipeline/data/processed/yearly/era_52015.nc
2026-08-27 02:23:20,959 - INFO - 
2026-08-27 02:23:20,959 - INFO - ======================================================================
2026-08-27 02:23:20,959 - INFO - PROCESSING 2016
2026-08-27 02:23:20,959 - INFO - ======================================================================
2026-08-27 02:23:20,959 - WARNING - ERA5 file missing: ../..//pipeline/data/processed/yearly/era_52016.nc
2026-08-27 02:23:20,959 - INFO - 
2026-08-27 02:23:20,959 - INFO - ======================================================================
2026-08-27 02:23:20,959 - INFO - PROCESSING 2017
2026-08-27 02:23:20,959 - INFO - ======================================================================
2026-08-27 02:23:20,960 - WARNING - ERA5 file missing: ../..//pipeline/data/processed/yearly/era_52017.nc
2026-08-27 02:23:20,960 - INFO - 
2026-08-27 02:23:20,960 - INFO - ======================================================================
2026-08-27 02:23:20,960 - INFO - PROCESSING 2018
2026-08-27 02:23:20,960 - INFO - ======================================================================
2026-08-27 02:23:20,960 - WARNING - ERA5 file missing: ../..//pipeline/data/processed/yearly/era_52018.nc
2026-08-27 02:23:20,960 - INFO - 
2026-08-27 02:23:20,960 - INFO - ======================================================================
2026-08-27 02:23:20,960 - INFO - PROCESSING 2019
2026-08-27 02:23:20,960 - INFO - ======================================================================
2026-08-27 02:23:20,960 - WARNING - ERA5 file missing: ../..//pipeline/data/processed/yearly/era_52019.nc
2026-08-27 02:23:20,960 - INFO - 
2026-08-27 02:23:20,960 - INFO - ======================================================================
2026-08-27 02:23:20,960 - INFO - PROCESSING 2020
2026-08-27 02:23:20,960 - INFO - ======================================================================
2026-08-27 02:23:20,960 - WARNING - ERA5 file missing: ../..//pipeline/data/processed/yearly/era_52020.nc
2026-08-27 02:23:20,960 - INFO - 
2026-08-27 02:23:20,960 - INFO - ======================================================================
2026-08-27 02:23:20,960 - INFO - PROCESSING COMPLETE
2026-08-27 02:23:20,960 - INFO - ======================================================================
2026-08-27 02:23:20,960 - INFO - Successful years: 0
2026-08-27 02:23:20,960 - INFO - Failed/skipped years: 41
2026-08-27 02:23:20,960 - INFO - Failed years: [1980, 1981, 1982, 1983, 1984, 1985, 1986, 1987, 1988, 1989, 1990, 1991, 1992, 1993, 1994, 1995, 1996, 1997, 1998, 1999, 2000, 2001, 2002, 2003, 2004, 2005, 2006, 2007, 2008, 2009, 2010, 2011, 2012, 2013, 2014, 2015, 2016, 2017, 2018, 2019, 2020]
2026-08-27 02:23:20,960 - INFO - Output directory: comparison_metrics
2026-08-27 02:23:20,960 - INFO - ======================================================================
2026-08-27 02:23:46,680 - INFO - 
2026-08-27 02:23:46,680 - INFO - ======================================================================
2026-08-27 02:23:46,680 - INFO - ERA5 vs CONUS404 QUANTITATIVE VALIDATION
2026-08-27 02:23:46,680 - INFO - ======================================================================
2026-08-27 02:23:46,680 - INFO - 
2026-08-27 02:23:46,680 - INFO - ======================================================================
2026-08-27 02:23:46,680 - INFO - PROCESSING 1980
2026-08-27 02:23:46,680 - INFO - ======================================================================
2026-08-27 02:23:46,681 - WARNING - ERA5 file missing: ../..//pipeline/data/processed/yearly/era5_1980.nc
2026-08-27 02:23:46,681 - INFO - 
2026-08-27 02:23:46,681 - INFO - ======================================================================
2026-08-27 02:23:46,681 - INFO - PROCESSING 1981
2026-08-27 02:23:46,681 - INFO - ======================================================================
2026-08-27 02:23:46,681 - WARNING - ERA5 file missing: ../..//pipeline/data/processed/yearly/era5_1981.nc
2026-08-27 02:23:46,681 - INFO - 
2026-08-27 02:23:46,681 - INFO - ======================================================================
2026-08-27 02:23:46,681 - INFO - PROCESSING 1982
2026-08-27 02:23:46,681 - INFO - ======================================================================
2026-08-27 02:23:46,681 - WARNING - ERA5 file missing: ../..//pipeline/data/processed/yearly/era5_1982.nc
2026-08-27 02:23:46,681 - INFO - 
2026-08-27 02:23:46,681 - INFO - ======================================================================
2026-08-27 02:23:46,681 - INFO - PROCESSING 1983
2026-08-27 02:23:46,681 - INFO - ======================================================================
2026-08-27 02:23:46,681 - WARNING - ERA5 file missing: ../..//pipeline/data/processed/yearly/era5_1983.nc
2026-08-27 02:23:46,681 - INFO - 
2026-08-27 02:23:46,681 - INFO - ======================================================================
2026-08-27 02:23:46,681 - INFO - PROCESSING 1984
2026-08-27 02:23:46,681 - INFO - ======================================================================
2026-08-27 02:23:46,681 - WARNING - ERA5 file missing: ../..//pipeline/data/processed/yearly/era5_1984.nc
2026-08-27 02:23:46,681 - INFO - 
2026-08-27 02:23:46,681 - INFO - ======================================================================
2026-08-27 02:23:46,681 - INFO - PROCESSING 1985
2026-08-27 02:23:46,682 - INFO - ======================================================================
2026-08-27 02:23:46,682 - WARNING - ERA5 file missing: ../..//pipeline/data/processed/yearly/era5_1985.nc
2026-08-27 02:23:46,682 - INFO - 
2026-08-27 02:23:46,682 - INFO - ======================================================================
2026-08-27 02:23:46,682 - INFO - PROCESSING 1986
2026-08-27 02:23:46,682 - INFO - ======================================================================
2026-08-27 02:23:46,682 - WARNING - ERA5 file missing: ../..//pipeline/data/processed/yearly/era5_1986.nc
2026-08-27 02:23:46,682 - INFO - 
2026-08-27 02:23:46,682 - INFO - ======================================================================
2026-08-27 02:23:46,682 - INFO - PROCESSING 1987
2026-08-27 02:23:46,682 - INFO - ======================================================================
2026-08-27 02:23:46,682 - WARNING - ERA5 file missing: ../..//pipeline/data/processed/yearly/era5_1987.nc
2026-08-27 02:23:46,682 - INFO - 
2026-08-27 02:23:46,682 - INFO - ======================================================================
2026-08-27 02:23:46,682 - INFO - PROCESSING 1988
2026-08-27 02:23:46,682 - INFO - ======================================================================
2026-08-27 02:23:46,682 - WARNING - ERA5 file missing: ../..//pipeline/data/processed/yearly/era5_1988.nc
2026-08-27 02:23:46,682 - INFO - 
2026-08-27 02:23:46,682 - INFO - ======================================================================
2026-08-27 02:23:46,682 - INFO - PROCESSING 1989
2026-08-27 02:23:46,682 - INFO - ======================================================================
2026-08-27 02:23:46,682 - WARNING - ERA5 file missing: ../..//pipeline/data/processed/yearly/era5_1989.nc
2026-08-27 02:23:46,682 - INFO - 
2026-08-27 02:23:46,682 - INFO - ======================================================================
2026-08-27 02:23:46,682 - INFO - PROCESSING 1990
2026-08-27 02:23:46,682 - INFO - ======================================================================
2026-08-27 02:23:46,683 - WARNING - ERA5 file missing: ../..//pipeline/data/processed/yearly/era5_1990.nc
2026-08-27 02:23:46,683 - INFO - 
2026-08-27 02:23:46,683 - INFO - ======================================================================
2026-08-27 02:23:46,683 - INFO - PROCESSING 1991
2026-08-27 02:23:46,683 - INFO - ======================================================================
2026-08-27 02:23:46,683 - WARNING - ERA5 file missing: ../..//pipeline/data/processed/yearly/era5_1991.nc
2026-08-27 02:23:46,683 - INFO - 
2026-08-27 02:23:46,683 - INFO - ======================================================================
2026-08-27 02:23:46,683 - INFO - PROCESSING 1992
2026-08-27 02:23:46,683 - INFO - ======================================================================
2026-08-27 02:23:46,683 - WARNING - ERA5 file missing: ../..//pipeline/data/processed/yearly/era5_1992.nc
2026-08-27 02:23:46,683 - INFO - 
2026-08-27 02:23:46,683 - INFO - ======================================================================
2026-08-27 02:23:46,683 - INFO - PROCESSING 1993
2026-08-27 02:23:46,683 - INFO - ======================================================================
2026-08-27 02:23:46,683 - WARNING - ERA5 file missing: ../..//pipeline/data/processed/yearly/era5_1993.nc
2026-08-27 02:23:46,683 - INFO - 
2026-08-27 02:23:46,683 - INFO - ======================================================================
2026-08-27 02:23:46,683 - INFO - PROCESSING 1994
2026-08-27 02:23:46,683 - INFO - ======================================================================
2026-08-27 02:23:46,683 - WARNING - ERA5 file missing: ../..//pipeline/data/processed/yearly/era5_1994.nc
2026-08-27 02:23:46,683 - INFO - 
2026-08-27 02:23:46,683 - INFO - ======================================================================
2026-08-27 02:23:46,683 - INFO - PROCESSING 1995
2026-08-27 02:23:46,683 - INFO - ======================================================================
2026-08-27 02:23:46,684 - WARNING - ERA5 file missing: ../..//pipeline/data/processed/yearly/era5_1995.nc
2026-08-27 02:23:46,684 - INFO - 
2026-08-27 02:23:46,684 - INFO - ======================================================================
2026-08-27 02:23:46,684 - INFO - PROCESSING 1996
2026-08-27 02:23:46,684 - INFO - ======================================================================
2026-08-27 02:23:46,684 - WARNING - ERA5 file missing: ../..//pipeline/data/processed/yearly/era5_1996.nc
2026-08-27 02:23:46,684 - INFO - 
2026-08-27 02:23:46,684 - INFO - ======================================================================
2026-08-27 02:23:46,684 - INFO - PROCESSING 1997
2026-08-27 02:23:46,684 - INFO - ======================================================================
2026-08-27 02:23:46,684 - WARNING - ERA5 file missing: ../..//pipeline/data/processed/yearly/era5_1997.nc
2026-08-27 02:23:46,684 - INFO - 
2026-08-27 02:23:46,684 - INFO - ======================================================================
2026-08-27 02:23:46,684 - INFO - PROCESSING 1998
2026-08-27 02:23:46,684 - INFO - ======================================================================
2026-08-27 02:23:46,684 - WARNING - ERA5 file missing: ../..//pipeline/data/processed/yearly/era5_1998.nc
2026-08-27 02:23:46,684 - INFO - 
2026-08-27 02:23:46,684 - INFO - ======================================================================
2026-08-27 02:23:46,684 - INFO - PROCESSING 1999
2026-08-27 02:23:46,684 - INFO - ======================================================================
2026-08-27 02:23:46,684 - WARNING - ERA5 file missing: ../..//pipeline/data/processed/yearly/era5_1999.nc
2026-08-27 02:23:46,684 - INFO - 
2026-08-27 02:23:46,684 - INFO - ======================================================================
2026-08-27 02:23:46,684 - INFO - PROCESSING 2000
2026-08-27 02:23:46,684 - INFO - ======================================================================
2026-08-27 02:23:46,684 - WARNING - ERA5 file missing: ../..//pipeline/data/processed/yearly/era5_2000.nc
2026-08-27 02:23:46,685 - INFO - 
2026-08-27 02:23:46,685 - INFO - ======================================================================
2026-08-27 02:23:46,685 - INFO - PROCESSING 2001
2026-08-27 02:23:46,685 - INFO - ======================================================================
2026-08-27 02:23:46,685 - WARNING - ERA5 file missing: ../..//pipeline/data/processed/yearly/era5_2001.nc
2026-08-27 02:23:46,685 - INFO - 
2026-08-27 02:23:46,685 - INFO - ======================================================================
2026-08-27 02:23:46,685 - INFO - PROCESSING 2002
2026-08-27 02:23:46,685 - INFO - ======================================================================
2026-08-27 02:23:46,685 - WARNING - ERA5 file missing: ../..//pipeline/data/processed/yearly/era5_2002.nc
2026-08-27 02:23:46,685 - INFO - 
2026-08-27 02:23:46,685 - INFO - ======================================================================
2026-08-27 02:23:46,685 - INFO - PROCESSING 2003
2026-08-27 02:23:46,685 - INFO - ======================================================================
2026-08-27 02:23:46,685 - WARNING - ERA5 file missing: ../..//pipeline/data/processed/yearly/era5_2003.nc
2026-08-27 02:23:46,685 - INFO - 
2026-08-27 02:23:46,685 - INFO - ======================================================================
2026-08-27 02:23:46,685 - INFO - PROCESSING 2004
2026-08-27 02:23:46,685 - INFO - ======================================================================
2026-08-27 02:23:46,685 - WARNING - ERA5 file missing: ../..//pipeline/data/processed/yearly/era5_2004.nc
2026-08-27 02:23:46,685 - INFO - 
2026-08-27 02:23:46,685 - INFO - ======================================================================
2026-08-27 02:23:46,685 - INFO - PROCESSING 2005
2026-08-27 02:23:46,685 - INFO - ======================================================================
2026-08-27 02:23:46,685 - WARNING - ERA5 file missing: ../..//pipeline/data/processed/yearly/era5_2005.nc
2026-08-27 02:23:46,685 - INFO - 
2026-08-27 02:23:46,686 - INFO - ======================================================================
2026-08-27 02:23:46,686 - INFO - PROCESSING 2006
2026-08-27 02:23:46,686 - INFO - ======================================================================
2026-08-27 02:23:46,686 - WARNING - ERA5 file missing: ../..//pipeline/data/processed/yearly/era5_2006.nc
2026-08-27 02:23:46,686 - INFO - 
2026-08-27 02:23:46,686 - INFO - ======================================================================
2026-08-27 02:23:46,686 - INFO - PROCESSING 2007
2026-08-27 02:23:46,686 - INFO - ======================================================================
2026-08-27 02:23:46,686 - WARNING - ERA5 file missing: ../..//pipeline/data/processed/yearly/era5_2007.nc
2026-08-27 02:23:46,686 - INFO - 
2026-08-27 02:23:46,686 - INFO - ======================================================================
2026-08-27 02:23:46,686 - INFO - PROCESSING 2008
2026-08-27 02:23:46,686 - INFO - ======================================================================
2026-08-27 02:23:46,686 - WARNING - ERA5 file missing: ../..//pipeline/data/processed/yearly/era5_2008.nc
2026-08-27 02:23:46,686 - INFO - 
2026-08-27 02:23:46,686 - INFO - ======================================================================
2026-08-27 02:23:46,686 - INFO - PROCESSING 2009
2026-08-27 02:23:46,686 - INFO - ======================================================================
2026-08-27 02:23:46,686 - WARNING - ERA5 file missing: ../..//pipeline/data/processed/yearly/era5_2009.nc
2026-08-27 02:23:46,686 - INFO - 
2026-08-27 02:23:46,686 - INFO - ======================================================================
2026-08-27 02:23:46,686 - INFO - PROCESSING 2010
2026-08-27 02:23:46,686 - INFO - ======================================================================
2026-08-27 02:23:46,686 - WARNING - ERA5 file missing: ../..//pipeline/data/processed/yearly/era5_2010.nc
2026-08-27 02:23:46,686 - INFO - 
2026-08-27 02:23:46,687 - INFO - ======================================================================
2026-08-27 02:23:46,687 - INFO - PROCESSING 2011
2026-08-27 02:23:46,687 - INFO - ======================================================================
2026-08-27 02:23:46,687 - WARNING - ERA5 file missing: ../..//pipeline/data/processed/yearly/era5_2011.nc
2026-08-27 02:23:46,687 - INFO - 
2026-08-27 02:23:46,687 - INFO - ======================================================================
2026-08-27 02:23:46,687 - INFO - PROCESSING 2012
2026-08-27 02:23:46,687 - INFO - ======================================================================
2026-08-27 02:23:46,687 - WARNING - ERA5 file missing: ../..//pipeline/data/processed/yearly/era5_2012.nc
2026-08-27 02:23:46,687 - INFO - 
2026-08-27 02:23:46,687 - INFO - ======================================================================
2026-08-27 02:23:46,687 - INFO - PROCESSING 2013
2026-08-27 02:23:46,687 - INFO - ======================================================================
2026-08-27 02:23:46,687 - WARNING - ERA5 file missing: ../..//pipeline/data/processed/yearly/era5_2013.nc
2026-08-27 02:23:46,687 - INFO - 
2026-08-27 02:23:46,687 - INFO - ======================================================================
2026-08-27 02:23:46,687 - INFO - PROCESSING 2014
2026-08-27 02:23:46,687 - INFO - ======================================================================
2026-08-27 02:23:46,687 - WARNING - ERA5 file missing: ../..//pipeline/data/processed/yearly/era5_2014.nc
2026-08-27 02:23:46,687 - INFO - 
2026-08-27 02:23:46,687 - INFO - ======================================================================
2026-08-27 02:23:46,687 - INFO - PROCESSING 2015
2026-08-27 02:23:46,687 - INFO - ======================================================================
2026-08-27 02:23:46,687 - WARNING - ERA5 file missing: ../..//pipeline/data/processed/yearly/era5_2015.nc
2026-08-27 02:23:46,687 - INFO - 
2026-08-27 02:23:46,687 - INFO - ======================================================================
2026-08-27 02:23:46,687 - INFO - PROCESSING 2016
2026-08-27 02:23:46,688 - INFO - ======================================================================
2026-08-27 02:23:46,688 - WARNING - ERA5 file missing: ../..//pipeline/data/processed/yearly/era5_2016.nc
2026-08-27 02:23:46,688 - INFO - 
2026-08-27 02:23:46,688 - INFO - ======================================================================
2026-08-27 02:23:46,688 - INFO - PROCESSING 2017
2026-08-27 02:23:46,688 - INFO - ======================================================================
2026-08-27 02:23:46,688 - WARNING - ERA5 file missing: ../..//pipeline/data/processed/yearly/era5_2017.nc
2026-08-27 02:23:46,688 - INFO - 
2026-08-27 02:23:46,688 - INFO - ======================================================================
2026-08-27 02:23:46,688 - INFO - PROCESSING 2018
2026-08-27 02:23:46,688 - INFO - ======================================================================
2026-08-27 02:23:46,688 - WARNING - ERA5 file missing: ../..//pipeline/data/processed/yearly/era5_2018.nc
2026-08-27 02:23:46,688 - INFO - 
2026-08-27 02:23:46,688 - INFO - ======================================================================
2026-08-27 02:23:46,688 - INFO - PROCESSING 2019
2026-08-27 02:23:46,688 - INFO - ======================================================================
2026-08-27 02:23:46,688 - WARNING - ERA5 file missing: ../..//pipeline/data/processed/yearly/era5_2019.nc
2026-08-27 02:23:46,688 - INFO - 
2026-08-27 02:23:46,688 - INFO - ======================================================================
2026-08-27 02:23:46,688 - INFO - PROCESSING 2020
2026-08-27 02:23:46,688 - INFO - ======================================================================
2026-08-27 02:23:46,688 - WARNING - ERA5 file missing: ../..//pipeline/data/processed/yearly/era5_2020.nc
2026-08-27 02:23:46,688 - INFO - 
2026-08-27 02:23:46,688 - INFO - ======================================================================
2026-08-27 02:23:46,688 - INFO - PROCESSING COMPLETE
2026-08-27 02:23:46,689 - INFO - ======================================================================
2026-08-27 02:23:46,689 - INFO - Successful years: 0
2026-08-27 02:23:46,689 - INFO - Failed/skipped years: 41
2026-08-27 02:23:46,689 - INFO - Failed years: [1980, 1981, 1982, 1983, 1984, 1985, 1986, 1987, 1988, 1989, 1990, 1991, 1992, 1993, 1994, 1995, 1996, 1997, 1998, 1999, 2000, 2001, 2002, 2003, 2004, 2005, 2006, 2007, 2008, 2009, 2010, 2011, 2012, 2013, 2014, 2015, 2016, 2017, 2018, 2019, 2020]
2026-08-27 02:23:46,689 - INFO - Output directory: comparison_metrics
2026-08-27 02:23:46,689 - INFO - ======================================================================
2026-08-27 02:24:18,435 - INFO - 
2026-08-27 02:24:18,435 - INFO - ======================================================================
2026-08-27 02:24:18,435 - INFO - ERA5 vs CONUS404 QUANTITATIVE VALIDATION
2026-08-27 02:24:18,435 - INFO - ======================================================================
2026-08-27 02:24:18,436 - INFO - 
2026-08-27 02:24:18,436 - INFO - ======================================================================
2026-08-27 02:24:18,436 - INFO - PROCESSING 1980
2026-08-27 02:24:18,436 - INFO - ======================================================================
2026-08-27 02:24:18,436 - WARNING - ERA5 file missing: ../../pipeline/data/processed/yearly/era5_1980.nc
2026-08-27 02:24:18,436 - INFO - 
2026-08-27 02:24:18,436 - INFO - ======================================================================
2026-08-27 02:24:18,436 - INFO - PROCESSING 1981
2026-08-27 02:24:18,436 - INFO - ======================================================================
2026-08-27 02:24:18,436 - WARNING - ERA5 file missing: ../../pipeline/data/processed/yearly/era5_1981.nc
2026-08-27 02:24:18,436 - INFO - 
2026-08-27 02:24:18,436 - INFO - ======================================================================
2026-08-27 02:24:18,436 - INFO - PROCESSING 1982
2026-08-27 02:24:18,436 - INFO - ======================================================================
2026-08-27 02:24:18,436 - WARNING - ERA5 file missing: ../../pipeline/data/processed/yearly/era5_1982.nc
2026-08-27 02:24:18,436 - INFO - 
2026-08-27 02:24:18,436 - INFO - ======================================================================
2026-08-27 02:24:18,436 - INFO - PROCESSING 1983
2026-08-27 02:24:18,436 - INFO - ======================================================================
2026-08-27 02:24:18,436 - WARNING - ERA5 file missing: ../../pipeline/data/processed/yearly/era5_1983.nc
2026-08-27 02:24:18,436 - INFO - 
2026-08-27 02:24:18,436 - INFO - ======================================================================
2026-08-27 02:24:18,437 - INFO - PROCESSING 1984
2026-08-27 02:24:18,437 - INFO - ======================================================================
2026-08-27 02:24:18,437 - WARNING - ERA5 file missing: ../../pipeline/data/processed/yearly/era5_1984.nc
2026-08-27 02:24:18,437 - INFO - 
2026-08-27 02:24:18,437 - INFO - ======================================================================
2026-08-27 02:24:18,437 - INFO - PROCESSING 1985
2026-08-27 02:24:18,437 - INFO - ======================================================================
2026-08-27 02:24:18,437 - WARNING - ERA5 file missing: ../../pipeline/data/processed/yearly/era5_1985.nc
2026-08-27 02:24:18,437 - INFO - 
2026-08-27 02:24:18,437 - INFO - ======================================================================
2026-08-27 02:24:18,437 - INFO - PROCESSING 1986
2026-08-27 02:24:18,437 - INFO - ======================================================================
2026-08-27 02:24:18,437 - WARNING - ERA5 file missing: ../../pipeline/data/processed/yearly/era5_1986.nc
2026-08-27 02:24:18,437 - INFO - 
2026-08-27 02:24:18,437 - INFO - ======================================================================
2026-08-27 02:24:18,437 - INFO - PROCESSING 1987
2026-08-27 02:24:18,437 - INFO - ======================================================================
2026-08-27 02:24:18,437 - WARNING - ERA5 file missing: ../../pipeline/data/processed/yearly/era5_1987.nc
2026-08-27 02:24:18,437 - INFO - 
2026-08-27 02:24:18,437 - INFO - ======================================================================
2026-08-27 02:24:18,437 - INFO - PROCESSING 1988
2026-08-27 02:24:18,437 - INFO - ======================================================================
2026-08-27 02:24:18,437 - WARNING - ERA5 file missing: ../../pipeline/data/processed/yearly/era5_1988.nc
2026-08-27 02:24:18,437 - INFO - 
2026-08-27 02:24:18,437 - INFO - ======================================================================
2026-08-27 02:24:18,438 - INFO - PROCESSING 1989
2026-08-27 02:24:18,438 - INFO - ======================================================================
2026-08-27 02:24:18,438 - WARNING - ERA5 file missing: ../../pipeline/data/processed/yearly/era5_1989.nc
2026-08-27 02:24:18,438 - INFO - 
2026-08-27 02:24:18,438 - INFO - ======================================================================
2026-08-27 02:24:18,438 - INFO - PROCESSING 1990
2026-08-27 02:24:18,438 - INFO - ======================================================================
2026-08-27 02:24:18,438 - WARNING - ERA5 file missing: ../../pipeline/data/processed/yearly/era5_1990.nc
2026-08-27 02:24:18,438 - INFO - 
2026-08-27 02:24:18,438 - INFO - ======================================================================
2026-08-27 02:24:18,438 - INFO - PROCESSING 1991
2026-08-27 02:24:18,438 - INFO - ======================================================================
2026-08-27 02:24:18,438 - WARNING - ERA5 file missing: ../../pipeline/data/processed/yearly/era5_1991.nc
2026-08-27 02:24:18,438 - INFO - 
2026-08-27 02:24:18,438 - INFO - ======================================================================
2026-08-27 02:24:18,438 - INFO - PROCESSING 1992
2026-08-27 02:24:18,438 - INFO - ======================================================================
2026-08-27 02:24:18,438 - WARNING - ERA5 file missing: ../../pipeline/data/processed/yearly/era5_1992.nc
2026-08-27 02:24:18,438 - INFO - 
2026-08-27 02:24:18,438 - INFO - ======================================================================
2026-08-27 02:24:18,438 - INFO - PROCESSING 1993
2026-08-27 02:24:18,438 - INFO - ======================================================================
2026-08-27 02:24:18,438 - WARNING - ERA5 file missing: ../../pipeline/data/processed/yearly/era5_1993.nc
2026-08-27 02:24:18,438 - INFO - 
2026-08-27 02:24:18,438 - INFO - ======================================================================
2026-08-27 02:24:18,439 - INFO - PROCESSING 1994
2026-08-27 02:24:18,439 - INFO - ======================================================================
2026-08-27 02:24:18,439 - WARNING - ERA5 file missing: ../../pipeline/data/processed/yearly/era5_1994.nc
2026-08-27 02:24:18,439 - INFO - 
2026-08-27 02:24:18,439 - INFO - ======================================================================
2026-08-27 02:24:18,439 - INFO - PROCESSING 1995
2026-08-27 02:24:18,439 - INFO - ======================================================================
2026-08-27 02:24:18,439 - WARNING - ERA5 file missing: ../../pipeline/data/processed/yearly/era5_1995.nc
2026-08-27 02:24:18,439 - INFO - 
2026-08-27 02:24:18,439 - INFO - ======================================================================
2026-08-27 02:24:18,439 - INFO - PROCESSING 1996
2026-08-27 02:24:18,439 - INFO - ======================================================================
2026-08-27 02:24:18,439 - WARNING - ERA5 file missing: ../../pipeline/data/processed/yearly/era5_1996.nc
2026-08-27 02:24:18,439 - INFO - 
2026-08-27 02:24:18,439 - INFO - ======================================================================
2026-08-27 02:24:18,439 - INFO - PROCESSING 1997
2026-08-27 02:24:18,439 - INFO - ======================================================================
2026-08-27 02:24:18,439 - WARNING - ERA5 file missing: ../../pipeline/data/processed/yearly/era5_1997.nc
2026-08-27 02:24:18,439 - INFO - 
2026-08-27 02:24:18,439 - INFO - ======================================================================
2026-08-27 02:24:18,439 - INFO - PROCESSING 1998
2026-08-27 02:24:18,439 - INFO - ======================================================================
2026-08-27 02:24:18,439 - WARNING - ERA5 file missing: ../../pipeline/data/processed/yearly/era5_1998.nc
2026-08-27 02:24:18,439 - INFO - 
2026-08-27 02:24:18,439 - INFO - ======================================================================
2026-08-27 02:24:18,439 - INFO - PROCESSING 1999
2026-08-27 02:24:18,440 - INFO - ======================================================================
2026-08-27 02:24:18,440 - WARNING - ERA5 file missing: ../../pipeline/data/processed/yearly/era5_1999.nc
2026-08-27 02:24:18,440 - INFO - 
2026-08-27 02:24:18,440 - INFO - ======================================================================
2026-08-27 02:24:18,440 - INFO - PROCESSING 2000
2026-08-27 02:24:18,440 - INFO - ======================================================================
2026-08-27 02:24:18,440 - WARNING - ERA5 file missing: ../../pipeline/data/processed/yearly/era5_2000.nc
2026-08-27 02:24:18,440 - INFO - 
2026-08-27 02:24:18,440 - INFO - ======================================================================
2026-08-27 02:24:18,440 - INFO - PROCESSING 2001
2026-08-27 02:24:18,440 - INFO - ======================================================================
2026-08-27 02:24:18,440 - WARNING - ERA5 file missing: ../../pipeline/data/processed/yearly/era5_2001.nc
2026-08-27 02:24:18,440 - INFO - 
2026-08-27 02:24:18,440 - INFO - ======================================================================
2026-08-27 02:24:18,440 - INFO - PROCESSING 2002
2026-08-27 02:24:18,440 - INFO - ======================================================================
2026-08-27 02:24:18,440 - WARNING - ERA5 file missing: ../../pipeline/data/processed/yearly/era5_2002.nc
2026-08-27 02:24:18,440 - INFO - 
2026-08-27 02:24:18,440 - INFO - ======================================================================
2026-08-27 02:24:18,440 - INFO - PROCESSING 2003
2026-08-27 02:24:18,440 - INFO - ======================================================================
2026-08-27 02:24:18,440 - WARNING - ERA5 file missing: ../../pipeline/data/processed/yearly/era5_2003.nc
2026-08-27 02:24:18,440 - INFO - 
2026-08-27 02:24:18,440 - INFO - ======================================================================
2026-08-27 02:24:18,440 - INFO - PROCESSING 2004
2026-08-27 02:24:18,440 - INFO - ======================================================================
2026-08-27 02:24:18,441 - WARNING - ERA5 file missing: ../../pipeline/data/processed/yearly/era5_2004.nc
2026-08-27 02:24:18,441 - INFO - 
2026-08-27 02:24:18,441 - INFO - ======================================================================
2026-08-27 02:24:18,441 - INFO - PROCESSING 2005
2026-08-27 02:24:18,441 - INFO - ======================================================================
2026-08-27 02:24:18,441 - WARNING - ERA5 file missing: ../../pipeline/data/processed/yearly/era5_2005.nc
2026-08-27 02:24:18,441 - INFO - 
2026-08-27 02:24:18,441 - INFO - ======================================================================
2026-08-27 02:24:18,441 - INFO - PROCESSING 2006
2026-08-27 02:24:18,441 - INFO - ======================================================================
2026-08-27 02:24:18,441 - WARNING - ERA5 file missing: ../../pipeline/data/processed/yearly/era5_2006.nc
2026-08-27 02:24:18,441 - INFO - 
2026-08-27 02:24:18,441 - INFO - ======================================================================
2026-08-27 02:24:18,441 - INFO - PROCESSING 2007
2026-08-27 02:24:18,441 - INFO - ======================================================================
2026-08-27 02:24:18,441 - WARNING - ERA5 file missing: ../../pipeline/data/processed/yearly/era5_2007.nc
2026-08-27 02:24:18,441 - INFO - 
2026-08-27 02:24:18,441 - INFO - ======================================================================
2026-08-27 02:24:18,442 - INFO - PROCESSING 2008
2026-08-27 02:24:18,442 - INFO - ======================================================================
2026-08-27 02:24:18,442 - WARNING - ERA5 file missing: ../../pipeline/data/processed/yearly/era5_2008.nc
2026-08-27 02:24:18,442 - INFO - 
2026-08-27 02:24:18,442 - INFO - ======================================================================
2026-08-27 02:24:18,442 - INFO - PROCESSING 2009
2026-08-27 02:24:18,442 - INFO - ======================================================================
2026-08-27 02:24:18,442 - WARNING - ERA5 file missing: ../../pipeline/data/processed/yearly/era5_2009.nc
2026-08-27 02:24:18,442 - INFO - 
2026-08-27 02:24:18,442 - INFO - ======================================================================
2026-08-27 02:24:18,442 - INFO - PROCESSING 2010
2026-08-27 02:24:18,442 - INFO - ======================================================================
2026-08-27 02:24:18,442 - WARNING - ERA5 file missing: ../../pipeline/data/processed/yearly/era5_2010.nc
2026-08-27 02:24:18,442 - INFO - 
2026-08-27 02:24:18,442 - INFO - ======================================================================
2026-08-27 02:24:18,442 - INFO - PROCESSING 2011
2026-08-27 02:24:18,442 - INFO - ======================================================================
2026-08-27 02:24:18,442 - WARNING - ERA5 file missing: ../../pipeline/data/processed/yearly/era5_2011.nc
2026-08-27 02:24:18,442 - INFO - 
2026-08-27 02:24:18,442 - INFO - ======================================================================
2026-08-27 02:24:18,442 - INFO - PROCESSING 2012
2026-08-27 02:24:18,442 - INFO - ======================================================================
2026-08-27 02:24:18,442 - WARNING - ERA5 file missing: ../../pipeline/data/processed/yearly/era5_2012.nc
2026-08-27 02:24:18,442 - INFO - 
2026-08-27 02:24:18,442 - INFO - ======================================================================
2026-08-27 02:24:18,443 - INFO - PROCESSING 2013
2026-08-27 02:24:18,443 - INFO - ======================================================================
2026-08-27 02:24:18,443 - WARNING - ERA5 file missing: ../../pipeline/data/processed/yearly/era5_2013.nc
2026-08-27 02:24:18,443 - INFO - 
2026-08-27 02:24:18,443 - INFO - ======================================================================
2026-08-27 02:24:18,443 - INFO - PROCESSING 2014
2026-08-27 02:24:18,443 - INFO - ======================================================================
2026-08-27 02:24:18,443 - WARNING - ERA5 file missing: ../../pipeline/data/processed/yearly/era5_2014.nc
2026-08-27 02:24:18,443 - INFO - 
2026-08-27 02:24:18,443 - INFO - ======================================================================
2026-08-27 02:24:18,443 - INFO - PROCESSING 2015
2026-08-27 02:24:18,443 - INFO - ======================================================================
2026-08-27 02:24:18,443 - WARNING - ERA5 file missing: ../../pipeline/data/processed/yearly/era5_2015.nc
2026-08-27 02:24:18,443 - INFO - 
2026-08-27 02:24:18,443 - INFO - ======================================================================
2026-08-27 02:24:18,443 - INFO - PROCESSING 2016
2026-08-27 02:24:18,443 - INFO - ======================================================================
2026-08-27 02:24:18,443 - WARNING - ERA5 file missing: ../../pipeline/data/processed/yearly/era5_2016.nc
2026-08-27 02:24:18,443 - INFO - 
2026-08-27 02:24:18,443 - INFO - ======================================================================
2026-08-27 02:24:18,443 - INFO - PROCESSING 2017
2026-08-27 02:24:18,443 - INFO - ======================================================================
2026-08-27 02:24:18,443 - WARNING - ERA5 file missing: ../../pipeline/data/processed/yearly/era5_2017.nc
2026-08-27 02:24:18,443 - INFO - 
2026-08-27 02:24:18,443 - INFO - ======================================================================
2026-08-27 02:24:18,443 - INFO - PROCESSING 2018
2026-08-27 02:24:18,444 - INFO - ======================================================================
2026-08-27 02:24:18,444 - WARNING - ERA5 file missing: ../../pipeline/data/processed/yearly/era5_2018.nc
2026-08-27 02:24:18,444 - INFO - 
2026-08-27 02:24:18,444 - INFO - ======================================================================
2026-08-27 02:24:18,444 - INFO - PROCESSING 2019
2026-08-27 02:24:18,444 - INFO - ======================================================================
2026-08-27 02:24:18,444 - WARNING - ERA5 file missing: ../../pipeline/data/processed/yearly/era5_2019.nc
2026-08-27 02:24:18,444 - INFO - 
2026-08-27 02:24:18,444 - INFO - ======================================================================
2026-08-27 02:24:18,444 - INFO - PROCESSING 2020
2026-08-27 02:24:18,444 - INFO - ======================================================================
2026-08-27 02:24:18,444 - WARNING - ERA5 file missing: ../../pipeline/data/processed/yearly/era5_2020.nc
2026-08-27 02:24:18,444 - INFO - 
2026-08-27 02:24:18,444 - INFO - ======================================================================
2026-08-27 02:24:18,444 - INFO - PROCESSING COMPLETE
2026-08-27 02:24:18,444 - INFO - ======================================================================
2026-08-27 02:24:18,444 - INFO - Successful years: 0
2026-08-27 02:24:18,444 - INFO - Failed/skipped years: 41
2026-08-27 02:24:18,444 - INFO - Failed years: [1980, 1981, 1982, 1983, 1984, 1985, 1986, 1987, 1988, 1989, 1990, 1991, 1992, 1993, 1994, 1995, 1996, 1997, 1998, 1999, 2000, 2001, 2002, 2003, 2004, 2005, 2006, 2007, 2008, 2009, 2010, 2011, 2012, 2013, 2014, 2015, 2016, 2017, 2018, 2019, 2020]
2026-08-27 02:24:18,444 - INFO - Output directory: comparison_metrics
2026-08-27 02:24:18,444 - INFO - ======================================================================
2026-08-27 02:25:00,997 - INFO - 
2026-08-27 02:25:00,997 - INFO - ======================================================================
2026-08-27 02:25:00,997 - INFO - ERA5 vs CONUS404 QUANTITATIVE VALIDATION
2026-08-27 02:25:00,997 - INFO - ======================================================================
2026-08-27 02:25:00,997 - INFO - 
2026-08-27 02:25:00,997 - INFO - ======================================================================
2026-08-27 02:25:00,997 - INFO - PROCESSING 1980
2026-08-27 02:25:00,997 - INFO - ======================================================================
2026-08-27 02:25:08,378 - INFO - Loaded ERA5: ../pipeline/data/processed/yearly/era5_1980.nc
2026-08-27 02:25:08,378 - INFO - Loaded CONUS404: ../../hpmille1/final_data/conus404_yearly_1980.nc
2026-08-27 02:25:46,418 - ERROR - Temporal metrics failed t2m 1980: 'valid_time'
2026-08-27 02:25:46,630 - ERROR - Seasonal metrics failed t2m 1980: 'valid_time'
2026-08-27 02:26:26,318 - ERROR - Temporal metrics failed d2m 1980: 'valid_time'
2026-08-27 02:26:26,527 - ERROR - Seasonal metrics failed d2m 1980: 'valid_time'
2026-08-27 02:27:05,492 - ERROR - Temporal metrics failed sp 1980: 'valid_time'
2026-08-27 02:27:05,704 - ERROR - Seasonal metrics failed sp 1980: 'valid_time'
2026-08-27 02:27:31,465 - ERROR - Temporal metrics failed u10 1980: 'valid_time'
2026-08-27 02:27:31,678 - ERROR - Seasonal metrics failed u10 1980: 'valid_time'
2026-08-27 02:27:56,507 - ERROR - Temporal metrics failed v10 1980: 'valid_time'
2026-08-27 02:27:56,722 - ERROR - Seasonal metrics failed v10 1980: 'valid_time'
2026-08-27 02:28:25,620 - ERROR - Temporal metrics failed lai 1980: 'valid_time'
2026-08-27 02:28:25,830 - ERROR - Seasonal metrics failed lai 1980: 'valid_time'
2026-08-27 02:28:27,202 - ERROR - Precipitation failed for 1980: 'valid_time'
2026-08-27 02:28:27,643 - ERROR - Wind metrics failed for 1980: 'valid_time'
2026-08-27 02:28:27,682 - INFO - 
2026-08-27 02:28:27,683 - INFO - ======================================================================
2026-08-27 02:28:27,683 - INFO - PROCESSING 1981
2026-08-27 02:28:27,683 - INFO - ======================================================================
2026-08-27 02:28:28,222 - INFO - Loaded ERA5: ../pipeline/data/processed/yearly/era5_1981.nc
2026-08-27 02:28:28,222 - INFO - Loaded CONUS404: ../../hpmille1/final_data/conus404_yearly_1981.nc
2026-08-27 02:29:06,404 - ERROR - Temporal metrics failed t2m 1981: 'valid_time'
2026-08-27 02:29:06,610 - ERROR - Seasonal metrics failed t2m 1981: 'valid_time'
2026-08-27 02:29:47,137 - ERROR - Temporal metrics failed d2m 1981: 'valid_time'
2026-08-27 02:29:47,343 - ERROR - Seasonal metrics failed d2m 1981: 'valid_time'
2026-08-27 02:30:26,681 - ERROR - Temporal metrics failed sp 1981: 'valid_time'
2026-08-27 02:30:26,889 - ERROR - Seasonal metrics failed sp 1981: 'valid_time'
2026-08-27 02:30:53,433 - ERROR - Temporal metrics failed u10 1981: 'valid_time'
2026-08-27 02:30:53,641 - ERROR - Seasonal metrics failed u10 1981: 'valid_time'
2026-08-27 02:31:21,527 - ERROR - Temporal metrics failed v10 1981: 'valid_time'
2026-08-27 02:31:21,736 - ERROR - Seasonal metrics failed v10 1981: 'valid_time'
2026-08-27 02:31:53,426 - ERROR - Temporal metrics failed lai 1981: 'valid_time'
2026-08-27 02:31:53,635 - ERROR - Seasonal metrics failed lai 1981: 'valid_time'
2026-08-27 02:31:54,798 - ERROR - Precipitation failed for 1981: 'valid_time'
2026-08-27 02:31:55,231 - ERROR - Wind metrics failed for 1981: 'valid_time'
2026-08-27 02:31:55,267 - INFO - 
2026-08-27 02:31:55,267 - INFO - ======================================================================
2026-08-27 02:31:55,267 - INFO - PROCESSING 1982
2026-08-27 02:31:55,267 - INFO - ======================================================================
2026-08-27 02:31:56,036 - INFO - Loaded ERA5: ../pipeline/data/processed/yearly/era5_1982.nc
2026-08-27 02:31:56,036 - INFO - Loaded CONUS404: ../../hpmille1/final_data/conus404_yearly_1982.nc
2026-08-27 02:32:36,676 - ERROR - Temporal metrics failed t2m 1982: 'valid_time'
2026-08-27 02:32:36,884 - ERROR - Seasonal metrics failed t2m 1982: 'valid_time'
2026-08-27 02:33:17,800 - ERROR - Temporal metrics failed d2m 1982: 'valid_time'
2026-08-27 02:33:18,005 - ERROR - Seasonal metrics failed d2m 1982: 'valid_time'
2026-08-27 02:33:58,442 - ERROR - Temporal metrics failed sp 1982: 'valid_time'
2026-08-27 02:33:58,647 - ERROR - Seasonal metrics failed sp 1982: 'valid_time'
2026-08-27 02:34:25,558 - ERROR - Temporal metrics failed u10 1982: 'valid_time'
2026-08-27 02:34:25,762 - ERROR - Seasonal metrics failed u10 1982: 'valid_time'
2026-08-27 02:34:52,319 - ERROR - Temporal metrics failed v10 1982: 'valid_time'
2026-08-27 02:34:52,533 - ERROR - Seasonal metrics failed v10 1982: 'valid_time'
2026-08-27 02:35:24,281 - ERROR - Temporal metrics failed lai 1982: 'valid_time'
2026-08-27 02:35:24,494 - ERROR - Seasonal metrics failed lai 1982: 'valid_time'
2026-08-27 02:35:25,776 - ERROR - Precipitation failed for 1982: 'valid_time'
2026-08-27 02:35:26,227 - ERROR - Wind metrics failed for 1982: 'valid_time'
2026-08-27 02:35:26,262 - INFO - 
2026-08-27 02:35:26,262 - INFO - ======================================================================
2026-08-27 02:35:26,262 - INFO - PROCESSING 1983
2026-08-27 02:35:26,263 - INFO - ======================================================================
2026-08-27 02:35:26,941 - INFO - Loaded ERA5: ../pipeline/data/processed/yearly/era5_1983.nc
2026-08-27 02:35:26,941 - INFO - Loaded CONUS404: ../../hpmille1/final_data/conus404_yearly_1983.nc
2026-08-27 02:36:06,275 - ERROR - Temporal metrics failed t2m 1983: 'valid_time'
2026-08-27 02:36:06,486 - ERROR - Seasonal metrics failed t2m 1983: 'valid_time'
2026-08-27 02:36:48,220 - ERROR - Temporal metrics failed d2m 1983: 'valid_time'
2026-08-27 02:36:48,716 - ERROR - Seasonal metrics failed d2m 1983: 'valid_time'
2026-08-27 02:37:29,653 - ERROR - Temporal metrics failed sp 1983: 'valid_time'
2026-08-27 02:37:30,162 - ERROR - Seasonal metrics failed sp 1983: 'valid_time'
2026-08-27 02:37:57,619 - ERROR - Temporal metrics failed u10 1983: 'valid_time'
2026-08-27 02:37:57,850 - ERROR - Seasonal metrics failed u10 1983: 'valid_time'
2026-08-27 02:38:25,128 - ERROR - Temporal metrics failed v10 1983: 'valid_time'
2026-08-27 02:38:25,385 - ERROR - Seasonal metrics failed v10 1983: 'valid_time'
2026-08-27 02:38:57,226 - ERROR - Temporal metrics failed lai 1983: 'valid_time'
2026-08-27 02:38:57,481 - ERROR - Seasonal metrics failed lai 1983: 'valid_time'
2026-08-27 02:38:58,711 - ERROR - Precipitation failed for 1983: 'valid_time'
2026-08-27 02:38:59,171 - ERROR - Wind metrics failed for 1983: 'valid_time'
2026-08-27 02:38:59,216 - INFO - 
2026-08-27 02:38:59,218 - INFO - ======================================================================
2026-08-27 02:38:59,218 - INFO - PROCESSING 1984
2026-08-27 02:38:59,218 - INFO - ======================================================================
2026-08-27 02:38:59,910 - INFO - Loaded ERA5: ../pipeline/data/processed/yearly/era5_1984.nc
2026-08-27 02:38:59,910 - INFO - Loaded CONUS404: ../../hpmille1/final_data/conus404_yearly_1984.nc
2026-08-27 02:39:37,673 - ERROR - Temporal metrics failed t2m 1984: 'valid_time'
2026-08-27 02:39:37,885 - ERROR - Seasonal metrics failed t2m 1984: 'valid_time'
2026-08-27 02:40:15,777 - ERROR - Temporal metrics failed d2m 1984: 'valid_time'
2026-08-27 02:40:15,990 - ERROR - Seasonal metrics failed d2m 1984: 'valid_time'
2026-08-27 02:40:52,927 - ERROR - Temporal metrics failed sp 1984: 'valid_time'
2026-08-27 02:40:53,133 - ERROR - Seasonal metrics failed sp 1984: 'valid_time'
2026-08-27 02:41:18,738 - ERROR - Temporal metrics failed u10 1984: 'valid_time'
2026-08-27 02:41:18,949 - ERROR - Seasonal metrics failed u10 1984: 'valid_time'
2026-08-27 02:41:26,318 - INFO - 
2026-08-27 02:41:26,320 - INFO - ======================================================================
2026-08-27 02:41:26,320 - INFO - ERA5 vs CONUS404 QUANTITATIVE VALIDATION
2026-08-27 02:41:26,320 - INFO - ======================================================================
2026-08-27 02:41:26,321 - INFO - 
2026-08-27 02:41:26,321 - INFO - ======================================================================
2026-08-27 02:41:26,322 - INFO - PROCESSING 1980
2026-08-27 02:41:26,322 - INFO - ======================================================================
2026-08-27 02:41:26,323 - WARNING - ERA5 file missing: ../pipeline/data/processed/era5_1980.nc
2026-08-27 02:41:26,323 - INFO - 
2026-08-27 02:41:26,323 - INFO - ======================================================================
2026-08-27 02:41:26,323 - INFO - PROCESSING 1981
2026-08-27 02:41:26,323 - INFO - ======================================================================
2026-08-27 02:41:26,323 - WARNING - ERA5 file missing: ../pipeline/data/processed/era5_1981.nc
2026-08-27 02:41:26,323 - INFO - 
2026-08-27 02:41:26,323 - INFO - ======================================================================
2026-08-27 02:41:26,323 - INFO - PROCESSING 1982
2026-08-27 02:41:26,323 - INFO - ======================================================================
2026-08-27 02:41:26,323 - WARNING - ERA5 file missing: ../pipeline/data/processed/era5_1982.nc
2026-08-27 02:41:26,341 - INFO - 
2026-08-27 02:41:26,341 - INFO - ======================================================================
2026-08-27 02:41:26,341 - INFO - PROCESSING 1983
2026-08-27 02:41:26,341 - INFO - ======================================================================
2026-08-27 02:41:26,341 - WARNING - ERA5 file missing: ../pipeline/data/processed/era5_1983.nc
2026-08-27 02:41:26,341 - INFO - 
2026-08-27 02:41:26,341 - INFO - ======================================================================
2026-08-27 02:41:26,341 - INFO - PROCESSING 1984
2026-08-27 02:41:26,341 - INFO - ======================================================================
2026-08-27 02:41:26,341 - WARNING - ERA5 file missing: ../pipeline/data/processed/era5_1984.nc
2026-08-27 02:41:26,342 - INFO - 
2026-08-27 02:41:26,342 - INFO - ======================================================================
2026-08-27 02:41:26,342 - INFO - PROCESSING 1985
2026-08-27 02:41:26,342 - INFO - ======================================================================
2026-08-27 02:41:26,342 - WARNING - ERA5 file missing: ../pipeline/data/processed/era5_1985.nc
2026-08-27 02:41:26,342 - INFO - 
2026-08-27 02:41:26,342 - INFO - ======================================================================
2026-08-27 02:41:26,342 - INFO - PROCESSING 1986
2026-08-27 02:41:26,342 - INFO - ======================================================================
2026-08-27 02:41:26,342 - WARNING - ERA5 file missing: ../pipeline/data/processed/era5_1986.nc
2026-08-27 02:41:26,342 - INFO - 
2026-08-27 02:41:26,342 - INFO - ======================================================================
2026-08-27 02:41:26,342 - INFO - PROCESSING 1987
2026-08-27 02:41:26,342 - INFO - ======================================================================
2026-08-27 02:41:26,342 - WARNING - ERA5 file missing: ../pipeline/data/processed/era5_1987.nc
2026-08-27 02:41:26,342 - INFO - 
2026-08-27 02:41:26,342 - INFO - ======================================================================
2026-08-27 02:41:26,342 - INFO - PROCESSING 1988
2026-08-27 02:41:26,342 - INFO - ======================================================================
2026-08-27 02:41:26,342 - WARNING - ERA5 file missing: ../pipeline/data/processed/era5_1988.nc
2026-08-27 02:41:26,342 - INFO - 
2026-08-27 02:41:26,342 - INFO - ======================================================================
2026-08-27 02:41:26,342 - INFO - PROCESSING 1989
2026-08-27 02:41:26,342 - INFO - ======================================================================
2026-08-27 02:41:26,343 - WARNING - ERA5 file missing: ../pipeline/data/processed/era5_1989.nc
2026-08-27 02:41:26,343 - INFO - 
2026-08-27 02:41:26,343 - INFO - ======================================================================
2026-08-27 02:41:26,343 - INFO - PROCESSING 1990
2026-08-27 02:41:26,343 - INFO - ======================================================================
2026-08-27 02:41:26,343 - WARNING - ERA5 file missing: ../pipeline/data/processed/era5_1990.nc
2026-08-27 02:41:26,343 - INFO - 
2026-08-27 02:41:26,343 - INFO - ======================================================================
2026-08-27 02:41:26,343 - INFO - PROCESSING 1991
2026-08-27 02:41:26,343 - INFO - ======================================================================
2026-08-27 02:41:26,343 - WARNING - ERA5 file missing: ../pipeline/data/processed/era5_1991.nc
2026-08-27 02:41:26,343 - INFO - 
2026-08-27 02:41:26,343 - INFO - ======================================================================
2026-08-27 02:41:26,343 - INFO - PROCESSING 1992
2026-08-27 02:41:26,343 - INFO - ======================================================================
2026-08-27 02:41:26,343 - WARNING - ERA5 file missing: ../pipeline/data/processed/era5_1992.nc
2026-08-27 02:41:26,343 - INFO - 
2026-08-27 02:41:26,343 - INFO - ======================================================================
2026-08-27 02:41:26,343 - INFO - PROCESSING 1993
2026-08-27 02:41:26,344 - INFO - ======================================================================
2026-08-27 02:41:26,344 - WARNING - ERA5 file missing: ../pipeline/data/processed/era5_1993.nc
2026-08-27 02:41:26,344 - INFO - 
2026-08-27 02:41:26,344 - INFO - ======================================================================
2026-08-27 02:41:26,344 - INFO - PROCESSING 1994
2026-08-27 02:41:26,344 - INFO - ======================================================================
2026-08-27 02:41:26,344 - WARNING - ERA5 file missing: ../pipeline/data/processed/era5_1994.nc
2026-08-27 02:41:26,344 - INFO - 
2026-08-27 02:41:26,344 - INFO - ======================================================================
2026-08-27 02:41:26,344 - INFO - PROCESSING 1995
2026-08-27 02:41:26,344 - INFO - ======================================================================
2026-08-27 02:41:26,344 - WARNING - ERA5 file missing: ../pipeline/data/processed/era5_1995.nc
2026-08-27 02:41:26,344 - INFO - 
2026-08-27 02:41:26,344 - INFO - ======================================================================
2026-08-27 02:41:26,344 - INFO - PROCESSING 1996
2026-08-27 02:41:26,344 - INFO - ======================================================================
2026-08-27 02:41:26,345 - WARNING - ERA5 file missing: ../pipeline/data/processed/era5_1996.nc
2026-08-27 02:41:26,345 - INFO - 
2026-08-27 02:41:26,345 - INFO - ======================================================================
2026-08-27 02:41:26,345 - INFO - PROCESSING 1997
2026-08-27 02:41:26,345 - INFO - ======================================================================
2026-08-27 02:41:26,345 - WARNING - ERA5 file missing: ../pipeline/data/processed/era5_1997.nc
2026-08-27 02:41:26,345 - INFO - 
2026-08-27 02:41:26,345 - INFO - ======================================================================
2026-08-27 02:41:26,345 - INFO - PROCESSING 1998
2026-08-27 02:41:26,345 - INFO - ======================================================================
2026-08-27 02:41:26,345 - WARNING - ERA5 file missing: ../pipeline/data/processed/era5_1998.nc
2026-08-27 02:41:26,345 - INFO - 
2026-08-27 02:41:26,345 - INFO - ======================================================================
2026-08-27 02:41:26,345 - INFO - PROCESSING 1999
2026-08-27 02:41:26,345 - INFO - ======================================================================
2026-08-27 02:41:26,345 - WARNING - ERA5 file missing: ../pipeline/data/processed/era5_1999.nc
2026-08-27 02:41:26,345 - INFO - 
2026-08-27 02:41:26,345 - INFO - ======================================================================
2026-08-27 02:41:26,345 - INFO - PROCESSING 2000
2026-08-27 02:41:26,345 - INFO - ======================================================================
2026-08-27 02:41:26,345 - WARNING - ERA5 file missing: ../pipeline/data/processed/era5_2000.nc
2026-08-27 02:41:26,345 - INFO - 
2026-08-27 02:41:26,345 - INFO - ======================================================================
2026-08-27 02:41:26,345 - INFO - PROCESSING 2001
2026-08-27 02:41:26,346 - INFO - ======================================================================
2026-08-27 02:41:26,346 - WARNING - ERA5 file missing: ../pipeline/data/processed/era5_2001.nc
2026-08-27 02:41:26,346 - INFO - 
2026-08-27 02:41:26,346 - INFO - ======================================================================
2026-08-27 02:41:26,346 - INFO - PROCESSING 2002
2026-08-27 02:41:26,346 - INFO - ======================================================================
2026-08-27 02:41:26,346 - WARNING - ERA5 file missing: ../pipeline/data/processed/era5_2002.nc
2026-08-27 02:41:26,346 - INFO - 
2026-08-27 02:41:26,346 - INFO - ======================================================================
2026-08-27 02:41:26,346 - INFO - PROCESSING 2003
2026-08-27 02:41:26,346 - INFO - ======================================================================
2026-08-27 02:41:26,346 - WARNING - ERA5 file missing: ../pipeline/data/processed/era5_2003.nc
2026-08-27 02:41:26,346 - INFO - 
2026-08-27 02:41:26,346 - INFO - ======================================================================
2026-08-27 02:41:26,346 - INFO - PROCESSING 2004
2026-08-27 02:41:26,346 - INFO - ======================================================================
2026-08-27 02:41:26,347 - WARNING - ERA5 file missing: ../pipeline/data/processed/era5_2004.nc
2026-08-27 02:41:26,347 - INFO - 
2026-08-27 02:41:26,347 - INFO - ======================================================================
2026-08-27 02:41:26,347 - INFO - PROCESSING 2005
2026-08-27 02:41:26,347 - INFO - ======================================================================
2026-08-27 02:41:26,347 - WARNING - ERA5 file missing: ../pipeline/data/processed/era5_2005.nc
2026-08-27 02:41:26,347 - INFO - 
2026-08-27 02:41:26,347 - INFO - ======================================================================
2026-08-27 02:41:26,347 - INFO - PROCESSING 2006
2026-08-27 02:41:26,347 - INFO - ======================================================================
2026-08-27 02:41:26,347 - WARNING - ERA5 file missing: ../pipeline/data/processed/era5_2006.nc
2026-08-27 02:41:26,347 - INFO - 
2026-08-27 02:41:26,347 - INFO - ======================================================================
2026-08-27 02:41:26,347 - INFO - PROCESSING 2007
2026-08-27 02:41:26,347 - INFO - ======================================================================
2026-08-27 02:41:26,347 - WARNING - ERA5 file missing: ../pipeline/data/processed/era5_2007.nc
2026-08-27 02:41:26,347 - INFO - 
2026-08-27 02:41:26,347 - INFO - ======================================================================
2026-08-27 02:41:26,347 - INFO - PROCESSING 2008
2026-08-27 02:41:26,347 - INFO - ======================================================================
2026-08-27 02:41:26,347 - WARNING - ERA5 file missing: ../pipeline/data/processed/era5_2008.nc
2026-08-27 02:41:26,347 - INFO - 
2026-08-27 02:41:26,347 - INFO - ======================================================================
2026-08-27 02:41:26,348 - INFO - PROCESSING 2009
2026-08-27 02:41:26,348 - INFO - ======================================================================
2026-08-27 02:41:26,348 - WARNING - ERA5 file missing: ../pipeline/data/processed/era5_2009.nc
2026-08-27 02:41:26,348 - INFO - 
2026-08-27 02:41:26,348 - INFO - ======================================================================
2026-08-27 02:41:26,348 - INFO - PROCESSING 2010
2026-08-27 02:41:26,348 - INFO - ======================================================================
2026-08-27 02:41:26,348 - WARNING - ERA5 file missing: ../pipeline/data/processed/era5_2010.nc
2026-08-27 02:41:26,348 - INFO - 
2026-08-27 02:41:26,348 - INFO - ======================================================================
2026-08-27 02:41:26,348 - INFO - PROCESSING 2011
2026-08-27 02:41:26,348 - INFO - ======================================================================
2026-08-27 02:41:26,348 - WARNING - ERA5 file missing: ../pipeline/data/processed/era5_2011.nc
2026-08-27 02:41:26,348 - INFO - 
2026-08-27 02:41:26,348 - INFO - ======================================================================
2026-08-27 02:41:26,348 - INFO - PROCESSING 2012
2026-08-27 02:41:26,348 - INFO - ======================================================================
2026-08-27 02:41:26,348 - WARNING - ERA5 file missing: ../pipeline/data/processed/era5_2012.nc
2026-08-27 02:41:26,348 - INFO - 
2026-08-27 02:41:26,348 - INFO - ======================================================================
2026-08-27 02:41:26,348 - INFO - PROCESSING 2013
2026-08-27 02:41:26,348 - INFO - ======================================================================
2026-08-27 02:41:26,348 - WARNING - ERA5 file missing: ../pipeline/data/processed/era5_2013.nc
2026-08-27 02:41:26,348 - INFO - 
2026-08-27 02:41:26,349 - INFO - ======================================================================
2026-08-27 02:41:26,349 - INFO - PROCESSING 2014
2026-08-27 02:41:26,349 - INFO - ======================================================================
2026-08-27 02:41:26,349 - WARNING - ERA5 file missing: ../pipeline/data/processed/era5_2014.nc
2026-08-27 02:41:26,349 - INFO - 
2026-08-27 02:41:26,349 - INFO - ======================================================================
2026-08-27 02:41:26,349 - INFO - PROCESSING 2015
2026-08-27 02:41:26,349 - INFO - ======================================================================
2026-08-27 02:41:26,349 - WARNING - ERA5 file missing: ../pipeline/data/processed/era5_2015.nc
2026-08-27 02:41:26,349 - INFO - 
2026-08-27 02:41:26,349 - INFO - ======================================================================
2026-08-27 02:41:26,349 - INFO - PROCESSING 2016
2026-08-27 02:41:26,349 - INFO - ======================================================================
2026-08-27 02:41:26,349 - WARNING - ERA5 file missing: ../pipeline/data/processed/era5_2016.nc
2026-08-27 02:41:26,349 - INFO - 
2026-08-27 02:41:26,349 - INFO - ======================================================================
2026-08-27 02:41:26,349 - INFO - PROCESSING 2017
2026-08-27 02:41:26,349 - INFO - ======================================================================
2026-08-27 02:41:26,350 - WARNING - ERA5 file missing: ../pipeline/data/processed/era5_2017.nc
2026-08-27 02:41:26,350 - INFO - 
2026-08-27 02:41:26,350 - INFO - ======================================================================
2026-08-27 02:41:26,350 - INFO - PROCESSING 2018
2026-08-27 02:41:26,350 - INFO - ======================================================================
2026-08-27 02:41:26,350 - WARNING - ERA5 file missing: ../pipeline/data/processed/era5_2018.nc
2026-08-27 02:41:26,350 - INFO - 
2026-08-27 02:41:26,350 - INFO - ======================================================================
2026-08-27 02:41:26,350 - INFO - PROCESSING 2019
2026-08-27 02:41:26,350 - INFO - ======================================================================
2026-08-27 02:41:26,350 - WARNING - ERA5 file missing: ../pipeline/data/processed/era5_2019.nc
2026-08-27 02:41:26,350 - INFO - 
2026-08-27 02:41:26,350 - INFO - ======================================================================
2026-08-27 02:41:26,350 - INFO - PROCESSING 2020
2026-08-27 02:41:26,350 - INFO - ======================================================================
2026-08-27 02:41:26,350 - WARNING - ERA5 file missing: ../pipeline/data/processed/era5_2020.nc
2026-08-27 02:41:26,350 - INFO - 
2026-08-27 02:41:26,350 - INFO - ======================================================================
2026-08-27 02:41:26,350 - INFO - PROCESSING COMPLETE
2026-08-27 02:41:26,350 - INFO - ======================================================================
2026-08-27 02:41:26,350 - INFO - Successful years: 0
2026-08-27 02:41:26,350 - INFO - Failed/skipped years: 41
2026-08-27 02:41:26,350 - INFO - Failed years: [1980, 1981, 1982, 1983, 1984, 1985, 1986, 1987, 1988, 1989, 1990, 1991, 1992, 1993, 1994, 1995, 1996, 1997, 1998, 1999, 2000, 2001, 2002, 2003, 2004, 2005, 2006, 2007, 2008, 2009, 2010, 2011, 2012, 2013, 2014, 2015, 2016, 2017, 2018, 2019, 2020]
2026-08-27 02:41:26,350 - INFO - Output directory: comparison_metrics
2026-08-27 02:41:26,350 - INFO - ======================================================================
2026-08-27 02:41:46,033 - ERROR - Temporal metrics failed v10 1984: 'valid_time'
2026-08-27 02:41:46,246 - ERROR - Seasonal metrics failed v10 1984: 'valid_time'
2026-08-27 02:42:17,305 - ERROR - Temporal metrics failed lai 1984: 'valid_time'
2026-08-27 02:42:17,517 - ERROR - Seasonal metrics failed lai 1984: 'valid_time'
2026-08-27 02:42:18,927 - ERROR - Precipitation failed for 1984: 'valid_time'
2026-08-27 02:42:19,373 - ERROR - Wind metrics failed for 1984: 'valid_time'
2026-08-27 02:42:19,410 - INFO - 
2026-08-27 02:42:19,411 - INFO - ======================================================================
2026-08-27 02:42:19,411 - INFO - PROCESSING 1985
2026-08-27 02:42:19,411 - INFO - ======================================================================
2026-08-27 02:42:20,165 - INFO - Loaded ERA5: ../pipeline/data/processed/yearly/era5_1985.nc
2026-08-27 02:42:20,165 - INFO - Loaded CONUS404: ../../hpmille1/final_data/conus404_yearly_1985.nc
2026-08-27 02:42:26,530 - INFO - 
2026-08-27 02:42:26,532 - INFO - ======================================================================
2026-08-27 02:42:26,532 - INFO - ERA5 vs CONUS404 QUANTITATIVE VALIDATION
2026-08-27 02:42:26,532 - INFO - ======================================================================
2026-08-27 02:42:26,532 - INFO - 
2026-08-27 02:42:26,532 - INFO - ======================================================================
2026-08-27 02:42:26,532 - INFO - PROCESSING 1980
2026-08-27 02:42:26,532 - INFO - ======================================================================
2026-08-27 02:42:26,532 - WARNING - ERA5 file missing: ../../pipeline/data/processed/era5_1980.nc
2026-08-27 02:42:26,532 - INFO - 
2026-08-27 02:42:26,532 - INFO - ======================================================================
2026-08-27 02:42:26,532 - INFO - PROCESSING 1981
2026-08-27 02:42:26,532 - INFO - ======================================================================
2026-08-27 02:42:26,532 - WARNING - ERA5 file missing: ../../pipeline/data/processed/era5_1981.nc
2026-08-27 02:42:26,532 - INFO - 
2026-08-27 02:42:26,532 - INFO - ======================================================================
2026-08-27 02:42:26,532 - INFO - PROCESSING 1982
2026-08-27 02:42:26,532 - INFO - ======================================================================
2026-08-27 02:42:26,533 - WARNING - ERA5 file missing: ../../pipeline/data/processed/era5_1982.nc
2026-08-27 02:42:26,533 - INFO - 
2026-08-27 02:42:26,533 - INFO - ======================================================================
2026-08-27 02:42:26,533 - INFO - PROCESSING 1983
2026-08-27 02:42:26,533 - INFO - ======================================================================
2026-08-27 02:42:26,533 - WARNING - ERA5 file missing: ../../pipeline/data/processed/era5_1983.nc
2026-08-27 02:42:26,533 - INFO - 
2026-08-27 02:42:26,533 - INFO - ======================================================================
2026-08-27 02:42:26,533 - INFO - PROCESSING 1984
2026-08-27 02:42:26,533 - INFO - ======================================================================
2026-08-27 02:42:26,533 - WARNING - ERA5 file missing: ../../pipeline/data/processed/era5_1984.nc
2026-08-27 02:42:26,533 - INFO - 
2026-08-27 02:42:26,533 - INFO - ======================================================================
2026-08-27 02:42:26,533 - INFO - PROCESSING 1985
2026-08-27 02:42:26,533 - INFO - ======================================================================
2026-08-27 02:42:26,533 - WARNING - ERA5 file missing: ../../pipeline/data/processed/era5_1985.nc
2026-08-27 02:42:26,533 - INFO - 
2026-08-27 02:42:26,533 - INFO - ======================================================================
2026-08-27 02:42:26,533 - INFO - PROCESSING 1986
2026-08-27 02:42:26,533 - INFO - ======================================================================
2026-08-27 02:42:26,533 - WARNING - ERA5 file missing: ../../pipeline/data/processed/era5_1986.nc
2026-08-27 02:42:26,533 - INFO - 
2026-08-27 02:42:26,533 - INFO - ======================================================================
2026-08-27 02:42:26,533 - INFO - PROCESSING 1987
2026-08-27 02:42:26,533 - INFO - ======================================================================
2026-08-27 02:42:26,534 - WARNING - ERA5 file missing: ../../pipeline/data/processed/era5_1987.nc
2026-08-27 02:42:26,534 - INFO - 
2026-08-27 02:42:26,534 - INFO - ======================================================================
2026-08-27 02:42:26,534 - INFO - PROCESSING 1988
2026-08-27 02:42:26,534 - INFO - ======================================================================
2026-08-27 02:42:26,534 - WARNING - ERA5 file missing: ../../pipeline/data/processed/era5_1988.nc
2026-08-27 02:42:26,534 - INFO - 
2026-08-27 02:42:26,534 - INFO - ======================================================================
2026-08-27 02:42:26,534 - INFO - PROCESSING 1989
2026-08-27 02:42:26,534 - INFO - ======================================================================
2026-08-27 02:42:26,534 - WARNING - ERA5 file missing: ../../pipeline/data/processed/era5_1989.nc
2026-08-27 02:42:26,534 - INFO - 
2026-08-27 02:42:26,535 - INFO - ======================================================================
2026-08-27 02:42:26,535 - INFO - PROCESSING 1990
2026-08-27 02:42:26,535 - INFO - ======================================================================
2026-08-27 02:42:26,535 - WARNING - ERA5 file missing: ../../pipeline/data/processed/era5_1990.nc
2026-08-27 02:42:26,535 - INFO - 
2026-08-27 02:42:26,535 - INFO - ======================================================================
2026-08-27 02:42:26,535 - INFO - PROCESSING 1991
2026-08-27 02:42:26,535 - INFO - ======================================================================
2026-08-27 02:42:26,535 - WARNING - ERA5 file missing: ../../pipeline/data/processed/era5_1991.nc
2026-08-27 02:42:26,535 - INFO - 
2026-08-27 02:42:26,535 - INFO - ======================================================================
2026-08-27 02:42:26,535 - INFO - PROCESSING 1992
2026-08-27 02:42:26,535 - INFO - ======================================================================
2026-08-27 02:42:26,535 - WARNING - ERA5 file missing: ../../pipeline/data/processed/era5_1992.nc
2026-08-27 02:42:26,535 - INFO - 
2026-08-27 02:42:26,535 - INFO - ======================================================================
2026-08-27 02:42:26,535 - INFO - PROCESSING 1993
2026-08-27 02:42:26,535 - INFO - ======================================================================
2026-08-27 02:42:26,535 - WARNING - ERA5 file missing: ../../pipeline/data/processed/era5_1993.nc
2026-08-27 02:42:26,535 - INFO - 
2026-08-27 02:42:26,535 - INFO - ======================================================================
2026-08-27 02:42:26,535 - INFO - PROCESSING 1994
2026-08-27 02:42:26,535 - INFO - ======================================================================
2026-08-27 02:42:26,535 - WARNING - ERA5 file missing: ../../pipeline/data/processed/era5_1994.nc
2026-08-27 02:42:26,535 - INFO - 
2026-08-27 02:42:26,535 - INFO - ======================================================================
2026-08-27 02:42:26,536 - INFO - PROCESSING 1995
2026-08-27 02:42:26,536 - INFO - ======================================================================
2026-08-27 02:42:26,536 - WARNING - ERA5 file missing: ../../pipeline/data/processed/era5_1995.nc
2026-08-27 02:42:26,536 - INFO - 
2026-08-27 02:42:26,536 - INFO - ======================================================================
2026-08-27 02:42:26,536 - INFO - PROCESSING 1996
2026-08-27 02:42:26,536 - INFO - ======================================================================
2026-08-27 02:42:26,536 - WARNING - ERA5 file missing: ../../pipeline/data/processed/era5_1996.nc
2026-08-27 02:42:26,536 - INFO - 
2026-08-27 02:42:26,536 - INFO - ======================================================================
2026-08-27 02:42:26,536 - INFO - PROCESSING 1997
2026-08-27 02:42:26,536 - INFO - ======================================================================
2026-08-27 02:42:26,536 - WARNING - ERA5 file missing: ../../pipeline/data/processed/era5_1997.nc
2026-08-27 02:42:26,536 - INFO - 
2026-08-27 02:42:26,536 - INFO - ======================================================================
2026-08-27 02:42:26,536 - INFO - PROCESSING 1998
2026-08-27 02:42:26,536 - INFO - ======================================================================
2026-08-27 02:42:26,536 - WARNING - ERA5 file missing: ../../pipeline/data/processed/era5_1998.nc
2026-08-27 02:42:26,536 - INFO - 
2026-08-27 02:42:26,536 - INFO - ======================================================================
2026-08-27 02:42:26,536 - INFO - PROCESSING 1999
2026-08-27 02:42:26,536 - INFO - ======================================================================
2026-08-27 02:42:26,537 - WARNING - ERA5 file missing: ../../pipeline/data/processed/era5_1999.nc
2026-08-27 02:42:26,537 - INFO - 
2026-08-27 02:42:26,537 - INFO - ======================================================================
2026-08-27 02:42:26,537 - INFO - PROCESSING 2000
2026-08-27 02:42:26,537 - INFO - ======================================================================
2026-08-27 02:42:26,537 - WARNING - ERA5 file missing: ../../pipeline/data/processed/era5_2000.nc
2026-08-27 02:42:26,537 - INFO - 
2026-08-27 02:42:26,537 - INFO - ======================================================================
2026-08-27 02:42:26,537 - INFO - PROCESSING 2001
2026-08-27 02:42:26,537 - INFO - ======================================================================
2026-08-27 02:42:26,537 - WARNING - ERA5 file missing: ../../pipeline/data/processed/era5_2001.nc
2026-08-27 02:42:26,537 - INFO - 
2026-08-27 02:42:26,537 - INFO - ======================================================================
2026-08-27 02:42:26,537 - INFO - PROCESSING 2002
2026-08-27 02:42:26,537 - INFO - ======================================================================
2026-08-27 02:42:26,537 - WARNING - ERA5 file missing: ../../pipeline/data/processed/era5_2002.nc
2026-08-27 02:42:26,538 - INFO - 
2026-08-27 02:42:26,538 - INFO - ======================================================================
2026-08-27 02:42:26,538 - INFO - PROCESSING 2003
2026-08-27 02:42:26,538 - INFO - ======================================================================
2026-08-27 02:42:26,538 - WARNING - ERA5 file missing: ../../pipeline/data/processed/era5_2003.nc
2026-08-27 02:42:26,538 - INFO - 
2026-08-27 02:42:26,538 - INFO - ======================================================================
2026-08-27 02:42:26,538 - INFO - PROCESSING 2004
2026-08-27 02:42:26,538 - INFO - ======================================================================
2026-08-27 02:42:26,538 - WARNING - ERA5 file missing: ../../pipeline/data/processed/era5_2004.nc
2026-08-27 02:42:26,538 - INFO - 
2026-08-27 02:42:26,538 - INFO - ======================================================================
2026-08-27 02:42:26,538 - INFO - PROCESSING 2005
2026-08-27 02:42:26,538 - INFO - ======================================================================
2026-08-27 02:42:26,538 - WARNING - ERA5 file missing: ../../pipeline/data/processed/era5_2005.nc
2026-08-27 02:42:26,538 - INFO - 
2026-08-27 02:42:26,538 - INFO - ======================================================================
2026-08-27 02:42:26,538 - INFO - PROCESSING 2006
2026-08-27 02:42:26,538 - INFO - ======================================================================
2026-08-27 02:42:26,538 - WARNING - ERA5 file missing: ../../pipeline/data/processed/era5_2006.nc
2026-08-27 02:42:26,538 - INFO - 
2026-08-27 02:42:26,538 - INFO - ======================================================================
2026-08-27 02:42:26,538 - INFO - PROCESSING 2007
2026-08-27 02:42:26,538 - INFO - ======================================================================
2026-08-27 02:42:26,538 - WARNING - ERA5 file missing: ../../pipeline/data/processed/era5_2007.nc
2026-08-27 02:42:26,538 - INFO - 
2026-08-27 02:42:26,539 - INFO - ======================================================================
2026-08-27 02:42:26,539 - INFO - PROCESSING 2008
2026-08-27 02:42:26,539 - INFO - ======================================================================
2026-08-27 02:42:26,539 - WARNING - ERA5 file missing: ../../pipeline/data/processed/era5_2008.nc
2026-08-27 02:42:26,539 - INFO - 
2026-08-27 02:42:26,539 - INFO - ======================================================================
2026-08-27 02:42:26,539 - INFO - PROCESSING 2009
2026-08-27 02:42:26,539 - INFO - ======================================================================
2026-08-27 02:42:26,539 - WARNING - ERA5 file missing: ../../pipeline/data/processed/era5_2009.nc
2026-08-27 02:42:26,539 - INFO - 
2026-08-27 02:42:26,539 - INFO - ======================================================================
2026-08-27 02:42:26,539 - INFO - PROCESSING 2010
2026-08-27 02:42:26,539 - INFO - ======================================================================
2026-08-27 02:42:26,539 - WARNING - ERA5 file missing: ../../pipeline/data/processed/era5_2010.nc
2026-08-27 02:42:26,540 - INFO - 
2026-08-27 02:42:26,540 - INFO - ======================================================================
2026-08-27 02:42:26,540 - INFO - PROCESSING 2011
2026-08-27 02:42:26,540 - INFO - ======================================================================
2026-08-27 02:42:26,540 - WARNING - ERA5 file missing: ../../pipeline/data/processed/era5_2011.nc
2026-08-27 02:42:26,540 - INFO - 
2026-08-27 02:42:26,540 - INFO - ======================================================================
2026-08-27 02:42:26,540 - INFO - PROCESSING 2012
2026-08-27 02:42:26,540 - INFO - ======================================================================
2026-08-27 02:42:26,540 - WARNING - ERA5 file missing: ../../pipeline/data/processed/era5_2012.nc
2026-08-27 02:42:26,540 - INFO - 
2026-08-27 02:42:26,540 - INFO - ======================================================================
2026-08-27 02:42:26,540 - INFO - PROCESSING 2013
2026-08-27 02:42:26,540 - INFO - ======================================================================
2026-08-27 02:42:26,540 - WARNING - ERA5 file missing: ../../pipeline/data/processed/era5_2013.nc
2026-08-27 02:42:26,540 - INFO - 
2026-08-27 02:42:26,540 - INFO - ======================================================================
2026-08-27 02:42:26,540 - INFO - PROCESSING 2014
2026-08-27 02:42:26,540 - INFO - ======================================================================
2026-08-27 02:42:26,540 - WARNING - ERA5 file missing: ../../pipeline/data/processed/era5_2014.nc
2026-08-27 02:42:26,540 - INFO - 
2026-08-27 02:42:26,540 - INFO - ======================================================================
2026-08-27 02:42:26,540 - INFO - PROCESSING 2015
2026-08-27 02:42:26,540 - INFO - ======================================================================
2026-08-27 02:42:26,540 - WARNING - ERA5 file missing: ../../pipeline/data/processed/era5_2015.nc
2026-08-27 02:42:26,540 - INFO - 
2026-08-27 02:42:26,540 - INFO - ======================================================================
2026-08-27 02:42:26,541 - INFO - PROCESSING 2016
2026-08-27 02:42:26,541 - INFO - ======================================================================
2026-08-27 02:42:26,541 - WARNING - ERA5 file missing: ../../pipeline/data/processed/era5_2016.nc
2026-08-27 02:42:26,541 - INFO - 
2026-08-27 02:42:26,541 - INFO - ======================================================================
2026-08-27 02:42:26,541 - INFO - PROCESSING 2017
2026-08-27 02:42:26,541 - INFO - ======================================================================
2026-08-27 02:42:26,541 - WARNING - ERA5 file missing: ../../pipeline/data/processed/era5_2017.nc
2026-08-27 02:42:26,541 - INFO - 
2026-08-27 02:42:26,541 - INFO - ======================================================================
2026-08-27 02:42:26,541 - INFO - PROCESSING 2018
2026-08-27 02:42:26,541 - INFO - ======================================================================
2026-08-27 02:42:26,541 - WARNING - ERA5 file missing: ../../pipeline/data/processed/era5_2018.nc
2026-08-27 02:42:26,541 - INFO - 
2026-08-27 02:42:26,541 - INFO - ======================================================================
2026-08-27 02:42:26,541 - INFO - PROCESSING 2019
2026-08-27 02:42:26,541 - INFO - ======================================================================
2026-08-27 02:42:26,541 - WARNING - ERA5 file missing: ../../pipeline/data/processed/era5_2019.nc
2026-08-27 02:42:26,541 - INFO - 
2026-08-27 02:42:26,541 - INFO - ======================================================================
2026-08-27 02:42:26,541 - INFO - PROCESSING 2020
2026-08-27 02:42:26,541 - INFO - ======================================================================
2026-08-27 02:42:26,541 - WARNING - ERA5 file missing: ../../pipeline/data/processed/era5_2020.nc
2026-08-27 02:42:26,542 - INFO - 
2026-08-27 02:42:26,542 - INFO - ======================================================================
2026-08-27 02:42:26,542 - INFO - PROCESSING COMPLETE
2026-08-27 02:42:26,542 - INFO - ======================================================================
2026-08-27 02:42:26,542 - INFO - Successful years: 0
2026-08-27 02:42:26,542 - INFO - Failed/skipped years: 41
2026-08-27 02:42:26,542 - INFO - Failed years: [1980, 1981, 1982, 1983, 1984, 1985, 1986, 1987, 1988, 1989, 1990, 1991, 1992, 1993, 1994, 1995, 1996, 1997, 1998, 1999, 2000, 2001, 2002, 2003, 2004, 2005, 2006, 2007, 2008, 2009, 2010, 2011, 2012, 2013, 2014, 2015, 2016, 2017, 2018, 2019, 2020]
2026-08-27 02:42:26,542 - INFO - Output directory: comparison_metrics
2026-08-27 02:42:26,542 - INFO - ======================================================================
2026-08-27 02:42:50,171 - INFO - 
2026-08-27 02:42:50,171 - INFO - ======================================================================
2026-08-27 02:42:50,171 - INFO - ERA5 vs CONUS404 QUANTITATIVE VALIDATION
2026-08-27 02:42:50,171 - INFO - ======================================================================
2026-08-27 02:42:50,171 - INFO - 
2026-08-27 02:42:50,171 - INFO - ======================================================================
2026-08-27 02:42:50,171 - INFO - PROCESSING 1980
2026-08-27 02:42:50,171 - INFO - ======================================================================
2026-08-27 02:42:58,501 - INFO - Loaded ERA5: ../pipeline/data/processed/yearly/era5_1980.nc
2026-08-27 02:42:58,501 - INFO - Loaded CONUS404: ../../hpmille1/final_data/conus404_yearly_1980.nc
2026-08-27 02:42:58,736 - ERROR - Temporal metrics failed t2m 1985: 'valid_time'
2026-08-27 02:42:58,950 - ERROR - Seasonal metrics failed t2m 1985: 'valid_time'
2026-08-27 02:43:00,157 - ERROR - Spatial distribution failed t2m 1980: name 'get_time_dimension' is not defined
2026-08-27 02:43:00,160 - ERROR - Temporal metrics failed t2m 1980: name 'get_time_dimension' is not defined
2026-08-27 02:43:00,160 - ERROR - Seasonal metrics failed t2m 1980: name 'get_time_dimension' is not defined
2026-08-27 02:43:01,761 - ERROR - Spatial distribution failed d2m 1980: name 'get_time_dimension' is not defined
2026-08-27 02:43:01,761 - ERROR - Temporal metrics failed d2m 1980: name 'get_time_dimension' is not defined
2026-08-27 02:43:01,762 - ERROR - Seasonal metrics failed d2m 1980: name 'get_time_dimension' is not defined
2026-08-27 02:43:05,090 - ERROR - Spatial distribution failed sp 1980: name 'get_time_dimension' is not defined
2026-08-27 02:43:05,091 - ERROR - Temporal metrics failed sp 1980: name 'get_time_dimension' is not defined
2026-08-27 02:43:05,091 - ERROR - Seasonal metrics failed sp 1980: name 'get_time_dimension' is not defined
2026-08-27 02:43:06,990 - ERROR - Spatial distribution failed u10 1980: name 'get_time_dimension' is not defined
2026-08-27 02:43:06,990 - ERROR - Temporal metrics failed u10 1980: name 'get_time_dimension' is not defined
2026-08-27 02:43:06,991 - ERROR - Seasonal metrics failed u10 1980: name 'get_time_dimension' is not defined
2026-08-27 02:43:09,061 - ERROR - Spatial distribution failed v10 1980: name 'get_time_dimension' is not defined
2026-08-27 02:43:09,061 - ERROR - Temporal metrics failed v10 1980: name 'get_time_dimension' is not defined
2026-08-27 02:43:09,061 - ERROR - Seasonal metrics failed v10 1980: name 'get_time_dimension' is not defined
2026-08-27 02:43:10,859 - ERROR - Spatial distribution failed lai 1980: name 'get_time_dimension' is not defined
2026-08-27 02:43:10,859 - ERROR - Temporal metrics failed lai 1980: name 'get_time_dimension' is not defined
2026-08-27 02:43:10,859 - ERROR - Seasonal metrics failed lai 1980: name 'get_time_dimension' is not defined
2026-08-27 02:43:10,859 - ERROR - Precipitation failed for 1980: name 'get_time_dimension' is not defined
2026-08-27 02:43:10,860 - ERROR - Wind metrics failed for 1980: name 'get_time_dimension' is not defined
2026-08-27 02:43:10,891 - INFO - 
2026-08-27 02:43:10,892 - INFO - ======================================================================
2026-08-27 02:43:10,892 - INFO - PROCESSING 1981
2026-08-27 02:43:10,892 - INFO - ======================================================================
2026-08-27 02:43:11,523 - INFO - Loaded ERA5: ../pipeline/data/processed/yearly/era5_1981.nc
2026-08-27 02:43:11,523 - INFO - Loaded CONUS404: ../../hpmille1/final_data/conus404_yearly_1981.nc
2026-08-27 02:43:13,905 - ERROR - Spatial distribution failed t2m 1981: name 'get_time_dimension' is not defined
2026-08-27 02:43:13,905 - ERROR - Temporal metrics failed t2m 1981: name 'get_time_dimension' is not defined
2026-08-27 02:43:13,905 - ERROR - Seasonal metrics failed t2m 1981: name 'get_time_dimension' is not defined
2026-08-27 02:43:15,874 - ERROR - Spatial distribution failed d2m 1981: name 'get_time_dimension' is not defined
2026-08-27 02:43:15,874 - ERROR - Temporal metrics failed d2m 1981: name 'get_time_dimension' is not defined
2026-08-27 02:43:15,874 - ERROR - Seasonal metrics failed d2m 1981: name 'get_time_dimension' is not defined
2026-08-27 02:43:17,921 - ERROR - Spatial distribution failed sp 1981: name 'get_time_dimension' is not defined
2026-08-27 02:43:17,921 - ERROR - Temporal metrics failed sp 1981: name 'get_time_dimension' is not defined
2026-08-27 02:43:17,921 - ERROR - Seasonal metrics failed sp 1981: name 'get_time_dimension' is not defined
2026-08-27 02:43:19,907 - ERROR - Spatial distribution failed u10 1981: name 'get_time_dimension' is not defined
2026-08-27 02:43:19,907 - ERROR - Temporal metrics failed u10 1981: name 'get_time_dimension' is not defined
2026-08-27 02:43:19,907 - ERROR - Seasonal metrics failed u10 1981: name 'get_time_dimension' is not defined
2026-08-27 02:43:21,832 - ERROR - Spatial distribution failed v10 1981: name 'get_time_dimension' is not defined
2026-08-27 02:43:21,832 - ERROR - Temporal metrics failed v10 1981: name 'get_time_dimension' is not defined
2026-08-27 02:43:21,832 - ERROR - Seasonal metrics failed v10 1981: name 'get_time_dimension' is not defined
2026-08-27 02:43:23,578 - ERROR - Spatial distribution failed lai 1981: name 'get_time_dimension' is not defined
2026-08-27 02:43:23,578 - ERROR - Temporal metrics failed lai 1981: name 'get_time_dimension' is not defined
2026-08-27 02:43:23,578 - ERROR - Seasonal metrics failed lai 1981: name 'get_time_dimension' is not defined
2026-08-27 02:43:23,579 - ERROR - Precipitation failed for 1981: name 'get_time_dimension' is not defined
2026-08-27 02:43:23,579 - ERROR - Wind metrics failed for 1981: name 'get_time_dimension' is not defined
2026-08-27 02:43:23,597 - INFO - 
2026-08-27 02:43:23,598 - INFO - ======================================================================
2026-08-27 02:43:23,598 - INFO - PROCESSING 1982
2026-08-27 02:43:23,598 - INFO - ======================================================================
2026-08-27 02:43:24,255 - INFO - Loaded ERA5: ../pipeline/data/processed/yearly/era5_1982.nc
2026-08-27 02:43:24,255 - INFO - Loaded CONUS404: ../../hpmille1/final_data/conus404_yearly_1982.nc
2026-08-27 02:43:26,184 - ERROR - Spatial distribution failed t2m 1982: name 'get_time_dimension' is not defined
2026-08-27 02:43:26,184 - ERROR - Temporal metrics failed t2m 1982: name 'get_time_dimension' is not defined
2026-08-27 02:43:26,184 - ERROR - Seasonal metrics failed t2m 1982: name 'get_time_dimension' is not defined
2026-08-27 02:43:28,725 - ERROR - Spatial distribution failed d2m 1982: name 'get_time_dimension' is not defined
2026-08-27 02:43:28,725 - ERROR - Temporal metrics failed d2m 1982: name 'get_time_dimension' is not defined
2026-08-27 02:43:28,725 - ERROR - Seasonal metrics failed d2m 1982: name 'get_time_dimension' is not defined
2026-08-27 02:43:30,745 - ERROR - Spatial distribution failed sp 1982: name 'get_time_dimension' is not defined
2026-08-27 02:43:30,745 - ERROR - Temporal metrics failed sp 1982: name 'get_time_dimension' is not defined
2026-08-27 02:43:30,745 - ERROR - Seasonal metrics failed sp 1982: name 'get_time_dimension' is not defined
2026-08-27 02:43:34,721 - ERROR - Spatial distribution failed u10 1982: name 'get_time_dimension' is not defined
2026-08-27 02:43:34,722 - ERROR - Temporal metrics failed u10 1982: name 'get_time_dimension' is not defined
2026-08-27 02:43:34,722 - ERROR - Seasonal metrics failed u10 1982: name 'get_time_dimension' is not defined
2026-08-27 02:43:37,713 - ERROR - Spatial distribution failed v10 1982: name 'get_time_dimension' is not defined
2026-08-27 02:43:37,713 - ERROR - Temporal metrics failed v10 1982: name 'get_time_dimension' is not defined
2026-08-27 02:43:37,714 - ERROR - Seasonal metrics failed v10 1982: name 'get_time_dimension' is not defined
2026-08-27 02:43:38,318 - ERROR - Temporal metrics failed d2m 1985: 'valid_time'
2026-08-27 02:43:38,530 - ERROR - Seasonal metrics failed d2m 1985: 'valid_time'
2026-08-27 02:43:39,614 - ERROR - Spatial distribution failed lai 1982: name 'get_time_dimension' is not defined
2026-08-27 02:43:39,616 - ERROR - Temporal metrics failed lai 1982: name 'get_time_dimension' is not defined
2026-08-27 02:43:39,616 - ERROR - Seasonal metrics failed lai 1982: name 'get_time_dimension' is not defined
2026-08-27 02:43:39,616 - ERROR - Precipitation failed for 1982: name 'get_time_dimension' is not defined
2026-08-27 02:43:39,616 - ERROR - Wind metrics failed for 1982: name 'get_time_dimension' is not defined
2026-08-27 02:43:39,640 - INFO - 
2026-08-27 02:43:39,641 - INFO - ======================================================================
2026-08-27 02:43:39,641 - INFO - PROCESSING 1983
2026-08-27 02:43:39,641 - INFO - ======================================================================
2026-08-27 02:43:40,230 - INFO - Loaded ERA5: ../pipeline/data/processed/yearly/era5_1983.nc
2026-08-27 02:43:40,230 - INFO - Loaded CONUS404: ../../hpmille1/final_data/conus404_yearly_1983.nc
2026-08-27 02:43:41,787 - ERROR - Spatial distribution failed t2m 1983: name 'get_time_dimension' is not defined
2026-08-27 02:43:41,787 - ERROR - Temporal metrics failed t2m 1983: name 'get_time_dimension' is not defined
2026-08-27 02:43:41,787 - ERROR - Seasonal metrics failed t2m 1983: name 'get_time_dimension' is not defined
2026-08-27 02:43:43,516 - ERROR - Spatial distribution failed d2m 1983: name 'get_time_dimension' is not defined
2026-08-27 02:43:43,516 - ERROR - Temporal metrics failed d2m 1983: name 'get_time_dimension' is not defined
2026-08-27 02:43:43,516 - ERROR - Seasonal metrics failed d2m 1983: name 'get_time_dimension' is not defined
2026-08-27 02:43:45,467 - ERROR - Spatial distribution failed sp 1983: name 'get_time_dimension' is not defined
2026-08-27 02:43:45,467 - ERROR - Temporal metrics failed sp 1983: name 'get_time_dimension' is not defined
2026-08-27 02:43:45,467 - ERROR - Seasonal metrics failed sp 1983: name 'get_time_dimension' is not defined
2026-08-27 02:43:47,667 - ERROR - Spatial distribution failed u10 1983: name 'get_time_dimension' is not defined
2026-08-27 02:43:47,667 - ERROR - Temporal metrics failed u10 1983: name 'get_time_dimension' is not defined
2026-08-27 02:43:47,667 - ERROR - Seasonal metrics failed u10 1983: name 'get_time_dimension' is not defined
2026-08-27 02:43:49,498 - ERROR - Spatial distribution failed v10 1983: name 'get_time_dimension' is not defined
2026-08-27 02:43:49,499 - ERROR - Temporal metrics failed v10 1983: name 'get_time_dimension' is not defined
2026-08-27 02:43:49,499 - ERROR - Seasonal metrics failed v10 1983: name 'get_time_dimension' is not defined
2026-08-27 02:43:51,300 - ERROR - Spatial distribution failed lai 1983: name 'get_time_dimension' is not defined
2026-08-27 02:43:51,301 - ERROR - Temporal metrics failed lai 1983: name 'get_time_dimension' is not defined
2026-08-27 02:43:51,301 - ERROR - Seasonal metrics failed lai 1983: name 'get_time_dimension' is not defined
2026-08-27 02:43:51,301 - ERROR - Precipitation failed for 1983: name 'get_time_dimension' is not defined
2026-08-27 02:43:51,301 - ERROR - Wind metrics failed for 1983: name 'get_time_dimension' is not defined
2026-08-27 02:43:51,322 - INFO - 
2026-08-27 02:43:51,323 - INFO - ======================================================================
2026-08-27 02:43:51,323 - INFO - PROCESSING 1984
2026-08-27 02:43:51,323 - INFO - ======================================================================
2026-08-27 02:43:51,800 - INFO - Loaded ERA5: ../pipeline/data/processed/yearly/era5_1984.nc
2026-08-27 02:43:51,800 - INFO - Loaded CONUS404: ../../hpmille1/final_data/conus404_yearly_1984.nc
2026-08-27 02:43:53,518 - ERROR - Spatial distribution failed t2m 1984: name 'get_time_dimension' is not defined
2026-08-27 02:43:53,518 - ERROR - Temporal metrics failed t2m 1984: name 'get_time_dimension' is not defined
2026-08-27 02:43:53,518 - ERROR - Seasonal metrics failed t2m 1984: name 'get_time_dimension' is not defined
2026-08-27 02:43:55,348 - ERROR - Spatial distribution failed d2m 1984: name 'get_time_dimension' is not defined
2026-08-27 02:43:55,348 - ERROR - Temporal metrics failed d2m 1984: name 'get_time_dimension' is not defined
2026-08-27 02:43:55,348 - ERROR - Seasonal metrics failed d2m 1984: name 'get_time_dimension' is not defined
2026-08-27 02:43:57,128 - ERROR - Spatial distribution failed sp 1984: name 'get_time_dimension' is not defined
2026-08-27 02:43:57,128 - ERROR - Temporal metrics failed sp 1984: name 'get_time_dimension' is not defined
2026-08-27 02:43:57,129 - ERROR - Seasonal metrics failed sp 1984: name 'get_time_dimension' is not defined
2026-08-27 02:43:59,053 - ERROR - Spatial distribution failed u10 1984: name 'get_time_dimension' is not defined
2026-08-27 02:43:59,053 - ERROR - Temporal metrics failed u10 1984: name 'get_time_dimension' is not defined
2026-08-27 02:43:59,053 - ERROR - Seasonal metrics failed u10 1984: name 'get_time_dimension' is not defined
2026-08-27 02:44:02,414 - ERROR - Spatial distribution failed v10 1984: name 'get_time_dimension' is not defined
2026-08-27 02:44:02,414 - ERROR - Temporal metrics failed v10 1984: name 'get_time_dimension' is not defined
2026-08-27 02:44:02,414 - ERROR - Seasonal metrics failed v10 1984: name 'get_time_dimension' is not defined
2026-08-27 02:44:04,396 - ERROR - Spatial distribution failed lai 1984: name 'get_time_dimension' is not defined
2026-08-27 02:44:04,397 - ERROR - Temporal metrics failed lai 1984: name 'get_time_dimension' is not defined
2026-08-27 02:44:04,397 - ERROR - Seasonal metrics failed lai 1984: name 'get_time_dimension' is not defined
2026-08-27 02:44:04,397 - ERROR - Precipitation failed for 1984: name 'get_time_dimension' is not defined
2026-08-27 02:44:04,397 - ERROR - Wind metrics failed for 1984: name 'get_time_dimension' is not defined
2026-08-27 02:44:04,433 - INFO - 
2026-08-27 02:44:04,434 - INFO - ======================================================================
2026-08-27 02:44:04,434 - INFO - PROCESSING 1985
2026-08-27 02:44:04,434 - INFO - ======================================================================
2026-08-27 02:44:05,032 - INFO - Loaded ERA5: ../pipeline/data/processed/yearly/era5_1985.nc
2026-08-27 02:44:05,032 - INFO - Loaded CONUS404: ../../hpmille1/final_data/conus404_yearly_1985.nc
2026-08-27 02:44:06,543 - ERROR - Spatial distribution failed t2m 1985: name 'get_time_dimension' is not defined
2026-08-27 02:44:06,543 - ERROR - Temporal metrics failed t2m 1985: name 'get_time_dimension' is not defined
2026-08-27 02:44:06,543 - ERROR - Seasonal metrics failed t2m 1985: name 'get_time_dimension' is not defined
2026-08-27 02:44:08,016 - ERROR - Spatial distribution failed d2m 1985: name 'get_time_dimension' is not defined
2026-08-27 02:44:08,017 - ERROR - Temporal metrics failed d2m 1985: name 'get_time_dimension' is not defined
2026-08-27 02:44:08,017 - ERROR - Seasonal metrics failed d2m 1985: name 'get_time_dimension' is not defined
2026-08-27 02:44:09,647 - ERROR - Spatial distribution failed sp 1985: name 'get_time_dimension' is not defined
2026-08-27 02:44:09,647 - ERROR - Temporal metrics failed sp 1985: name 'get_time_dimension' is not defined
2026-08-27 02:44:09,647 - ERROR - Seasonal metrics failed sp 1985: name 'get_time_dimension' is not defined
2026-08-27 02:44:11,299 - ERROR - Spatial distribution failed u10 1985: name 'get_time_dimension' is not defined
2026-08-27 02:44:11,299 - ERROR - Temporal metrics failed u10 1985: name 'get_time_dimension' is not defined
2026-08-27 02:44:11,300 - ERROR - Seasonal metrics failed u10 1985: name 'get_time_dimension' is not defined
2026-08-27 02:44:12,814 - ERROR - Spatial distribution failed v10 1985: name 'get_time_dimension' is not defined
2026-08-27 02:44:12,814 - ERROR - Temporal metrics failed v10 1985: name 'get_time_dimension' is not defined
2026-08-27 02:44:12,814 - ERROR - Seasonal metrics failed v10 1985: name 'get_time_dimension' is not defined
2026-08-27 02:44:14,112 - ERROR - Spatial distribution failed lai 1985: name 'get_time_dimension' is not defined
2026-08-27 02:44:14,112 - ERROR - Temporal metrics failed lai 1985: name 'get_time_dimension' is not defined
2026-08-27 02:44:14,113 - ERROR - Seasonal metrics failed lai 1985: name 'get_time_dimension' is not defined
2026-08-27 02:44:14,113 - ERROR - Precipitation failed for 1985: name 'get_time_dimension' is not defined
2026-08-27 02:44:14,113 - ERROR - Wind metrics failed for 1985: name 'get_time_dimension' is not defined
2026-08-27 02:44:14,137 - INFO - 
2026-08-27 02:44:14,138 - INFO - ======================================================================
2026-08-27 02:44:14,138 - INFO - PROCESSING 1986
2026-08-27 02:44:14,138 - INFO - ======================================================================
2026-08-27 02:44:14,770 - INFO - Loaded ERA5: ../pipeline/data/processed/yearly/era5_1986.nc
2026-08-27 02:44:14,770 - INFO - Loaded CONUS404: ../../hpmille1/final_data/conus404_yearly_1986.nc
2026-08-27 02:44:16,043 - ERROR - Temporal metrics failed sp 1985: 'valid_time'
2026-08-27 02:44:16,215 - ERROR - Spatial distribution failed t2m 1986: name 'get_time_dimension' is not defined
2026-08-27 02:44:16,218 - ERROR - Temporal metrics failed t2m 1986: name 'get_time_dimension' is not defined
2026-08-27 02:44:16,218 - ERROR - Seasonal metrics failed t2m 1986: name 'get_time_dimension' is not defined
2026-08-27 02:44:16,256 - ERROR - Seasonal metrics failed sp 1985: 'valid_time'
2026-08-27 02:44:17,509 - ERROR - Spatial distribution failed d2m 1986: name 'get_time_dimension' is not defined
2026-08-27 02:44:17,512 - ERROR - Temporal metrics failed d2m 1986: name 'get_time_dimension' is not defined
2026-08-27 02:44:17,512 - ERROR - Seasonal metrics failed d2m 1986: name 'get_time_dimension' is not defined
2026-08-27 02:44:19,113 - ERROR - Spatial distribution failed sp 1986: name 'get_time_dimension' is not defined
2026-08-27 02:44:19,114 - ERROR - Temporal metrics failed sp 1986: name 'get_time_dimension' is not defined
2026-08-27 02:44:19,114 - ERROR - Seasonal metrics failed sp 1986: name 'get_time_dimension' is not defined
2026-08-27 02:44:21,134 - ERROR - Spatial distribution failed u10 1986: name 'get_time_dimension' is not defined
2026-08-27 02:44:21,134 - ERROR - Temporal metrics failed u10 1986: name 'get_time_dimension' is not defined
2026-08-27 02:44:21,134 - ERROR - Seasonal metrics failed u10 1986: name 'get_time_dimension' is not defined
2026-08-27 02:44:25,852 - ERROR - Spatial distribution failed v10 1986: name 'get_time_dimension' is not defined
2026-08-27 02:44:25,853 - ERROR - Temporal metrics failed v10 1986: name 'get_time_dimension' is not defined
2026-08-27 02:44:25,853 - ERROR - Seasonal metrics failed v10 1986: name 'get_time_dimension' is not defined
2026-08-27 02:44:27,699 - ERROR - Spatial distribution failed lai 1986: name 'get_time_dimension' is not defined
2026-08-27 02:44:27,700 - ERROR - Temporal metrics failed lai 1986: name 'get_time_dimension' is not defined
2026-08-27 02:44:27,700 - ERROR - Seasonal metrics failed lai 1986: name 'get_time_dimension' is not defined
2026-08-27 02:44:27,700 - ERROR - Precipitation failed for 1986: name 'get_time_dimension' is not defined
2026-08-27 02:44:27,700 - ERROR - Wind metrics failed for 1986: name 'get_time_dimension' is not defined
2026-08-27 02:44:27,728 - INFO - 
2026-08-27 02:44:27,728 - INFO - ======================================================================
2026-08-27 02:44:27,728 - INFO - PROCESSING 1987
2026-08-27 02:44:27,728 - INFO - ======================================================================
2026-08-27 02:44:28,395 - INFO - Loaded ERA5: ../pipeline/data/processed/yearly/era5_1987.nc
2026-08-27 02:44:28,395 - INFO - Loaded CONUS404: ../../hpmille1/final_data/conus404_yearly_1987.nc
2026-08-27 02:44:29,928 - ERROR - Spatial distribution failed t2m 1987: name 'get_time_dimension' is not defined
2026-08-27 02:44:29,928 - ERROR - Temporal metrics failed t2m 1987: name 'get_time_dimension' is not defined
2026-08-27 02:44:29,928 - ERROR - Seasonal metrics failed t2m 1987: name 'get_time_dimension' is not defined
2026-08-27 02:44:31,785 - ERROR - Spatial distribution failed d2m 1987: name 'get_time_dimension' is not defined
2026-08-27 02:44:31,785 - ERROR - Temporal metrics failed d2m 1987: name 'get_time_dimension' is not defined
2026-08-27 02:44:31,785 - ERROR - Seasonal metrics failed d2m 1987: name 'get_time_dimension' is not defined
2026-08-27 02:44:33,744 - ERROR - Spatial distribution failed sp 1987: name 'get_time_dimension' is not defined
2026-08-27 02:44:33,745 - ERROR - Temporal metrics failed sp 1987: name 'get_time_dimension' is not defined
2026-08-27 02:44:33,745 - ERROR - Seasonal metrics failed sp 1987: name 'get_time_dimension' is not defined
2026-08-27 02:44:35,768 - ERROR - Spatial distribution failed u10 1987: name 'get_time_dimension' is not defined
2026-08-27 02:44:35,768 - ERROR - Temporal metrics failed u10 1987: name 'get_time_dimension' is not defined
2026-08-27 02:44:35,769 - ERROR - Seasonal metrics failed u10 1987: name 'get_time_dimension' is not defined
2026-08-27 02:44:38,405 - ERROR - Spatial distribution failed v10 1987: name 'get_time_dimension' is not defined
2026-08-27 02:44:38,405 - ERROR - Temporal metrics failed v10 1987: name 'get_time_dimension' is not defined
2026-08-27 02:44:38,405 - ERROR - Seasonal metrics failed v10 1987: name 'get_time_dimension' is not defined
2026-08-27 02:44:40,514 - ERROR - Spatial distribution failed lai 1987: name 'get_time_dimension' is not defined
2026-08-27 02:44:40,515 - ERROR - Temporal metrics failed lai 1987: name 'get_time_dimension' is not defined
2026-08-27 02:44:40,515 - ERROR - Seasonal metrics failed lai 1987: name 'get_time_dimension' is not defined
2026-08-27 02:44:40,515 - ERROR - Precipitation failed for 1987: name 'get_time_dimension' is not defined
2026-08-27 02:44:40,515 - ERROR - Wind metrics failed for 1987: name 'get_time_dimension' is not defined
2026-08-27 02:44:40,540 - INFO - 
2026-08-27 02:44:40,540 - INFO - ======================================================================
2026-08-27 02:44:40,541 - INFO - PROCESSING 1988
2026-08-27 02:44:40,541 - INFO - ======================================================================
2026-08-27 02:44:41,286 - INFO - Loaded ERA5: ../pipeline/data/processed/yearly/era5_1988.nc
2026-08-27 02:44:41,286 - INFO - Loaded CONUS404: ../../hpmille1/final_data/conus404_yearly_1988.nc
2026-08-27 02:44:42,239 - ERROR - Temporal metrics failed u10 1985: 'valid_time'
2026-08-27 02:44:42,451 - ERROR - Seasonal metrics failed u10 1985: 'valid_time'
2026-08-27 02:44:43,016 - ERROR - Spatial distribution failed t2m 1988: name 'get_time_dimension' is not defined
2026-08-27 02:44:43,019 - ERROR - Temporal metrics failed t2m 1988: name 'get_time_dimension' is not defined
2026-08-27 02:44:43,019 - ERROR - Seasonal metrics failed t2m 1988: name 'get_time_dimension' is not defined
2026-08-27 02:44:45,327 - ERROR - Spatial distribution failed d2m 1988: name 'get_time_dimension' is not defined
2026-08-27 02:44:45,328 - ERROR - Temporal metrics failed d2m 1988: name 'get_time_dimension' is not defined
2026-08-27 02:44:45,328 - ERROR - Seasonal metrics failed d2m 1988: name 'get_time_dimension' is not defined
2026-08-27 02:44:47,638 - ERROR - Spatial distribution failed sp 1988: name 'get_time_dimension' is not defined
2026-08-27 02:44:47,639 - ERROR - Temporal metrics failed sp 1988: name 'get_time_dimension' is not defined
2026-08-27 02:44:47,639 - ERROR - Seasonal metrics failed sp 1988: name 'get_time_dimension' is not defined
2026-08-27 02:44:49,611 - ERROR - Spatial distribution failed u10 1988: name 'get_time_dimension' is not defined
2026-08-27 02:44:49,611 - ERROR - Temporal metrics failed u10 1988: name 'get_time_dimension' is not defined
2026-08-27 02:44:49,612 - ERROR - Seasonal metrics failed u10 1988: name 'get_time_dimension' is not defined
2026-08-27 02:44:51,315 - ERROR - Spatial distribution failed v10 1988: name 'get_time_dimension' is not defined
2026-08-27 02:44:51,316 - ERROR - Temporal metrics failed v10 1988: name 'get_time_dimension' is not defined
2026-08-27 02:44:51,316 - ERROR - Seasonal metrics failed v10 1988: name 'get_time_dimension' is not defined
2026-08-27 02:44:53,185 - ERROR - Spatial distribution failed lai 1988: name 'get_time_dimension' is not defined
2026-08-27 02:44:53,186 - ERROR - Temporal metrics failed lai 1988: name 'get_time_dimension' is not defined
2026-08-27 02:44:53,186 - ERROR - Seasonal metrics failed lai 1988: name 'get_time_dimension' is not defined
2026-08-27 02:44:53,186 - ERROR - Precipitation failed for 1988: name 'get_time_dimension' is not defined
2026-08-27 02:44:53,186 - ERROR - Wind metrics failed for 1988: name 'get_time_dimension' is not defined
2026-08-27 02:44:53,209 - INFO - 
2026-08-27 02:44:53,209 - INFO - ======================================================================
2026-08-27 02:44:53,209 - INFO - PROCESSING 1989
2026-08-27 02:44:53,209 - INFO - ======================================================================
2026-08-27 02:44:54,195 - INFO - Loaded ERA5: ../pipeline/data/processed/yearly/era5_1989.nc
2026-08-27 02:44:54,195 - INFO - Loaded CONUS404: ../../hpmille1/final_data/conus404_yearly_1989.nc
2026-08-27 02:44:56,032 - ERROR - Spatial distribution failed t2m 1989: name 'get_time_dimension' is not defined
2026-08-27 02:44:56,032 - ERROR - Temporal metrics failed t2m 1989: name 'get_time_dimension' is not defined
2026-08-27 02:44:56,032 - ERROR - Seasonal metrics failed t2m 1989: name 'get_time_dimension' is not defined
2026-08-27 02:44:57,791 - ERROR - Spatial distribution failed d2m 1989: name 'get_time_dimension' is not defined
2026-08-27 02:44:57,791 - ERROR - Temporal metrics failed d2m 1989: name 'get_time_dimension' is not defined
2026-08-27 02:44:57,791 - ERROR - Seasonal metrics failed d2m 1989: name 'get_time_dimension' is not defined
2026-08-27 02:44:59,927 - ERROR - Spatial distribution failed sp 1989: name 'get_time_dimension' is not defined
2026-08-27 02:44:59,928 - ERROR - Temporal metrics failed sp 1989: name 'get_time_dimension' is not defined
2026-08-27 02:44:59,928 - ERROR - Seasonal metrics failed sp 1989: name 'get_time_dimension' is not defined
2026-08-27 02:45:01,964 - ERROR - Spatial distribution failed u10 1989: name 'get_time_dimension' is not defined
2026-08-27 02:45:01,965 - ERROR - Temporal metrics failed u10 1989: name 'get_time_dimension' is not defined
2026-08-27 02:45:01,965 - ERROR - Seasonal metrics failed u10 1989: name 'get_time_dimension' is not defined
2026-08-27 02:45:03,878 - ERROR - Spatial distribution failed v10 1989: name 'get_time_dimension' is not defined
2026-08-27 02:45:03,878 - ERROR - Temporal metrics failed v10 1989: name 'get_time_dimension' is not defined
2026-08-27 02:45:03,878 - ERROR - Seasonal metrics failed v10 1989: name 'get_time_dimension' is not defined
2026-08-27 02:45:05,745 - ERROR - Spatial distribution failed lai 1989: name 'get_time_dimension' is not defined
2026-08-27 02:45:05,746 - ERROR - Temporal metrics failed lai 1989: name 'get_time_dimension' is not defined
2026-08-27 02:45:05,746 - ERROR - Seasonal metrics failed lai 1989: name 'get_time_dimension' is not defined
2026-08-27 02:45:05,746 - ERROR - Precipitation failed for 1989: name 'get_time_dimension' is not defined
2026-08-27 02:45:05,746 - ERROR - Wind metrics failed for 1989: name 'get_time_dimension' is not defined
2026-08-27 02:45:05,772 - INFO - 
2026-08-27 02:45:05,772 - INFO - ======================================================================
2026-08-27 02:45:05,773 - INFO - PROCESSING 1990
2026-08-27 02:45:05,773 - INFO - ======================================================================
2026-08-27 02:45:06,476 - INFO - Loaded ERA5: ../pipeline/data/processed/yearly/era5_1990.nc
2026-08-27 02:45:06,476 - INFO - Loaded CONUS404: ../../hpmille1/final_data/conus404_yearly_1990.nc
2026-08-27 02:45:08,177 - ERROR - Spatial distribution failed t2m 1990: name 'get_time_dimension' is not defined
2026-08-27 02:45:08,177 - ERROR - Temporal metrics failed t2m 1990: name 'get_time_dimension' is not defined
2026-08-27 02:45:08,177 - ERROR - Seasonal metrics failed t2m 1990: name 'get_time_dimension' is not defined
2026-08-27 02:45:09,721 - ERROR - Spatial distribution failed d2m 1990: name 'get_time_dimension' is not defined
2026-08-27 02:45:09,721 - ERROR - Temporal metrics failed d2m 1990: name 'get_time_dimension' is not defined
2026-08-27 02:45:09,721 - ERROR - Seasonal metrics failed d2m 1990: name 'get_time_dimension' is not defined
2026-08-27 02:45:11,152 - ERROR - Temporal metrics failed v10 1985: 'valid_time'
2026-08-27 02:45:11,361 - ERROR - Seasonal metrics failed v10 1985: 'valid_time'
2026-08-27 02:45:11,465 - ERROR - Spatial distribution failed sp 1990: name 'get_time_dimension' is not defined
2026-08-27 02:45:11,468 - ERROR - Temporal metrics failed sp 1990: name 'get_time_dimension' is not defined
2026-08-27 02:45:11,469 - ERROR - Seasonal metrics failed sp 1990: name 'get_time_dimension' is not defined
2026-08-27 02:45:13,360 - ERROR - Spatial distribution failed u10 1990: name 'get_time_dimension' is not defined
2026-08-27 02:45:13,360 - ERROR - Temporal metrics failed u10 1990: name 'get_time_dimension' is not defined
2026-08-27 02:45:13,360 - ERROR - Seasonal metrics failed u10 1990: name 'get_time_dimension' is not defined
2026-08-27 02:45:16,125 - ERROR - Spatial distribution failed v10 1990: name 'get_time_dimension' is not defined
2026-08-27 02:45:16,126 - ERROR - Temporal metrics failed v10 1990: name 'get_time_dimension' is not defined
2026-08-27 02:45:16,126 - ERROR - Seasonal metrics failed v10 1990: name 'get_time_dimension' is not defined
2026-08-27 02:45:17,750 - ERROR - Spatial distribution failed lai 1990: name 'get_time_dimension' is not defined
2026-08-27 02:45:17,750 - ERROR - Temporal metrics failed lai 1990: name 'get_time_dimension' is not defined
2026-08-27 02:45:17,750 - ERROR - Seasonal metrics failed lai 1990: name 'get_time_dimension' is not defined
2026-08-27 02:45:17,751 - ERROR - Precipitation failed for 1990: name 'get_time_dimension' is not defined
2026-08-27 02:45:17,751 - ERROR - Wind metrics failed for 1990: name 'get_time_dimension' is not defined
2026-08-27 02:45:17,776 - INFO - 
2026-08-27 02:45:17,776 - INFO - ======================================================================
2026-08-27 02:45:17,776 - INFO - PROCESSING 1991
2026-08-27 02:45:17,776 - INFO - ======================================================================
2026-08-27 02:45:18,415 - INFO - Loaded ERA5: ../pipeline/data/processed/yearly/era5_1991.nc
2026-08-27 02:45:18,415 - INFO - Loaded CONUS404: ../../hpmille1/final_data/conus404_yearly_1991.nc
2026-08-27 02:45:19,959 - ERROR - Spatial distribution failed t2m 1991: name 'get_time_dimension' is not defined
2026-08-27 02:45:19,960 - ERROR - Temporal metrics failed t2m 1991: name 'get_time_dimension' is not defined
2026-08-27 02:45:19,960 - ERROR - Seasonal metrics failed t2m 1991: name 'get_time_dimension' is not defined
2026-08-27 02:45:21,476 - ERROR - Spatial distribution failed d2m 1991: name 'get_time_dimension' is not defined
2026-08-27 02:45:21,476 - ERROR - Temporal metrics failed d2m 1991: name 'get_time_dimension' is not defined
2026-08-27 02:45:21,476 - ERROR - Seasonal metrics failed d2m 1991: name 'get_time_dimension' is not defined
2026-08-27 02:45:23,569 - ERROR - Spatial distribution failed sp 1991: name 'get_time_dimension' is not defined
2026-08-27 02:45:23,570 - ERROR - Temporal metrics failed sp 1991: name 'get_time_dimension' is not defined
2026-08-27 02:45:23,570 - ERROR - Seasonal metrics failed sp 1991: name 'get_time_dimension' is not defined
2026-08-27 02:45:25,652 - ERROR - Spatial distribution failed u10 1991: name 'get_time_dimension' is not defined
2026-08-27 02:45:25,652 - ERROR - Temporal metrics failed u10 1991: name 'get_time_dimension' is not defined
2026-08-27 02:45:25,652 - ERROR - Seasonal metrics failed u10 1991: name 'get_time_dimension' is not defined
2026-08-27 02:45:30,062 - ERROR - Spatial distribution failed v10 1991: name 'get_time_dimension' is not defined
2026-08-27 02:45:30,062 - ERROR - Temporal metrics failed v10 1991: name 'get_time_dimension' is not defined
2026-08-27 02:45:30,062 - ERROR - Seasonal metrics failed v10 1991: name 'get_time_dimension' is not defined
2026-08-27 02:45:33,073 - ERROR - Spatial distribution failed lai 1991: name 'get_time_dimension' is not defined
2026-08-27 02:45:33,073 - ERROR - Temporal metrics failed lai 1991: name 'get_time_dimension' is not defined
2026-08-27 02:45:33,073 - ERROR - Seasonal metrics failed lai 1991: name 'get_time_dimension' is not defined
2026-08-27 02:45:33,073 - ERROR - Precipitation failed for 1991: name 'get_time_dimension' is not defined
2026-08-27 02:45:33,074 - ERROR - Wind metrics failed for 1991: name 'get_time_dimension' is not defined
2026-08-27 02:45:33,112 - INFO - 
2026-08-27 02:45:33,112 - INFO - ======================================================================
2026-08-27 02:45:33,113 - INFO - PROCESSING 1992
2026-08-27 02:45:33,113 - INFO - ======================================================================
2026-08-27 02:45:33,994 - INFO - Loaded ERA5: ../pipeline/data/processed/yearly/era5_1992.nc
2026-08-27 02:45:33,994 - INFO - Loaded CONUS404: ../../hpmille1/final_data/conus404_yearly_1992.nc
2026-08-27 02:45:36,489 - ERROR - Spatial distribution failed t2m 1992: name 'get_time_dimension' is not defined
2026-08-27 02:45:36,489 - ERROR - Temporal metrics failed t2m 1992: name 'get_time_dimension' is not defined
2026-08-27 02:45:36,490 - ERROR - Seasonal metrics failed t2m 1992: name 'get_time_dimension' is not defined
2026-08-27 02:45:38,207 - ERROR - Spatial distribution failed d2m 1992: name 'get_time_dimension' is not defined
2026-08-27 02:45:38,207 - ERROR - Temporal metrics failed d2m 1992: name 'get_time_dimension' is not defined
2026-08-27 02:45:38,207 - ERROR - Seasonal metrics failed d2m 1992: name 'get_time_dimension' is not defined
2026-08-27 02:45:40,153 - ERROR - Spatial distribution failed sp 1992: name 'get_time_dimension' is not defined
2026-08-27 02:45:40,153 - ERROR - Temporal metrics failed sp 1992: name 'get_time_dimension' is not defined
2026-08-27 02:45:40,153 - ERROR - Seasonal metrics failed sp 1992: name 'get_time_dimension' is not defined
2026-08-27 02:45:42,333 - ERROR - Spatial distribution failed u10 1992: name 'get_time_dimension' is not defined
2026-08-27 02:45:42,333 - ERROR - Temporal metrics failed u10 1992: name 'get_time_dimension' is not defined
2026-08-27 02:45:42,333 - ERROR - Seasonal metrics failed u10 1992: name 'get_time_dimension' is not defined
2026-08-27 02:45:44,564 - ERROR - Spatial distribution failed v10 1992: name 'get_time_dimension' is not defined
2026-08-27 02:45:44,564 - ERROR - Temporal metrics failed v10 1992: name 'get_time_dimension' is not defined
2026-08-27 02:45:44,564 - ERROR - Seasonal metrics failed v10 1992: name 'get_time_dimension' is not defined
2026-08-27 02:45:45,434 - ERROR - Temporal metrics failed lai 1985: 'valid_time'
2026-08-27 02:45:45,651 - ERROR - Seasonal metrics failed lai 1985: 'valid_time'
2026-08-27 02:45:46,851 - ERROR - Precipitation failed for 1985: 'valid_time'
2026-08-27 02:45:47,291 - ERROR - Wind metrics failed for 1985: 'valid_time'
2026-08-27 02:45:47,324 - INFO - 
2026-08-27 02:45:47,324 - INFO - ======================================================================
2026-08-27 02:45:47,324 - INFO - PROCESSING 1986
2026-08-27 02:45:47,324 - INFO - ======================================================================
2026-08-27 02:45:47,820 - ERROR - Spatial distribution failed lai 1992: name 'get_time_dimension' is not defined
2026-08-27 02:45:47,824 - ERROR - Temporal metrics failed lai 1992: name 'get_time_dimension' is not defined
2026-08-27 02:45:47,824 - ERROR - Seasonal metrics failed lai 1992: name 'get_time_dimension' is not defined
2026-08-27 02:45:47,824 - ERROR - Precipitation failed for 1992: name 'get_time_dimension' is not defined
2026-08-27 02:45:47,824 - ERROR - Wind metrics failed for 1992: name 'get_time_dimension' is not defined
2026-08-27 02:45:47,863 - INFO - 
2026-08-27 02:45:47,864 - INFO - ======================================================================
2026-08-27 02:45:47,864 - INFO - PROCESSING 1993
2026-08-27 02:45:47,864 - INFO - ======================================================================
2026-08-27 02:45:48,203 - INFO - Loaded ERA5: ../pipeline/data/processed/yearly/era5_1986.nc
2026-08-27 02:45:48,206 - INFO - Loaded CONUS404: ../../hpmille1/final_data/conus404_yearly_1986.nc
2026-08-27 02:45:49,039 - INFO - Loaded ERA5: ../pipeline/data/processed/yearly/era5_1993.nc
2026-08-27 02:45:49,041 - INFO - Loaded CONUS404: ../../hpmille1/final_data/conus404_yearly_1993.nc
2026-08-27 02:45:51,614 - ERROR - Spatial distribution failed t2m 1993: name 'get_time_dimension' is not defined
2026-08-27 02:45:51,614 - ERROR - Temporal metrics failed t2m 1993: name 'get_time_dimension' is not defined
2026-08-27 02:45:51,614 - ERROR - Seasonal metrics failed t2m 1993: name 'get_time_dimension' is not defined
2026-08-27 02:45:53,583 - ERROR - Spatial distribution failed d2m 1993: name 'get_time_dimension' is not defined
2026-08-27 02:45:53,583 - ERROR - Temporal metrics failed d2m 1993: name 'get_time_dimension' is not defined
2026-08-27 02:45:53,583 - ERROR - Seasonal metrics failed d2m 1993: name 'get_time_dimension' is not defined
2026-08-27 02:45:55,575 - ERROR - Spatial distribution failed sp 1993: name 'get_time_dimension' is not defined
2026-08-27 02:45:55,575 - ERROR - Temporal metrics failed sp 1993: name 'get_time_dimension' is not defined
2026-08-27 02:45:55,575 - ERROR - Seasonal metrics failed sp 1993: name 'get_time_dimension' is not defined
2026-08-27 02:45:57,527 - ERROR - Spatial distribution failed u10 1993: name 'get_time_dimension' is not defined
2026-08-27 02:45:57,527 - ERROR - Temporal metrics failed u10 1993: name 'get_time_dimension' is not defined
2026-08-27 02:45:57,527 - ERROR - Seasonal metrics failed u10 1993: name 'get_time_dimension' is not defined
2026-08-27 02:46:20,882 - INFO - 
2026-08-27 02:46:20,882 - INFO - ======================================================================
2026-08-27 02:46:20,882 - INFO - ERA5 vs CONUS404 QUANTITATIVE VALIDATION
2026-08-27 02:46:20,883 - INFO - ======================================================================
2026-08-27 02:46:20,883 - INFO - 
2026-08-27 02:46:20,883 - INFO - ======================================================================
2026-08-27 02:46:20,883 - INFO - PROCESSING 1980
2026-08-27 02:46:20,883 - INFO - ======================================================================
2026-08-27 02:46:21,948 - INFO - Loaded ERA5: ../pipeline/data/processed/yearly/era5_1980.nc
2026-08-27 02:46:21,949 - INFO - Loaded CONUS404: ../../hpmille1/final_data/conus404_yearly_1980.nc
2026-08-27 02:46:28,309 - ERROR - Temporal metrics failed t2m 1986: 'valid_time'
2026-08-27 02:46:28,524 - ERROR - Seasonal metrics failed t2m 1986: 'valid_time'
2026-08-27 02:47:07,213 - ERROR - Temporal metrics failed d2m 1986: 'valid_time'
2026-08-27 02:47:07,446 - ERROR - Seasonal metrics failed d2m 1986: 'valid_time'
2026-08-27 02:47:44,248 - ERROR - Temporal metrics failed sp 1986: 'valid_time'
2026-08-27 02:47:44,459 - ERROR - Seasonal metrics failed sp 1986: 'valid_time'
2026-08-27 02:51:12,769 - INFO - 
2026-08-27 02:51:12,772 - INFO - ======================================================================
2026-08-27 02:51:12,772 - INFO - PROCESSING 1981
2026-08-27 02:51:12,781 - INFO - ======================================================================
2026-08-27 02:51:13,408 - INFO - Loaded ERA5: ../pipeline/data/processed/yearly/era5_1981.nc
2026-08-27 02:51:13,408 - INFO - Loaded CONUS404: ../../hpmille1/final_data/conus404_yearly_1981.nc
2026-08-27 02:55:59,401 - INFO - 
2026-08-27 02:55:59,402 - INFO - ======================================================================
2026-08-27 02:55:59,402 - INFO - PROCESSING 1982
2026-08-27 02:55:59,402 - INFO - ======================================================================
2026-08-27 02:56:00,007 - INFO - Loaded ERA5: ../pipeline/data/processed/yearly/era5_1982.nc
2026-08-27 02:56:00,007 - INFO - Loaded CONUS404: ../../hpmille1/final_data/conus404_yearly_1982.nc
2026-08-27 02:59:43,786 - INFO - 
2026-08-27 02:59:43,787 - INFO - ======================================================================
2026-08-27 02:59:43,787 - INFO - PROCESSING 1983
2026-08-27 02:59:43,788 - INFO - ======================================================================
2026-08-27 02:59:44,709 - INFO - Loaded ERA5: ../pipeline/data/processed/yearly/era5_1983.nc
2026-08-27 02:59:44,710 - INFO - Loaded CONUS404: ../../hpmille1/final_data/conus404_yearly_1983.nc
2026-08-27 03:04:24,379 - INFO - 
2026-08-27 03:04:24,380 - INFO - ======================================================================
2026-08-27 03:04:24,381 - INFO - PROCESSING 1984
2026-08-27 03:04:24,381 - INFO - ======================================================================
2026-08-27 03:04:25,080 - INFO - Loaded ERA5: ../pipeline/data/processed/yearly/era5_1984.nc
2026-08-27 03:04:25,080 - INFO - Loaded CONUS404: ../../hpmille1/final_data/conus404_yearly_1984.nc
2026-08-27 03:08:08,552 - INFO - 
2026-08-27 03:08:08,567 - INFO - ======================================================================
2026-08-27 03:08:08,567 - INFO - PROCESSING 1985
2026-08-27 03:08:08,567 - INFO - ======================================================================
2026-08-27 03:08:09,238 - INFO - Loaded ERA5: ../pipeline/data/processed/yearly/era5_1985.nc
2026-08-27 03:08:09,238 - INFO - Loaded CONUS404: ../../hpmille1/final_data/conus404_yearly_1985.nc
2026-08-27 03:12:38,756 - INFO - 
2026-08-27 03:12:38,757 - INFO - ======================================================================
2026-08-27 03:12:38,757 - INFO - PROCESSING 1986
2026-08-27 03:12:38,758 - INFO - ======================================================================
2026-08-27 03:12:39,425 - INFO - Loaded ERA5: ../pipeline/data/processed/yearly/era5_1986.nc
2026-08-27 03:12:39,425 - INFO - Loaded CONUS404: ../../hpmille1/final_data/conus404_yearly_1986.nc
2026-08-27 03:16:18,556 - INFO - 
2026-08-27 03:16:18,558 - INFO - ======================================================================
2026-08-27 03:16:18,558 - INFO - PROCESSING 1987
2026-08-27 03:16:18,558 - INFO - ======================================================================
2026-08-27 03:16:19,190 - INFO - Loaded ERA5: ../pipeline/data/processed/yearly/era5_1987.nc
2026-08-27 03:16:19,190 - INFO - Loaded CONUS404: ../../hpmille1/final_data/conus404_yearly_1987.nc
2026-08-27 03:20:11,955 - INFO - 
2026-08-27 03:20:11,955 - INFO - ======================================================================
2026-08-27 03:20:11,955 - INFO - ERA5 vs CONUS404 QUANTITATIVE VALIDATION
2026-08-27 03:20:11,955 - INFO - ======================================================================
2026-08-27 03:20:11,955 - INFO - 
2026-08-27 03:20:11,955 - INFO - ======================================================================
2026-08-27 03:20:11,955 - INFO - PROCESSING 1980
2026-08-27 03:20:11,955 - INFO - ======================================================================
2026-08-27 03:20:16,368 - INFO - Loaded ERA5: ../pipeline/data/processed/yearly/era5_1980.nc
2026-08-27 03:20:16,368 - INFO - Loaded CONUS404: ../../hpmille1/final_data/conus404_yearly_1980.nc
2026-08-27 03:24:21,287 - INFO - 
2026-08-27 03:24:21,288 - INFO - ======================================================================
2026-08-27 03:24:21,288 - INFO - PROCESSING 1981
2026-08-27 03:24:21,288 - INFO - ======================================================================
2026-08-27 03:24:22,010 - INFO - Loaded ERA5: ../pipeline/data/processed/yearly/era5_1981.nc
2026-08-27 03:24:22,010 - INFO - Loaded CONUS404: ../../hpmille1/final_data/conus404_yearly_1981.nc
2026-08-27 03:28:14,396 - INFO - 
2026-08-27 03:28:14,397 - INFO - ======================================================================
2026-08-27 03:28:14,397 - INFO - PROCESSING 1982
2026-08-27 03:28:14,397 - INFO - ======================================================================
2026-08-27 03:28:15,103 - INFO - Loaded ERA5: ../pipeline/data/processed/yearly/era5_1982.nc
2026-08-27 03:28:15,103 - INFO - Loaded CONUS404: ../../hpmille1/final_data/conus404_yearly_1982.nc
2026-08-27 03:32:09,462 - INFO - 
2026-08-27 03:32:09,463 - INFO - ======================================================================
2026-08-27 03:32:09,463 - INFO - PROCESSING 1983
2026-08-27 03:32:09,463 - INFO - ======================================================================
2026-08-27 03:32:10,224 - INFO - Loaded ERA5: ../pipeline/data/processed/yearly/era5_1983.nc
2026-08-27 03:32:10,224 - INFO - Loaded CONUS404: ../../hpmille1/final_data/conus404_yearly_1983.nc
2026-08-27 03:36:12,817 - INFO - 
2026-08-27 03:36:12,818 - INFO - ======================================================================
2026-08-27 03:36:12,818 - INFO - PROCESSING 1984
2026-08-27 03:36:12,818 - INFO - ======================================================================
2026-08-27 03:36:13,524 - INFO - Loaded ERA5: ../pipeline/data/processed/yearly/era5_1984.nc
2026-08-27 03:36:13,524 - INFO - Loaded CONUS404: ../../hpmille1/final_data/conus404_yearly_1984.nc
2026-08-27 03:40:58,723 - INFO - 
2026-08-27 03:40:58,724 - INFO - ======================================================================
2026-08-27 03:40:58,724 - INFO - PROCESSING 1985
2026-08-27 03:40:58,724 - INFO - ======================================================================
2026-08-27 03:40:59,534 - INFO - Loaded ERA5: ../pipeline/data/processed/yearly/era5_1985.nc
2026-08-27 03:40:59,535 - INFO - Loaded CONUS404: ../../hpmille1/final_data/conus404_yearly_1985.nc
2026-08-27 03:44:56,984 - INFO - 
2026-08-27 03:44:56,986 - INFO - ======================================================================
2026-08-27 03:44:56,986 - INFO - PROCESSING 1986
2026-08-27 03:44:56,986 - INFO - ======================================================================
2026-08-27 03:44:57,741 - INFO - Loaded ERA5: ../pipeline/data/processed/yearly/era5_1986.nc
2026-08-27 03:44:57,741 - INFO - Loaded CONUS404: ../../hpmille1/final_data/conus404_yearly_1986.nc
2026-08-27 03:49:42,534 - INFO - 
2026-08-27 03:49:42,535 - INFO - ======================================================================
2026-08-27 03:49:42,535 - INFO - PROCESSING 1987
2026-08-27 03:49:42,535 - INFO - ======================================================================
2026-08-27 03:49:43,202 - INFO - Loaded ERA5: ../pipeline/data/processed/yearly/era5_1987.nc
2026-08-27 03:49:43,202 - INFO - Loaded CONUS404: ../../hpmille1/final_data/conus404_yearly_1987.nc
2026-08-27 03:53:37,076 - INFO - 
2026-08-27 03:53:37,077 - INFO - ======================================================================
2026-08-27 03:53:37,078 - INFO - PROCESSING 1988
2026-08-27 03:53:37,078 - INFO - ======================================================================
2026-08-27 03:53:37,707 - INFO - Loaded ERA5: ../pipeline/data/processed/yearly/era5_1988.nc
2026-08-27 03:53:37,707 - INFO - Loaded CONUS404: ../../hpmille1/final_data/conus404_yearly_1988.nc
2026-08-27 03:58:22,757 - INFO - 
2026-08-27 03:58:22,758 - INFO - ======================================================================
2026-08-27 03:58:22,758 - INFO - PROCESSING 1989
2026-08-27 03:58:22,758 - INFO - ======================================================================
2026-08-27 03:58:23,446 - INFO - Loaded ERA5: ../pipeline/data/processed/yearly/era5_1989.nc
2026-08-27 03:58:23,469 - INFO - Loaded CONUS404: ../../hpmille1/final_data/conus404_yearly_1989.nc
2026-08-27 04:02:07,032 - INFO - 
2026-08-27 04:02:07,032 - INFO - ======================================================================
2026-08-27 04:02:07,032 - INFO - PROCESSING 1990
2026-08-27 04:02:07,032 - INFO - ======================================================================
2026-08-27 04:02:07,784 - INFO - Loaded ERA5: ../pipeline/data/processed/yearly/era5_1990.nc
2026-08-27 04:02:07,784 - INFO - Loaded CONUS404: ../../hpmille1/final_data/conus404_yearly_1990.nc
2026-08-27 04:06:00,113 - INFO - 
2026-08-27 04:06:00,114 - INFO - ======================================================================
2026-08-27 04:06:00,114 - INFO - PROCESSING 1991
2026-08-27 04:06:00,114 - INFO - ======================================================================
2026-08-27 04:06:00,842 - INFO - Loaded ERA5: ../pipeline/data/processed/yearly/era5_1991.nc
2026-08-27 04:06:00,842 - INFO - Loaded CONUS404: ../../hpmille1/final_data/conus404_yearly_1991.nc
2026-08-27 04:10:08,204 - INFO - 
2026-08-27 04:10:08,205 - INFO - ======================================================================
2026-08-27 04:10:08,205 - INFO - PROCESSING 1992
2026-08-27 04:10:08,205 - INFO - ======================================================================
2026-08-27 04:10:08,945 - INFO - Loaded ERA5: ../pipeline/data/processed/yearly/era5_1992.nc
2026-08-27 04:10:08,945 - INFO - Loaded CONUS404: ../../hpmille1/final_data/conus404_yearly_1992.nc
2026-08-27 04:14:05,638 - INFO - 
2026-08-27 04:14:05,640 - INFO - ======================================================================
2026-08-27 04:14:05,640 - INFO - PROCESSING 1993
2026-08-27 04:14:05,640 - INFO - ======================================================================
2026-08-27 04:14:06,516 - INFO - Loaded ERA5: ../pipeline/data/processed/yearly/era5_1993.nc
2026-08-27 04:14:06,516 - INFO - Loaded CONUS404: ../../hpmille1/final_data/conus404_yearly_1993.nc
2026-08-27 04:17:54,058 - INFO - 
2026-08-27 04:17:54,058 - INFO - ======================================================================
2026-08-27 04:17:54,058 - INFO - PROCESSING 1994
2026-08-27 04:17:54,058 - INFO - ======================================================================
2026-08-27 04:17:54,874 - INFO - Loaded ERA5: ../pipeline/data/processed/yearly/era5_1994.nc
2026-08-27 04:17:54,874 - INFO - Loaded CONUS404: ../../hpmille1/final_data/conus404_yearly_1994.nc
2026-08-27 04:21:45,682 - INFO - 
2026-08-27 04:21:45,685 - INFO - ======================================================================
2026-08-27 04:21:45,685 - INFO - PROCESSING 1995
2026-08-27 04:21:45,685 - INFO - ======================================================================
2026-08-27 04:21:46,427 - INFO - Loaded ERA5: ../pipeline/data/processed/yearly/era5_1995.nc
2026-08-27 04:21:46,427 - INFO - Loaded CONUS404: ../../hpmille1/final_data/conus404_yearly_1995.nc
2026-08-27 04:25:36,351 - INFO - 
2026-08-27 04:25:36,354 - INFO - ======================================================================
2026-08-27 04:25:36,354 - INFO - PROCESSING 1996
2026-08-27 04:25:36,354 - INFO - ======================================================================
2026-08-27 04:25:37,109 - INFO - Loaded ERA5: ../pipeline/data/processed/yearly/era5_1996.nc
2026-08-27 04:25:37,109 - INFO - Loaded CONUS404: ../../hpmille1/final_data/conus404_yearly_1996.nc
2026-08-27 04:29:39,970 - INFO - 
2026-08-27 04:29:39,971 - INFO - ======================================================================
2026-08-27 04:29:39,971 - INFO - PROCESSING 1997
2026-08-27 04:29:39,971 - INFO - ======================================================================
2026-08-27 04:29:40,777 - INFO - Loaded ERA5: ../pipeline/data/processed/yearly/era5_1997.nc
2026-08-27 04:29:40,778 - INFO - Loaded CONUS404: ../../hpmille1/final_data/conus404_yearly_1997.nc
2026-08-27 04:33:30,101 - INFO - 
2026-08-27 04:33:30,102 - INFO - ======================================================================
2026-08-27 04:33:30,115 - INFO - PROCESSING 1998
2026-08-27 04:33:30,115 - INFO - ======================================================================
2026-08-27 04:33:30,912 - INFO - Loaded ERA5: ../pipeline/data/processed/yearly/era5_1998.nc
2026-08-27 04:33:30,912 - INFO - Loaded CONUS404: ../../hpmille1/final_data/conus404_yearly_1998.nc
2026-08-27 04:37:39,407 - INFO - 
2026-08-27 04:37:39,409 - INFO - ======================================================================
2026-08-27 04:37:39,409 - INFO - PROCESSING 1999
2026-08-27 04:37:39,409 - INFO - ======================================================================
2026-08-27 04:37:40,156 - INFO - Loaded ERA5: ../pipeline/data/processed/yearly/era5_1999.nc
2026-08-27 04:37:40,157 - INFO - Loaded CONUS404: ../../hpmille1/final_data/conus404_yearly_1999.nc
2026-08-27 04:41:36,741 - INFO - 
2026-08-27 04:41:36,742 - INFO - ======================================================================
2026-08-27 04:41:36,742 - INFO - PROCESSING 2000
2026-08-27 04:41:36,742 - INFO - ======================================================================
2026-08-27 04:41:37,581 - INFO - Loaded ERA5: ../pipeline/data/processed/yearly/era5_2000.nc
2026-08-27 04:41:37,581 - INFO - Loaded CONUS404: ../../hpmille1/final_data/conus404_yearly_2000.nc
2026-08-27 04:46:27,343 - INFO - 
2026-08-27 04:46:27,359 - INFO - ======================================================================
2026-08-27 04:46:27,359 - INFO - PROCESSING 2001
2026-08-27 04:46:27,359 - INFO - ======================================================================
2026-08-27 04:46:28,142 - INFO - Loaded ERA5: ../pipeline/data/processed/yearly/era5_2001.nc
2026-08-27 04:46:28,142 - INFO - Loaded CONUS404: ../../hpmille1/final_data/conus404_yearly_2001.nc
2026-08-27 04:51:28,398 - INFO - 
2026-08-27 04:51:28,399 - INFO - ======================================================================
2026-08-27 04:51:28,399 - INFO - PROCESSING 2002
2026-08-27 04:51:28,399 - INFO - ======================================================================
2026-08-27 04:51:29,208 - INFO - Loaded ERA5: ../pipeline/data/processed/yearly/era5_2002.nc
2026-08-27 04:51:29,208 - INFO - Loaded CONUS404: ../../hpmille1/final_data/conus404_yearly_2002.nc
2026-08-27 04:55:22,105 - INFO - 
2026-08-27 04:55:22,107 - INFO - ======================================================================
2026-08-27 04:55:22,107 - INFO - PROCESSING 2003
2026-08-27 04:55:22,107 - INFO - ======================================================================
2026-08-27 04:55:23,274 - INFO - Loaded ERA5: ../pipeline/data/processed/yearly/era5_2003.nc
2026-08-27 04:55:23,275 - INFO - Loaded CONUS404: ../../hpmille1/final_data/conus404_yearly_2003.nc
2026-08-27 05:00:15,475 - INFO - 
2026-08-27 05:00:15,477 - INFO - ======================================================================
2026-08-27 05:00:15,477 - INFO - PROCESSING 2004
2026-08-27 05:00:15,477 - INFO - ======================================================================
2026-08-27 05:00:16,372 - INFO - Loaded ERA5: ../pipeline/data/processed/yearly/era5_2004.nc
2026-08-27 05:00:16,372 - INFO - Loaded CONUS404: ../../hpmille1/final_data/conus404_yearly_2004.nc
2026-08-27 05:04:04,841 - INFO - 
2026-08-27 05:04:04,842 - INFO - ======================================================================
2026-08-27 05:04:04,842 - INFO - PROCESSING 2005
2026-08-27 05:04:04,842 - INFO - ======================================================================
2026-08-27 05:04:05,629 - INFO - Loaded ERA5: ../pipeline/data/processed/yearly/era5_2005.nc
2026-08-27 05:04:05,629 - INFO - Loaded CONUS404: ../../hpmille1/final_data/conus404_yearly_2005.nc
2026-08-27 05:08:51,551 - INFO - 
2026-08-27 05:08:51,553 - INFO - ======================================================================
2026-08-27 05:08:51,554 - INFO - PROCESSING 2006
2026-08-27 05:08:51,554 - INFO - ======================================================================
2026-08-27 05:08:52,398 - INFO - Loaded ERA5: ../pipeline/data/processed/yearly/era5_2006.nc
2026-08-27 05:08:52,398 - INFO - Loaded CONUS404: ../../hpmille1/final_data/conus404_yearly_2006.nc
2026-08-27 05:12:46,343 - INFO - 
2026-08-27 05:12:46,344 - INFO - ======================================================================
2026-08-27 05:12:46,344 - INFO - PROCESSING 2007
2026-08-27 05:12:46,344 - INFO - ======================================================================
2026-08-27 05:12:47,086 - INFO - Loaded ERA5: ../pipeline/data/processed/yearly/era5_2007.nc
2026-08-27 05:12:47,087 - INFO - Loaded CONUS404: ../../hpmille1/final_data/conus404_yearly_2007.nc
2026-08-27 05:16:39,383 - INFO - 
2026-08-27 05:16:39,385 - INFO - ======================================================================
2026-08-27 05:16:39,385 - INFO - PROCESSING 2008
2026-08-27 05:16:39,385 - INFO - ======================================================================
2026-08-27 05:16:39,920 - INFO - Loaded ERA5: ../pipeline/data/processed/yearly/era5_2008.nc
2026-08-27 05:16:39,920 - INFO - Loaded CONUS404: ../../hpmille1/final_data/conus404_yearly_2008.nc
2026-08-27 05:20:49,223 - INFO - 
2026-08-27 05:20:49,225 - INFO - ======================================================================
2026-08-27 05:20:49,225 - INFO - PROCESSING 2009
2026-08-27 05:20:49,225 - INFO - ======================================================================
2026-08-27 05:20:49,973 - INFO - Loaded ERA5: ../pipeline/data/processed/yearly/era5_2009.nc
2026-08-27 05:20:49,973 - INFO - Loaded CONUS404: ../../hpmille1/final_data/conus404_yearly_2009.nc
2026-08-27 05:24:51,353 - INFO - 
2026-08-27 05:24:51,355 - INFO - ======================================================================
2026-08-27 05:24:51,355 - INFO - PROCESSING 2010
2026-08-27 05:24:51,355 - INFO - ======================================================================
2026-08-27 05:24:51,954 - INFO - Loaded ERA5: ../pipeline/data/processed/yearly/era5_2010.nc
2026-08-27 05:24:51,954 - INFO - Loaded CONUS404: ../../hpmille1/final_data/conus404_yearly_2010.nc
2026-08-27 05:28:48,347 - INFO - 
2026-08-27 05:28:48,348 - INFO - ======================================================================
2026-08-27 05:28:48,348 - INFO - PROCESSING 2011
2026-08-27 05:28:48,348 - INFO - ======================================================================
2026-08-27 05:28:49,149 - INFO - Loaded ERA5: ../pipeline/data/processed/yearly/era5_2011.nc
2026-08-27 05:28:49,149 - INFO - Loaded CONUS404: ../../hpmille1/final_data/conus404_yearly_2011.nc
2026-08-27 05:32:43,481 - INFO - 
2026-08-27 05:32:43,482 - INFO - ======================================================================
2026-08-27 05:32:43,482 - INFO - PROCESSING 2012
2026-08-27 05:32:43,482 - INFO - ======================================================================
2026-08-27 05:32:44,269 - INFO - Loaded ERA5: ../pipeline/data/processed/yearly/era5_2012.nc
2026-08-27 05:32:44,269 - INFO - Loaded CONUS404: ../../hpmille1/final_data/conus404_yearly_2012.nc
2026-08-27 05:36:38,271 - INFO - 
2026-08-27 05:36:38,273 - INFO - ======================================================================
2026-08-27 05:36:38,273 - INFO - PROCESSING 2013
2026-08-27 05:36:38,273 - INFO - ======================================================================
2026-08-27 05:36:38,965 - INFO - Loaded ERA5: ../pipeline/data/processed/yearly/era5_2013.nc
2026-08-27 05:36:38,965 - INFO - Loaded CONUS404: ../../hpmille1/final_data/conus404_yearly_2013.nc
2026-08-27 05:40:41,390 - INFO - 
2026-08-27 05:40:41,391 - INFO - ======================================================================
2026-08-27 05:40:41,391 - INFO - PROCESSING 2014
2026-08-27 05:40:41,392 - INFO - ======================================================================
2026-08-27 05:40:42,176 - INFO - Loaded ERA5: ../pipeline/data/processed/yearly/era5_2014.nc
2026-08-27 05:40:42,176 - INFO - Loaded CONUS404: ../../hpmille1/final_data/conus404_yearly_2014.nc
2026-08-27 05:44:46,610 - INFO - 
2026-08-27 05:44:46,618 - INFO - ======================================================================
2026-08-27 05:44:46,618 - INFO - PROCESSING 2015
2026-08-27 05:44:46,618 - INFO - ======================================================================
2026-08-27 05:44:47,328 - INFO - Loaded ERA5: ../pipeline/data/processed/yearly/era5_2015.nc
2026-08-27 05:44:47,329 - INFO - Loaded CONUS404: ../../hpmille1/final_data/conus404_yearly_2015.nc
2026-08-27 05:49:05,338 - INFO - 
2026-08-27 05:49:05,339 - INFO - ======================================================================
2026-08-27 05:49:05,339 - INFO - PROCESSING 2016
2026-08-27 05:49:05,339 - INFO - ======================================================================
2026-08-27 05:49:06,126 - INFO - Loaded ERA5: ../pipeline/data/processed/yearly/era5_2016.nc
2026-08-27 05:49:06,126 - INFO - Loaded CONUS404: ../../hpmille1/final_data/conus404_yearly_2016.nc
2026-08-27 05:53:36,118 - INFO - 
2026-08-27 05:53:36,127 - INFO - ======================================================================
2026-08-27 05:53:36,128 - INFO - PROCESSING 2017
2026-08-27 05:53:36,128 - INFO - ======================================================================
2026-08-27 05:53:36,810 - INFO - Loaded ERA5: ../pipeline/data/processed/yearly/era5_2017.nc
2026-08-27 05:53:36,810 - INFO - Loaded CONUS404: ../../hpmille1/final_data/conus404_yearly_2017.nc
2026-08-27 05:57:48,466 - INFO - 
2026-08-27 05:57:48,467 - INFO - ======================================================================
2026-08-27 05:57:48,467 - INFO - PROCESSING 2018
2026-08-27 05:57:48,467 - INFO - ======================================================================
2026-08-27 05:57:49,032 - INFO - Loaded ERA5: ../pipeline/data/processed/yearly/era5_2018.nc
2026-08-27 05:57:49,032 - INFO - Loaded CONUS404: ../../hpmille1/final_data/conus404_yearly_2018.nc
2026-08-27 06:01:51,179 - INFO - 
2026-08-27 06:01:51,181 - INFO - ======================================================================
2026-08-27 06:01:51,181 - INFO - PROCESSING 2019
2026-08-27 06:01:51,181 - INFO - ======================================================================
2026-08-27 06:01:52,064 - INFO - Loaded ERA5: ../pipeline/data/processed/yearly/era5_2019.nc
2026-08-27 06:01:52,064 - INFO - Loaded CONUS404: ../../hpmille1/final_data/conus404_yearly_2019.nc
2026-08-27 06:05:35,120 - INFO - 
2026-08-27 06:05:35,121 - INFO - ======================================================================
2026-08-27 06:05:35,122 - INFO - PROCESSING 2020
2026-08-27 06:05:35,122 - INFO - ======================================================================
2026-08-27 06:05:35,883 - INFO - Loaded ERA5: ../pipeline/data/processed/yearly/era5_2020.nc
2026-08-27 06:05:35,883 - INFO - Loaded CONUS404: ../../hpmille1/final_data/conus404_yearly_2020.nc
2026-08-27 06:09:28,830 - INFO - Saved: comparison_metrics/annual_spatial_metrics.csv
2026-08-27 06:09:28,880 - INFO - Saved: comparison_metrics/seasonal_temporal_metrics.csv
2026-08-27 06:09:28,886 - INFO - Saved: comparison_metrics/precipitation_metrics.csv
2026-08-27 06:09:28,891 - INFO - Saved: comparison_metrics/wind_speed_metrics.csv
2026-08-27 06:09:29,374 - INFO - Saved: comparison_metrics/summary_metrics.csv
2026-08-27 06:09:29,374 - INFO - 
2026-08-27 06:09:29,374 - INFO - ======================================================================
2026-08-27 06:09:29,374 - INFO - PROCESSING COMPLETE
2026-08-27 06:09:29,374 - INFO - ======================================================================
2026-08-27 06:09:29,374 - INFO - Successful years: 41
2026-08-27 06:09:29,374 - INFO - Failed/skipped years: 0
2026-08-27 06:09:29,374 - INFO - Output directory: comparison_metrics
2026-08-27 06:09:29,374 - INFO - ======================================================================
