n,era5_mean,conus404_mean,bias,mae,rmse,pearson_r,pearson_pvalue,r_squared,nrmse,n_era5,n_conus404,mean_difference,era5_std,conus404_std,std_ratio,ks_statistic,ks_pvalue,p50_era5,p50_conus404,p50_difference,p50_percent_bias,p75_era5,p75_conus404,p75_difference,p75_percent_bias,p90_era5,p90_conus404,p90_difference,p90_percent_bias,p95_era5,p95_conus404,p95_difference,p95_percent_bias,p99_era5,p99_conus404,p99_difference,p99_percent_bias,year,variable,variable_name,units,metric_type,n_matched
366,285.887085,285.511627,-0.375449,0.671530,0.793400,0.997719,0.000000,0.995444,0.104493,366,366,-0.375458,7.592839,7.100296,0.935131,0.090164,0.102043,286.191589,286.011200,-0.180389,-0.063031,292.671417,291.978943,-0.692474,-0.236605,295.854889,294.814270,-1.040619,-0.351733,296.604736,295.485840,-1.118896,-0.377235,297.248322,296.038300,-1.210022,-0.407074,1980,t2m,2m Temperature,K,temporal_spatial_mean,366
366,279.216095,279.929810,0.713711,0.841051,1.021270,0.996037,0.000000,0.992091,0.153943,366,366,0.713715,6.634077,6.177088,0.931115,0.071038,0.314508,278.657898,280.319397,1.661499,0.596250,285.453705,285.733765,0.280060,0.098110,288.202423,288.072876,-0.129547,-0.044950,288.788544,288.499756,-0.288788,-0.100000,289.189087,288.895020,-0.294067,-0.101687,1980,d2m,2m Dewpoint,K,temporal_spatial_mean,366
366,955.773560,966.710022,10.936518,10.936518,10.964904,0.962477,0.000000,0.926363,4.027205,366,366,10.936462,2.722708,2.345213,0.861353,0.964481,0.000000,955.558472,966.634277,11.075806,1.159092,957.451721,968.092957,10.641235,1.111412,959.472290,969.746338,10.274048,1.070802,960.568176,970.701782,10.133606,1.054960,961.945007,972.020203,10.075195,1.047377,1980,sp,Surface Pressure,hPa,temporal_spatial_mean,366
366,0.550998,0.201251,-0.349747,0.399687,0.472194,0.861139,0.000000,0.741560,0.757994,366,366,-0.349747,0.622952,0.517711,0.831062,0.265027,0.000000,0.508904,0.167582,-0.341322,-67.070038,0.943720,0.488043,-0.455677,-48.285164,1.316108,0.924187,-0.391921,-29.778801,1.621946,1.141415,-0.480531,-29.626810,2.222445,1.628163,-0.594282,-26.739988,1980,u10,10m U-Wind,m/s,temporal_spatial_mean,366
366,-0.106710,-0.437836,-0.331126,0.490258,0.586121,0.782552,0.000000,0.612388,0.756986,366,366,-0.331126,0.774282,0.566994,0.732283,0.284153,0.000000,-0.041573,-0.425446,-0.383873,-923.374573,0.451319,-0.044929,-0.496248,-109.955139,0.844865,0.255593,-0.589271,-69.747437,1.011785,0.412890,-0.598895,-59.191891,1.466748,0.919354,-0.547394,-37.320240,1980,v10,10m V-Wind,m/s,temporal_spatial_mean,366
366,1.135380,0.661577,-0.473804,0.473804,0.475155,0.999109,0.000000,0.998219,1.656753,366,366,-0.473804,0.286799,0.320254,1.116649,0.655738,0.000000,1.034590,0.538959,-0.495632,-47.906082,1.417773,0.976069,-0.441704,-31.154772,1.574003,1.158577,-0.415426,-26.392960,1.598859,1.186173,-0.412686,-25.811260,1.619156,1.208160,-0.410996,-25.383333,1980,lai,Leaf Area Index,Index,temporal_spatial_mean,366
365,286.259857,285.981079,-0.278747,0.643027,0.777660,0.996842,0.000000,0.993694,0.109306,365,365,-0.278778,7.114537,6.636116,0.932754,0.082192,0.169891,286.300995,285.817078,-0.483917,-0.169024,293.457458,292.240601,-1.216858,-0.414662,295.582031,294.880951,-0.701080,-0.237186,296.200043,295.202362,-0.997681,-0.336827,296.676514,295.671936,-1.004578,-0.338610,1981,t2m,2m Temperature,K,temporal_spatial_mean,365
365,279.816559,280.627533,0.810977,0.909015,1.112115,0.996644,0.000000,0.993299,0.170655,365,365,0.810974,6.516757,5.952188,0.913366,0.093151,0.084223,279.827423,280.837677,1.010254,0.361027,286.560181,286.343170,-0.217010,-0.075729,288.492920,288.417694,-0.075226,-0.026075,289.012024,288.873840,-0.138184,-0.047812,289.506958,289.298218,-0.208740,-0.072102,1981,d2m,2m Dewpoint,K,temporal_spatial_mean,365
365,955.665039,966.557556,10.892512,10.892512,10.920797,0.975429,0.000000,0.951462,3.452566,365,365,10.892517,3.163096,2.722948,0.860849,0.931507,0.000000,955.652954,966.583618,10.930664,1.143790,957.341187,967.986816,10.645630,1.112000,959.402771,969.693298,10.290527,1.072597,961.017151,971.584717,10.567566,1.099623,963.586975,973.417358,9.830383,1.020186,1981,sp,Surface Pressure,hPa,temporal_spatial_mean,365
365,0.530696,0.201287,-0.329409,0.393931,0.472015,0.899035,0.000000,0.808263,0.637530,365,365,-0.329409,0.740381,0.569791,0.769592,0.243836,0.000000,0.495893,0.134419,-0.361474,-72.893555,1.018038,0.603951,-0.414087,-40.675018,1.504888,0.956149,-0.548739,-36.463787,1.738968,1.226508,-0.512459,-29.469177,2.286578,1.530191,-0.756387,-33.079426,1981,u10,10m U-Wind,m/s,temporal_spatial_mean,365
365,-0.149682,-0.482621,-0.332939,0.505444,0.591229,0.706237,0.000000,0.498771,0.856912,365,365,-0.332939,0.689953,0.497278,0.720742,0.290411,0.000000,-0.161395,-0.456035,-0.294641,-182.559113,0.348249,-0.153821,-0.502070,-144.169693,0.742489,0.175779,-0.566709,-76.325676,0.935851,0.318789,-0.617062,-65.935905,1.180458,0.605917,-0.574541,-48.671005,1981,v10,10m V-Wind,m/s,temporal_spatial_mean,365
365,1.136164,0.662391,-0.473773,0.473773,0.475129,0.999112,0.000000,0.998225,1.656660,365,365,-0.473773,0.286799,0.320316,1.116867,0.654795,0.000000,1.035601,0.541371,-0.494230,-47.723969,1.419498,0.977272,-0.442226,-31.153673,1.574005,1.158723,-0.415282,-26.383810,1.598887,1.186272,-0.412615,-25.806379,1.619166,1.208184,-0.410982,-25.382349,1981,lai,Leaf Area Index,Index,temporal_spatial_mean,365
365,285.545105,285.162598,-0.382519,0.625470,0.737859,0.997468,0.000000,0.994943,0.098331,365,365,-0.382507,7.503823,7.148143,0.952600,0.084932,0.143755,286.210876,285.961761,-0.249115,-0.087039,292.398071,291.592163,-0.805908,-0.275620,295.109833,294.322388,-0.787445,-0.266831,295.951233,295.054596,-0.896637,-0.302968,296.378937,295.366425,-1.012512,-0.341628,1982,t2m,2m Temperature,K,temporal_spatial_mean,365
365,279.390503,279.829315,0.438824,0.647771,0.833754,0.996818,0.000000,0.993645,0.119499,365,365,0.438812,6.977076,6.515287,0.933814,0.065753,0.409573,279.338776,280.313782,0.975006,0.349041,286.005341,285.860443,-0.144897,-0.050663,288.468231,288.097046,-0.371185,-0.128675,288.926941,288.398651,-0.528290,-0.182845,289.613129,289.035370,-0.577759,-0.199493,1982,d2m,2m Dewpoint,K,temporal_spatial_mean,365
365,956.008057,966.912476,10.904400,10.904400,10.930413,0.960090,0.000000,0.921773,4.176513,365,365,10.904419,2.617115,2.333256,0.891538,0.975342,0.000000,955.931030,966.810364,10.879333,1.138088,957.750244,968.392090,10.641846,1.111130,959.196533,969.906860,10.710327,1.116594,960.423096,971.058594,10.635498,1.107376,962.430542,972.299500,9.868958,1.025420,1982,sp,Surface Pressure,hPa,temporal_spatial_mean,365
365,0.336979,0.031726,-0.305253,0.383342,0.463292,0.856563,0.000000,0.733701,0.686198,365,365,-0.305253,0.675158,0.569916,0.844122,0.235616,0.000000,0.289001,-0.024067,-0.313068,-108.327583,0.750170,0.330842,-0.419329,-55.897785,1.203583,0.748766,-0.454817,-37.788574,1.534092,1.045318,-0.488774,-31.860809,2.308236,1.870683,-0.437554,-18.956194,1982,u10,10m U-Wind,m/s,temporal_spatial_mean,365
365,0.039073,-0.439316,-0.478389,0.537350,0.634223,0.790664,0.000000,0.625150,0.932691,365,365,-0.478389,0.679992,0.545131,0.801672,0.367123,0.000000,0.056905,-0.410521,-0.467426,-821.414673,0.505867,-0.102215,-0.608082,-120.205833,0.847115,0.254537,-0.592578,-69.952446,1.132943,0.438843,-0.694100,-61.265240,1.581093,0.703659,-0.877434,-55.495396,1982,v10,10m V-Wind,m/s,temporal_spatial_mean,365
365,1.136164,0.662398,-0.473766,0.473766,0.475122,0.999113,0.000000,0.998227,1.656637,365,365,-0.473766,0.286799,0.320314,1.116858,0.654795,0.000000,1.035601,0.541389,-0.494212,-47.722240,1.419498,0.977272,-0.442226,-31.153673,1.574005,1.158724,-0.415281,-26.383734,1.598887,1.186261,-0.412627,-25.807110,1.619166,1.208189,-0.410977,-25.381994,1982,lai,Leaf Area Index,Index,temporal_spatial_mean,365
365,285.930023,285.696198,-0.233824,0.588933,0.715432,0.998306,0.000000,0.996615,0.094296,365,365,-0.233826,7.587081,7.062091,0.930805,0.106849,0.030924,286.446259,286.146332,-0.299927,-0.104706,293.181793,292.494263,-0.687531,-0.234507,296.271149,295.362305,-0.908844,-0.306761,296.738068,295.627808,-1.110260,-0.374155,297.320496,296.206757,-1.113739,-0.374592,1983,t2m,2m Temperature,K,temporal_spatial_mean,365
365,279.883789,280.574310,0.690559,0.807491,0.993212,0.997126,0.000000,0.994260,0.147228,365,365,0.690521,6.746105,6.228322,0.923247,0.079452,0.199648,279.517914,280.693817,1.175903,0.420690,286.024902,286.350616,0.325714,0.113876,289.132050,288.969482,-0.162567,-0.056226,289.723267,289.487549,-0.235718,-0.081360,290.267853,289.923615,-0.344238,-0.118593,1983,d2m,2m Dewpoint,K,temporal_spatial_mean,365
365,955.228943,966.133545,10.904678,10.904678,10.937306,0.968174,0.000000,0.937361,3.511022,365,365,10.904602,3.115134,2.692237,0.864244,0.950685,0.000000,955.325867,966.057861,10.731995,1.123386,957.251465,967.913696,10.662231,1.113838,959.238892,969.393127,10.154236,1.058572,960.364258,970.283447,9.919189,1.032857,962.524231,972.755371,10.231140,1.062949,1983,sp,Surface Pressure,hPa,temporal_spatial_mean,365
365,0.381061,0.107183,-0.273877,0.371920,0.462586,0.862224,0.000000,0.743430,0.632015,365,365,-0.273877,0.731921,0.591968,0.808786,0.219178,0.000000,0.353409,0.051998,-0.301411,-85.286797,0.867872,0.441269,-0.426603,-49.155067,1.256929,0.879346,-0.377584,-30.040167,1.622745,1.099826,-0.522919,-32.224335,2.222606,1.704377,-0.518228,-23.316250,1983,u10,10m U-Wind,m/s,temporal_spatial_mean,365
365,0.007918,-0.346894,-0.354812,0.467244,0.555108,0.731982,0.000000,0.535798,0.902664,365,365,-0.354812,0.614967,0.531998,0.865084,0.279452,0.000000,-0.000058,-0.307789,-0.307730,-529541.000000,0.457499,0.023648,-0.433850,-94.830956,0.787379,0.284118,-0.503261,-63.916012,0.940433,0.465948,-0.474485,-50.453892,1.407968,0.730343,-0.677625,-48.127892,1983,v10,10m V-Wind,m/s,temporal_spatial_mean,365
365,1.136164,0.662380,-0.473784,0.473784,0.475141,0.999115,0.000000,0.998231,1.656702,365,365,-0.473784,0.286799,0.320331,1.116917,0.654795,0.000000,1.035601,0.541376,-0.494225,-47.723492,1.419498,0.977272,-0.442226,-31.153673,1.574005,1.158732,-0.415273,-26.383221,1.598887,1.186281,-0.412607,-25.805866,1.619166,1.208193,-0.410973,-25.381746,1983,lai,Leaf Area Index,Index,temporal_spatial_mean,365
366,285.814240,285.501343,-0.312897,0.597547,0.718646,0.997685,0.000000,0.995375,0.099712,366,366,-0.312897,7.207248,6.768316,0.939099,0.095628,0.070340,285.641479,285.349365,-0.292114,-0.102266,292.802643,291.930908,-0.871735,-0.297721,295.500366,294.747894,-0.752472,-0.254643,296.077728,295.129181,-0.948547,-0.320371,296.539124,295.653412,-0.885712,-0.298683,1984,t2m,2m Temperature,K,temporal_spatial_mean,366
366,279.537750,280.205231,0.667455,0.814797,1.001537,0.996867,0.000000,0.993745,0.152257,366,366,0.667480,6.577935,6.021681,0.915436,0.084699,0.144793,278.544830,279.501373,0.956543,0.343407,286.135193,286.120850,-0.014343,-0.005013,288.417694,288.201904,-0.215790,-0.074818,289.045410,288.853394,-0.192017,-0.066431,290.010406,289.662811,-0.347595,-0.119856,1984,d2m,2m Dewpoint,K,temporal_spatial_mean,366
366,956.016724,966.920776,10.904054,10.904054,10.933101,0.969877,0.000000,0.940662,3.662481,366,366,10.904053,2.985162,2.570396,0.861057,0.953552,0.000000,956.015625,966.792175,10.776550,1.127236,957.688354,968.300659,10.612305,1.108117,959.748413,969.968750,10.220337,1.064898,961.007324,971.360107,10.352783,1.077285,963.641663,974.520325,10.878662,1.128912,1984,sp,Surface Pressure,hPa,temporal_spatial_mean,366
366,0.380067,0.099630,-0.280437,0.377150,0.447708,0.871656,0.000000,0.759785,0.637159,366,366,-0.280437,0.702664,0.555960,0.791218,0.224044,0.000000,0.360242,0.011233,-0.349009,-96.881836,0.869976,0.484516,-0.385460,-44.306973,1.307450,0.851430,-0.456020,-34.878578,1.552458,1.111128,-0.441330,-28.427841,1.939603,1.437899,-0.501704,-25.866318,1984,u10,10m U-Wind,m/s,temporal_spatial_mean,366
366,-0.059752,-0.472811,-0.413059,0.486021,0.591850,0.789800,0.000000,0.623785,0.859287,366,366,-0.413059,0.688768,0.509479,0.739695,0.297814,0.000000,-0.052043,-0.451925,-0.399882,-768.364258,0.453517,-0.096866,-0.550383,-121.358727,0.823778,0.161048,-0.662730,-80.450119,1.007716,0.300588,-0.707129,-70.171410,1.311043,0.501434,-0.809608,-61.753021,1984,v10,10m V-Wind,m/s,temporal_spatial_mean,366
366,1.135380,0.661580,-0.473801,0.473801,0.475152,0.999110,0.000000,0.998220,1.656742,366,366,-0.473801,0.286799,0.320252,1.116642,0.655738,0.000000,1.034590,0.538970,-0.495621,-47.905025,1.417773,0.976069,-0.441704,-31.154764,1.574003,1.158585,-0.415419,-26.392488,1.598859,1.186167,-0.412691,-25.811626,1.619156,1.208158,-0.410998,-25.383482,1984,lai,Leaf Area Index,Index,temporal_spatial_mean,366
365,285.490021,285.205963,-0.284070,0.719646,0.840608,0.997220,0.000000,0.994448,0.107346,365,365,-0.284058,7.830794,7.274708,0.928987,0.073973,0.270996,287.129150,286.527161,-0.601990,-0.209658,292.548584,291.814331,-0.734253,-0.250985,295.102295,294.469360,-0.632935,-0.214480,295.876801,294.986664,-0.890137,-0.300847,296.559631,295.534149,-1.025482,-0.345793,1985,t2m,2m Temperature,K,temporal_spatial_mean,365
365,279.150909,279.766724,0.615825,0.759105,0.995418,0.996782,0.000000,0.993575,0.143545,365,365,0.615814,6.934546,6.362089,0.917448,0.084932,0.143755,280.489624,280.883484,0.393860,0.140419,285.337311,285.442963,0.105652,0.037027,287.908997,287.616760,-0.292236,-0.101503,288.407196,288.232697,-0.174500,-0.060505,288.801422,288.475586,-0.325836,-0.112824,1985,d2m,2m Dewpoint,K,temporal_spatial_mean,365
365,956.222107,967.199829,10.977758,10.977758,11.000972,0.965186,0.000000,0.931583,4.198712,365,365,10.977722,2.620083,2.327502,0.888332,0.969863,0.000000,956.141113,967.146545,11.005432,1.151026,957.619385,968.400024,10.780640,1.125775,959.670471,970.214233,10.543762,1.098686,960.821655,971.249634,10.427979,1.085319,963.029358,973.107483,10.078125,1.046502,1985,sp,Surface Pressure,hPa,temporal_spatial_mean,365
365,0.538508,0.166036,-0.372471,0.441925,0.531491,0.896371,0.000000,0.803480,0.650178,365,365,-0.372471,0.817455,0.621265,0.759999,0.254795,0.000000,0.448325,0.081992,-0.366333,-81.711525,1.001904,0.544911,-0.456993,-45.612457,1.683667,1.010514,-0.673153,-39.981377,2.076385,1.377747,-0.698638,-33.646862,2.772897,1.866789,-0.906108,-32.677315,1985,u10,10m U-Wind,m/s,temporal_spatial_mean,365
365,-0.055951,-0.472914,-0.416964,0.524448,0.623314,0.710079,0.000000,0.504212,0.947963,365,365,-0.416964,0.657530,0.484500,0.736848,0.364384,0.000000,0.016494,-0.416364,-0.432859,-2624.268799,0.424841,-0.126114,-0.550955,-129.684982,0.700697,0.082303,-0.618394,-88.254097,0.921898,0.223471,-0.698428,-75.759735,1.240953,0.517189,-0.723764,-58.323219,1985,v10,10m V-Wind,m/s,temporal_spatial_mean,365
365,1.136164,0.662401,-0.473763,0.473763,0.475118,0.999113,0.000000,0.998226,1.656624,365,365,-0.473763,0.286799,0.320310,1.116845,0.654795,0.000000,1.035601,0.541359,-0.494242,-47.725124,1.419498,0.977272,-0.442226,-31.153673,1.574005,1.158718,-0.415287,-26.384090,1.598887,1.186267,-0.412620,-25.806717,1.619166,1.208202,-0.410964,-25.381229,1985,lai,Leaf Area Index,Index,temporal_spatial_mean,365
365,286.252350,285.872162,-0.380189,0.655094,0.773321,0.996368,0.000000,0.992750,0.113517,365,365,-0.380188,6.812371,6.445559,0.946155,0.090411,0.101214,286.495697,286.422791,-0.072906,-0.025448,292.813721,291.954620,-0.859100,-0.293395,295.380249,294.545837,-0.834412,-0.282487,295.881317,295.128662,-0.752655,-0.254377,296.305756,295.483459,-0.822296,-0.277516,1986,t2m,2m Temperature,K,temporal_spatial_mean,365
365,280.119354,280.615143,0.495829,0.733025,0.892423,0.996056,0.000000,0.992127,0.144288,365,365,0.495789,6.185035,5.661256,0.915315,0.076712,0.233280,279.945923,281.101654,1.155731,0.412841,286.050934,285.927277,-0.123657,-0.043229,288.191528,287.917328,-0.274200,-0.095145,288.741241,288.259583,-0.481659,-0.166813,289.306000,288.701538,-0.604462,-0.208935,1986,d2m,2m Dewpoint,K,temporal_spatial_mean,365
365,956.310791,967.158630,10.847865,10.847865,10.876605,0.959443,0.000000,0.920531,4.165040,365,365,10.847839,2.611404,2.218395,0.849503,0.969863,0.000000,956.172791,967.037842,10.865051,1.136306,957.895142,968.543823,10.648682,1.111675,959.599060,970.084778,10.485718,1.092719,960.526917,970.753662,10.226746,1.064702,962.899780,972.586182,9.686401,1.005962,1986,sp,Surface Pressure,hPa,temporal_spatial_mean,365
365,0.433439,0.104414,-0.329026,0.373919,0.452836,0.879735,0.000000,0.773934,0.697001,365,365,-0.329026,0.649692,0.534404,0.822549,0.309589,0.000000,0.438147,0.052653,-0.385495,-87.982918,0.795555,0.381039,-0.414516,-52.104038,1.262900,0.773547,-0.489353,-38.748375,1.582590,1.085104,-0.497486,-31.434931,2.084356,1.688504,-0.395852,-18.991587,1986,u10,10m U-Wind,m/s,temporal_spatial_mean,365
365,0.006230,-0.334987,-0.341217,0.493763,0.590659,0.703900,0.000000,0.495476,0.882941,365,365,-0.341217,0.668968,0.552527,0.825940,0.257534,0.000000,0.002909,-0.312452,-0.315362,-10839.073242,0.467735,0.009844,-0.457892,-97.895462,0.874050,0.345914,-0.528136,-60.424038,1.070821,0.585442,-0.485379,-45.327744,1.645409,1.070786,-0.574623,-34.922821,1986,v10,10m V-Wind,m/s,temporal_spatial_mean,365
365,1.136164,0.662411,-0.473753,0.473753,0.475108,0.999115,0.000000,0.998230,1.656588,365,365,-0.473754,0.286799,0.320303,1.116821,0.654795,0.000000,1.035601,0.541461,-0.494140,-47.715271,1.419498,0.977272,-0.442226,-31.153673,1.574005,1.158720,-0.415285,-26.383991,1.598887,1.186280,-0.412607,-25.805882,1.619166,1.208190,-0.410976,-25.381929,1986,lai,Leaf Area Index,Index,temporal_spatial_mean,365
365,286.417694,286.164307,-0.253363,0.581060,0.696798,0.997667,0.000000,0.995340,0.098906,365,365,-0.253387,7.045032,6.592661,0.935789,0.101370,0.046942,286.962311,286.772980,-0.189331,-0.065978,293.137390,292.812469,-0.324921,-0.110842,295.448578,294.576172,-0.872406,-0.295282,296.008392,294.999603,-1.008789,-0.340797,296.655975,295.657928,-0.998047,-0.336432,1987,t2m,2m Temperature,K,temporal_spatial_mean,365
365,279.859711,280.531586,0.671876,0.874162,1.032639,0.996437,0.000000,0.992888,0.163839,365,365,0.671875,6.302770,5.703786,0.904965,0.101370,0.046942,279.407654,280.660187,1.252533,0.448282,286.283508,286.169617,-0.113892,-0.039783,288.109497,287.731354,-0.378143,-0.131250,289.264771,288.887085,-0.377686,-0.130567,289.606995,289.184967,-0.422028,-0.145724,1987,d2m,2m Dewpoint,K,temporal_spatial_mean,365
365,956.025269,966.916382,10.891209,10.891209,10.914530,0.964645,0.000000,0.930540,4.225195,365,365,10.891113,2.583201,2.279647,0.882489,0.972603,0.000000,955.806274,966.796021,10.989746,1.149788,957.633362,968.427490,10.794128,1.127167,959.562683,970.232239,10.669556,1.111919,960.592957,970.790283,10.197327,1.061566,961.942810,971.741577,9.798767,1.018643,1987,sp,Surface Pressure,hPa,temporal_spatial_mean,365
365,0.431654,0.156499,-0.275155,0.361956,0.441829,0.894353,0.000000,0.799867,0.583747,365,365,-0.275155,0.756884,0.607267,0.802326,0.224658,0.000000,0.375505,0.072169,-0.303336,-80.780861,0.906697,0.432387,-0.474310,-52.311844,1.361746,1.038198,-0.323549,-23.759846,1.636160,1.308657,-0.327503,-20.016542,2.410560,1.744766,-0.665794,-27.619883,1987,u10,10m U-Wind,m/s,temporal_spatial_mean,365
365,-0.217766,-0.568932,-0.351166,0.475587,0.559902,0.750425,0.000000,0.563138,0.866270,365,365,-0.351166,0.646337,0.572623,0.885952,0.257534,0.000000,-0.189324,-0.534042,-0.344717,-182.077438,0.263136,-0.171188,-0.434324,-165.056717,0.615889,0.204078,-0.411812,-66.864586,0.805511,0.301699,-0.503812,-62.545605,1.007086,0.508840,-0.498246,-49.474045,1987,v10,10m V-Wind,m/s,temporal_spatial_mean,365
365,1.136164,0.662384,-0.473780,0.473780,0.475136,0.999114,0.000000,0.998229,1.656685,365,365,-0.473781,0.286799,0.320314,1.116858,0.654795,0.000000,1.035601,0.541381,-0.494219,-47.722973,1.419498,0.977272,-0.442226,-31.153673,1.574005,1.158703,-0.415302,-26.385067,1.598887,1.186250,-0.412637,-25.807783,1.619166,1.208171,-0.410995,-25.383121,1987,lai,Leaf Area Index,Index,temporal_spatial_mean,365
366,286.005432,285.622284,-0.383135,0.635182,0.756424,0.997957,0.000000,0.995918,0.098504,366,366,-0.383148,7.679109,7.233682,0.941995,0.103825,0.038623,286.194458,285.682678,-0.511780,-0.178822,292.900024,292.140808,-0.759216,-0.259207,296.174561,295.096558,-1.078003,-0.363976,296.739807,295.695862,-1.043945,-0.351805,297.217377,296.256500,-0.960876,-0.323291,1988,t2m,2m Temperature,K,temporal_spatial_mean,366
366,279.049438,279.741455,0.691980,0.831081,1.002659,0.996648,0.000000,0.993307,0.146593,366,366,0.692017,6.839759,6.354891,0.929110,0.087432,0.121891,278.718170,279.976868,1.258698,0.451602,285.160522,285.578064,0.417542,0.146423,288.256134,288.118591,-0.137543,-0.047715,289.163391,288.581726,-0.581665,-0.201154,289.836243,289.273712,-0.562531,-0.194086,1988,d2m,2m Dewpoint,K,temporal_spatial_mean,366
366,956.305481,967.234985,10.929400,10.929400,10.956841,0.970113,0.000000,0.941119,3.649403,366,366,10.929504,3.002365,2.648432,0.882115,0.937158,0.000000,956.240845,967.173950,10.933105,1.143342,958.316956,968.930054,10.613098,1.107473,960.075806,970.709473,10.633667,1.107586,961.627441,971.721619,10.094177,1.049697,963.450745,973.407837,9.957092,1.033482,1988,sp,Surface Pressure,hPa,temporal_spatial_mean,366
366,0.514075,0.176508,-0.337566,0.393297,0.472925,0.862955,0.000000,0.744692,0.722122,366,366,-0.337566,0.654910,0.550891,0.841169,0.226776,0.000000,0.475233,0.172941,-0.302292,-63.609257,0.920861,0.551438,-0.369423,-40.117146,1.392563,0.853873,-0.538690,-38.683334,1.607809,1.110200,-0.497609,-30.949526,2.098642,1.505528,-0.593115,-28.261826,1988,u10,10m U-Wind,m/s,temporal_spatial_mean,366
366,-0.077343,-0.485806,-0.408463,0.489752,0.595054,0.808146,0.000000,0.653099,0.813658,366,366,-0.408463,0.731332,0.549689,0.751627,0.330601,0.000000,0.000559,-0.439129,-0.439688,-78640.148438,0.446213,-0.112882,-0.559095,-125.297745,0.795878,0.197204,-0.598674,-75.221855,1.005329,0.354679,-0.650650,-64.720123,1.378471,0.560087,-0.818384,-59.368954,1988,v10,10m V-Wind,m/s,temporal_spatial_mean,366
366,1.135380,0.661560,-0.473820,0.473820,0.475172,0.999110,0.000000,0.998221,1.656811,366,366,-0.473820,0.286799,0.320259,1.116668,0.655738,0.000000,1.034590,0.538954,-0.495636,-47.906502,1.417773,0.976069,-0.441704,-31.154764,1.574003,1.158575,-0.415428,-26.393103,1.598859,1.186152,-0.412706,-25.812559,1.619156,1.208129,-0.411026,-25.385233,1988,lai,Leaf Area Index,Index,temporal_spatial_mean,366
365,285.742310,285.374207,-0.368054,0.695139,0.827811,0.996726,0.000000,0.993462,0.106268,365,365,-0.368103,7.789832,7.373057,0.946498,0.073973,0.270996,287.100647,286.343872,-0.756775,-0.263592,292.623535,291.865967,-0.757568,-0.258888,295.285004,294.707062,-0.577942,-0.195723,296.294952,295.381836,-0.913116,-0.308178,296.855713,295.825592,-1.030121,-0.347011,1989,t2m,2m Temperature,K,temporal_spatial_mean,365
365,279.056152,279.779785,0.723623,0.812240,1.048523,0.995557,0.000000,0.991134,0.148688,365,365,0.723633,7.051841,6.653256,0.943478,0.068493,0.359160,279.468201,280.445465,0.977264,0.349687,285.635132,285.961151,0.326019,0.114138,288.193085,288.224426,0.031342,0.010875,288.824738,288.739258,-0.085480,-0.029596,289.539917,289.320984,-0.218933,-0.075614,1989,d2m,2m Dewpoint,K,temporal_spatial_mean,365
365,956.722961,967.643860,10.920819,10.920819,10.944738,0.969584,0.000000,0.940093,3.864292,365,365,10.920898,2.832275,2.540076,0.896833,0.961644,0.000000,956.503296,967.432251,10.928955,1.142595,958.250244,969.082214,10.831970,1.130391,959.961853,970.571106,10.609253,1.105174,961.527710,971.986816,10.459106,1.087759,965.627136,975.202881,9.575745,0.991661,1989,sp,Surface Pressure,hPa,temporal_spatial_mean,365
365,0.468318,0.127343,-0.340976,0.409320,0.486195,0.870341,0.000000,0.757493,0.702054,365,365,-0.340976,0.692532,0.540977,0.781158,0.260274,0.000000,0.469185,0.070774,-0.398411,-84.915604,0.934379,0.459476,-0.474903,-50.825497,1.326920,0.823135,-0.503785,-37.966492,1.678345,1.103561,-0.574785,-34.247093,2.250445,1.624027,-0.626418,-27.835279,1989,u10,10m U-Wind,m/s,temporal_spatial_mean,365
365,-0.044449,-0.458164,-0.413715,0.494635,0.583850,0.764664,0.000000,0.584711,0.913856,365,365,-0.413715,0.638886,0.474049,0.741993,0.378082,0.000000,0.030016,-0.466271,-0.496286,-1653.415527,0.406743,-0.129421,-0.536164,-131.818802,0.730868,0.139132,-0.591736,-80.963425,0.920033,0.286255,-0.633779,-68.886497,1.199595,0.584406,-0.615189,-51.283043,1989,v10,10m V-Wind,m/s,temporal_spatial_mean,365
365,1.136164,0.662392,-0.473772,0.473772,0.475127,0.999114,0.000000,0.998228,1.656654,365,365,-0.473772,0.286799,0.320310,1.116845,0.654795,0.000000,1.035601,0.541366,-0.494235,-47.724472,1.419498,0.977272,-0.442226,-31.153673,1.574005,1.158716,-0.415289,-26.384241,1.598887,1.186250,-0.412637,-25.807775,1.619166,1.208177,-0.410989,-25.382740,1989,lai,Leaf Area Index,Index,temporal_spatial_mean,365
365,286.487427,286.020844,-0.466567,0.592801,0.708584,0.997432,0.000000,0.994870,0.100874,365,365,-0.466583,7.024415,6.829554,0.972259,0.117808,0.012558,286.474579,286.065735,-0.408844,-0.142716,293.892426,293.065887,-0.826538,-0.281238,295.591980,294.976227,-0.615753,-0.208312,296.070099,295.228516,-0.841583,-0.284251,296.570526,295.600250,-0.970276,-0.327165,1990,t2m,2m Temperature,K,temporal_spatial_mean,365
365,279.836487,280.488312,0.651870,0.729443,0.900591,0.995892,0.000000,0.991802,0.140580,365,365,0.651825,6.406249,6.157073,0.961104,0.071233,0.312940,279.545166,280.499420,0.954254,0.341360,286.392517,286.646454,0.253937,0.088667,288.518768,288.657928,0.139160,0.048233,288.910461,288.954010,0.043549,0.015073,289.425781,289.461273,0.035492,0.012263,1990,d2m,2m Dewpoint,K,temporal_spatial_mean,365
365,956.307800,967.164490,10.856730,10.856730,10.881086,0.967574,0.000000,0.936199,3.985793,365,365,10.856689,2.729968,2.409204,0.882503,0.975342,0.000000,956.217590,966.909912,10.692322,1.118189,957.904541,968.471252,10.566711,1.103107,959.617126,970.358459,10.741333,1.119335,961.041077,971.259460,10.218384,1.063262,963.938965,974.030090,10.091125,1.046864,1990,sp,Surface Pressure,hPa,temporal_spatial_mean,365
365,0.413675,0.044533,-0.369142,0.408832,0.483033,0.892614,0.000000,0.796760,0.717829,365,365,-0.369142,0.672908,0.529745,0.787248,0.271233,0.000000,0.403348,0.028103,-0.375246,-93.032608,0.829346,0.391568,-0.437778,-52.785912,1.266416,0.768496,-0.497920,-39.317265,1.507234,0.969874,-0.537360,-35.652039,1.959157,1.348263,-0.610893,-31.181448,1990,u10,10m U-Wind,m/s,temporal_spatial_mean,365
365,0.090995,-0.404505,-0.495500,0.538777,0.637514,0.712165,0.000000,0.507178,1.162225,365,365,-0.495500,0.548529,0.502991,0.916981,0.372603,0.000000,0.148454,-0.408413,-0.556867,-375.109985,0.478031,-0.053937,-0.531968,-111.283142,0.787127,0.288516,-0.498612,-63.345741,0.922333,0.409218,-0.513114,-55.632248,1.176473,0.534867,-0.641606,-54.536381,1990,v10,10m V-Wind,m/s,temporal_spatial_mean,365
365,1.136164,0.662388,-0.473776,0.473776,0.475132,0.999114,0.000000,0.998229,1.656672,365,365,-0.473776,0.286799,0.320319,1.116875,0.654795,0.000000,1.035601,0.541359,-0.494242,-47.725132,1.419498,0.977272,-0.442226,-31.153673,1.574005,1.158705,-0.415300,-26.384893,1.598887,1.186265,-0.412622,-25.806812,1.619166,1.208193,-0.410973,-25.381752,1990,lai,Leaf Area Index,Index,temporal_spatial_mean,365
365,286.277405,285.956512,-0.320883,0.640263,0.748534,0.997171,0.000000,0.994350,0.104503,365,365,-0.320892,7.162820,6.733329,0.940039,0.098630,0.057357,286.715363,286.268097,-0.447266,-0.155996,293.176178,292.544708,-0.631470,-0.215389,295.622864,294.885071,-0.737793,-0.249572,296.014343,295.232330,-0.782013,-0.264181,296.679749,295.526978,-1.152771,-0.388557,1991,t2m,2m Temperature,K,temporal_spatial_mean,365
365,279.875641,280.507996,0.632344,0.772812,0.974010,0.995584,0.000000,0.991188,0.151517,365,365,0.632355,6.428401,5.970269,0.928733,0.068493,0.359160,279.416779,280.384857,0.968079,0.346464,286.235748,285.991699,-0.244049,-0.085262,288.475006,288.217438,-0.257568,-0.089286,288.758148,288.692596,-0.065552,-0.022701,289.521515,289.270325,-0.251190,-0.086760,1991,d2m,2m Dewpoint,K,temporal_spatial_mean,365
365,956.363342,967.255249,10.891865,10.891865,10.925111,0.967462,0.000000,0.935983,3.600097,365,365,10.891907,3.034671,2.567474,0.846047,0.939726,0.000000,956.471497,967.234070,10.762573,1.125237,958.279602,968.984070,10.704468,1.117051,960.299561,970.600342,10.300781,1.072663,961.201294,971.282043,10.080750,1.048766,962.889832,972.943542,10.053711,1.044119,1991,sp,Surface Pressure,hPa,temporal_spatial_mean,365
365,0.399114,0.059689,-0.339424,0.394215,0.476378,0.900782,0.000000,0.811409,0.653139,365,365,-0.339424,0.729368,0.550226,0.754387,0.279452,0.000000,0.392933,0.041340,-0.351593,-89.479126,0.842062,0.374233,-0.467830,-55.557598,1.316384,0.744884,-0.571499,-43.414349,1.661264,1.063036,-0.598229,-36.010441,2.151165,1.566226,-0.584939,-27.191732,1991,u10,10m U-Wind,m/s,temporal_spatial_mean,365
365,0.042916,-0.390278,-0.433194,0.519104,0.614009,0.747120,0.000000,0.558189,0.940394,365,365,-0.433194,0.652927,0.519432,0.795543,0.380822,0.000000,0.087962,-0.376491,-0.464454,-528.013367,0.494053,-0.091431,-0.585484,-118.506378,0.800521,0.216873,-0.583648,-72.908516,1.046935,0.457552,-0.589383,-56.296005,1.470965,0.954559,-0.516406,-35.106602,1991,v10,10m V-Wind,m/s,temporal_spatial_mean,365
365,1.136164,0.662384,-0.473780,0.473780,0.475135,0.999114,0.000000,0.998230,1.656683,365,365,-0.473780,0.286799,0.320311,1.116849,0.654795,0.000000,1.035601,0.541387,-0.494213,-47.722385,1.419498,0.977272,-0.442226,-31.153673,1.574005,1.158689,-0.415316,-26.385937,1.598887,1.186234,-0.412653,-25.808773,1.619166,1.208139,-0.411027,-25.385103,1991,lai,Leaf Area Index,Index,temporal_spatial_mean,365
366,285.977722,285.812500,-0.165212,0.529264,0.636748,0.997065,0.000000,0.994138,0.093945,366,366,-0.165222,6.777852,6.428012,0.948385,0.071038,0.314508,286.335022,286.114044,-0.220978,-0.077175,292.738403,292.221985,-0.516418,-0.176410,294.668030,294.242249,-0.425781,-0.144495,295.136414,294.574341,-0.562073,-0.190445,295.487213,294.910553,-0.576660,-0.195156,1992,t2m,2m Temperature,K,temporal_spatial_mean,366
366,279.732452,280.498718,0.766257,0.840965,1.046218,0.995097,0.000000,0.990219,0.174258,366,366,0.766266,6.003847,5.580904,0.929555,0.101093,0.047427,279.489197,280.223328,0.734131,0.262669,285.651642,286.045746,0.394104,0.137967,287.870331,288.048187,0.177856,0.061784,288.421997,288.480408,0.058411,0.020252,289.233917,288.917725,-0.316193,-0.109321,1992,d2m,2m Dewpoint,K,temporal_spatial_mean,366
366,955.882996,966.734985,10.852064,10.852064,10.875914,0.959575,0.000000,0.920784,4.455626,366,366,10.851990,2.440940,2.127263,0.871493,0.989071,0.000000,955.689087,966.644226,10.955139,1.146308,957.641846,968.268494,10.626648,1.109668,959.055542,969.582214,10.526672,1.097608,959.738708,970.307495,10.568787,1.101215,961.008545,971.155701,10.147156,1.055886,1992,sp,Surface Pressure,hPa,temporal_spatial_mean,366
366,0.361705,0.052007,-0.309697,0.410683,0.497220,0.864700,0.000000,0.747706,0.655711,366,366,-0.309697,0.758291,0.576671,0.760487,0.229508,0.000000,0.354791,-0.017384,-0.372174,-104.899681,0.868848,0.408760,-0.460088,-52.953808,1.329385,0.877773,-0.451612,-33.971508,1.618693,1.134324,-0.484369,-29.923439,2.321710,1.509272,-0.812438,-34.993107,1992,u10,10m U-Wind,m/s,temporal_spatial_mean,366
366,-0.040427,-0.384477,-0.344050,0.471157,0.557666,0.748655,0.000000,0.560484,0.846989,366,366,-0.344050,0.658410,0.538625,0.818069,0.275956,0.000000,0.000522,-0.404983,-0.405505,-77644.921875,0.476553,-0.010534,-0.487087,-102.210365,0.760442,0.296201,-0.464241,-61.048885,0.915396,0.464676,-0.450721,-49.237774,1.217586,0.817803,-0.399783,-32.834064,1992,v10,10m V-Wind,m/s,temporal_spatial_mean,366
366,1.135380,0.661571,-0.473809,0.473809,0.475162,0.999111,0.000000,0.998223,1.656775,366,366,-0.473809,0.286799,0.320268,1.116697,0.655738,0.000000,1.034590,0.538958,-0.495633,-47.906178,1.417773,0.976070,-0.441704,-31.154749,1.574003,1.158609,-0.415394,-26.390936,1.598859,1.186197,-0.412662,-25.809755,1.619156,1.208172,-0.410984,-25.382607,1992,lai,Leaf Area Index,Index,temporal_spatial_mean,366
365,285.652496,285.549622,-0.102837,0.583019,0.700968,0.998079,0.000000,0.996161,0.096257,365,365,-0.102875,7.282253,6.741751,0.925778,0.073973,0.270996,286.215057,285.687866,-0.527191,-0.184194,292.741852,292.138641,-0.603210,-0.206055,295.053467,294.346313,-0.707153,-0.239670,295.665039,294.999390,-0.665649,-0.225136,296.405945,295.553833,-0.852112,-0.287481,1993,t2m,2m Temperature,K,temporal_spatial_mean,365
365,279.451599,280.258820,0.807214,0.867431,1.057758,0.997267,0.000000,0.994541,0.160524,365,365,0.807220,6.589404,6.091590,0.924452,0.076712,0.233280,279.178955,280.120148,0.941193,0.337129,285.656525,285.819366,0.162842,0.057006,288.398193,288.384857,-0.013336,-0.004624,288.915222,288.693726,-0.221497,-0.076665,289.326263,289.189484,-0.136780,-0.047275,1993,d2m,2m Dewpoint,K,temporal_spatial_mean,365
365,956.086914,966.979980,10.893085,10.893085,10.916771,0.963844,0.000000,0.928994,4.322999,365,365,10.893066,2.525277,2.181392,0.863823,0.986301,0.000000,956.112183,966.999695,10.887512,1.138727,957.703064,968.466858,10.763794,1.123918,959.310669,969.786438,10.475769,1.092010,960.429626,970.365051,9.935425,1.034477,961.875916,972.074463,10.198547,1.060277,1993,sp,Surface Pressure,hPa,temporal_spatial_mean,365
365,0.413631,0.064288,-0.349343,0.406890,0.489214,0.872298,0.000000,0.760904,0.729378,365,365,-0.349343,0.670728,0.486450,0.725256,0.293151,0.000000,0.386622,0.004349,-0.382273,-98.875114,0.821384,0.337334,-0.484050,-58.931000,1.277505,0.713676,-0.563829,-44.135174,1.565392,0.983107,-0.582285,-37.197411,2.079116,1.333881,-0.745234,-35.843815,1993,u10,10m U-Wind,m/s,temporal_spatial_mean,365
365,-0.043785,-0.414648,-0.370862,0.490075,0.588988,0.699239,0.000000,0.488935,0.921008,365,365,-0.370862,0.639503,0.466152,0.728928,0.350685,0.000000,0.010300,-0.405247,-0.415547,-4034.332764,0.414988,-0.155784,-0.570772,-137.539429,0.713431,0.170473,-0.542959,-76.105217,0.964843,0.396823,-0.568019,-58.871693,1.232479,0.728180,-0.504299,-40.917427,1993,v10,10m V-Wind,m/s,temporal_spatial_mean,365
365,1.136164,0.662392,-0.473772,0.473772,0.475127,0.999115,0.000000,0.998231,1.656655,365,365,-0.473772,0.286799,0.320309,1.116840,0.654795,0.000000,1.035601,0.541414,-0.494186,-47.719784,1.419498,0.977272,-0.442226,-31.153673,1.574005,1.158689,-0.415316,-26.385954,1.598887,1.186239,-0.412648,-25.808468,1.619166,1.208171,-0.410995,-25.383131,1993,lai,Leaf Area Index,Index,temporal_spatial_mean,365
365,286.261505,285.893066,-0.368469,0.617460,0.730533,0.997734,0.000000,0.995474,0.097857,365,365,-0.368439,7.465316,7.066751,0.946611,0.120548,0.009887,287.089355,286.267487,-0.821869,-0.286276,293.381409,292.693939,-0.687469,-0.234326,295.744141,294.719604,-1.024536,-0.346427,295.973083,295.092377,-0.880707,-0.297563,296.760468,295.849518,-0.910950,-0.306965,1994,t2m,2m Temperature,K,temporal_spatial_mean,365
365,279.586517,280.337494,0.750987,0.795087,0.949004,0.996930,0.000000,0.993870,0.143672,365,365,0.750977,6.605374,6.322088,0.957113,0.087671,0.120960,279.598663,280.748230,1.149567,0.411149,286.039368,286.727356,0.687988,0.240522,287.958282,288.069153,0.110870,0.038502,288.447357,288.686707,0.239349,0.082979,289.270599,289.151367,-0.119232,-0.041218,1994,d2m,2m Dewpoint,K,temporal_spatial_mean,365
365,956.293213,967.132812,10.839511,10.839511,10.864285,0.966493,0.000000,0.934109,3.985686,365,365,10.839600,2.725826,2.415164,0.886030,0.956164,0.000000,956.322571,967.171387,10.848816,1.134431,957.829468,968.523438,10.693970,1.116480,959.461060,969.789001,10.327942,1.076432,960.542908,971.160889,10.617981,1.105415,963.090332,973.661926,10.571594,1.097674,1994,sp,Surface Pressure,hPa,temporal_spatial_mean,365
365,0.394738,0.105655,-0.289082,0.374961,0.445514,0.860753,0.000000,0.740895,0.673809,365,365,-0.289082,0.661187,0.528603,0.799475,0.276712,0.000000,0.391634,0.067740,-0.323894,-82.703278,0.788299,0.381129,-0.407170,-51.651749,1.155531,0.706067,-0.449464,-38.896759,1.550511,1.100745,-0.449766,-29.007587,2.160897,1.665705,-0.495192,-22.916052,1994,u10,10m U-Wind,m/s,temporal_spatial_mean,365
365,0.022863,-0.386850,-0.409713,0.472564,0.571619,0.770268,0.000000,0.593313,0.916062,365,365,-0.409713,0.623996,0.503706,0.807227,0.339726,0.000000,0.079468,-0.318614,-0.398083,-500.931976,0.418332,-0.045528,-0.463860,-110.883102,0.784218,0.246568,-0.537649,-68.558701,1.001364,0.391408,-0.609955,-60.912464,1.449541,0.567071,-0.882470,-60.879257,1994,v10,10m V-Wind,m/s,temporal_spatial_mean,365
365,1.136164,0.662404,-0.473760,0.473760,0.475115,0.999113,0.000000,0.998226,1.656612,365,365,-0.473760,0.286799,0.320308,1.116838,0.654795,0.000000,1.035601,0.541411,-0.494190,-47.720093,1.419498,0.977272,-0.442226,-31.153673,1.574005,1.158713,-0.415292,-26.384415,1.598887,1.186260,-0.412627,-25.807148,1.619166,1.208190,-0.410976,-25.381968,1994,lai,Leaf Area Index,Index,temporal_spatial_mean,365
365,286.137787,285.843262,-0.294516,0.643751,0.775571,0.996994,0.000000,0.993997,0.106427,365,365,-0.294525,7.287378,6.822750,0.936242,0.115068,0.015863,285.891388,285.904114,0.012726,0.004451,293.067596,292.543060,-0.524536,-0.178981,296.065277,295.127930,-0.937347,-0.316602,296.519104,295.484192,-1.034912,-0.349020,297.052765,296.042023,-1.010742,-0.340257,1995,t2m,2m Temperature,K,temporal_spatial_mean,365
365,279.698944,280.397552,0.698598,0.789317,0.987799,0.996341,0.000000,0.992696,0.151251,365,365,0.698608,6.530858,6.087233,0.932073,0.079452,0.199648,278.869049,280.004425,1.135376,0.407136,286.065033,286.317963,0.252930,0.088417,288.460510,288.412598,-0.047913,-0.016610,289.250031,288.992767,-0.257263,-0.088941,289.805420,289.449005,-0.356415,-0.122984,1995,d2m,2m Dewpoint,K,temporal_spatial_mean,365
365,955.489746,966.423279,10.933478,10.933478,10.961583,0.953788,0.000000,0.909711,4.290252,365,365,10.933533,2.554997,2.275846,0.890743,0.983562,0.000000,955.527405,966.304321,10.776917,1.127850,957.316956,967.846558,10.529602,1.099908,958.588257,969.495483,10.907227,1.137843,959.590515,969.936707,10.346191,1.078188,960.767334,971.283020,10.515686,1.094509,1995,sp,Surface Pressure,hPa,temporal_spatial_mean,365
365,0.432824,0.124159,-0.308665,0.369600,0.457267,0.897169,0.000000,0.804912,0.615267,365,365,-0.308665,0.743200,0.588913,0.792401,0.205479,0.000000,0.327687,0.094314,-0.233374,-71.218353,0.898222,0.453148,-0.445074,-49.550510,1.406855,0.916404,-0.490450,-34.861469,1.735076,1.204508,-0.530568,-30.578932,2.464729,1.703134,-0.761595,-30.899742,1995,u10,10m U-Wind,m/s,temporal_spatial_mean,365
365,-0.094630,-0.430663,-0.336033,0.493343,0.572321,0.756168,0.000000,0.571790,0.808411,365,365,-0.336033,0.707957,0.531855,0.751253,0.298630,0.000000,-0.064438,-0.411737,-0.347298,-538.960632,0.369900,-0.100648,-0.470549,-127.209595,0.806827,0.195742,-0.611086,-75.739311,1.013301,0.405797,-0.607504,-59.952946,1.457218,0.839561,-0.617657,-42.386036,1995,v10,10m V-Wind,m/s,temporal_spatial_mean,365
365,1.136164,0.662383,-0.473781,0.473781,0.475137,0.999116,0.000000,0.998232,1.656689,365,365,-0.473781,0.286799,0.320323,1.116890,0.654795,0.000000,1.035601,0.541412,-0.494188,-47.719986,1.419498,0.977272,-0.442226,-31.153673,1.574005,1.158707,-0.415298,-26.384796,1.598887,1.186263,-0.412624,-25.806948,1.619166,1.208177,-0.410989,-25.382778,1995,lai,Leaf Area Index,Index,temporal_spatial_mean,365
366,285.608429,285.312500,-0.295945,0.642888,0.771127,0.997028,0.000000,0.994065,0.100842,366,366,-0.295929,7.646883,7.224179,0.944722,0.114754,0.016074,285.806061,285.533325,-0.272736,-0.095427,293.560974,292.672211,-0.888763,-0.302753,295.562988,294.684021,-0.878967,-0.297387,295.789734,295.051056,-0.738678,-0.249731,296.179291,295.376190,-0.803101,-0.271154,1996,t2m,2m Temperature,K,temporal_spatial_mean,366
366,279.046082,279.722290,0.676223,0.788563,0.986568,0.996677,0.000000,0.993366,0.139188,366,366,0.676208,7.088021,6.637003,0.936369,0.071038,0.314508,278.114868,279.467407,1.352539,0.486324,286.225586,286.368042,0.142456,0.049771,288.202118,288.178345,-0.023773,-0.008249,288.745331,288.594818,-0.150513,-0.052126,289.251343,289.165894,-0.085449,-0.029542,1996,d2m,2m Dewpoint,K,temporal_spatial_mean,366
366,955.992004,966.961487,10.969522,10.969522,10.996486,0.971296,0.000000,0.943416,3.701204,366,366,10.969482,2.971057,2.581111,0.868752,0.953552,0.000000,955.989380,966.890015,10.900635,1.140246,957.878418,968.461121,10.582703,1.104806,959.426270,970.210632,10.784363,1.124043,960.985596,971.060181,10.074585,1.048360,964.149780,973.815125,9.665344,1.002473,1996,sp,Surface Pressure,hPa,temporal_spatial_mean,366
366,0.462497,0.119056,-0.343441,0.412274,0.499089,0.875123,0.000000,0.765841,0.679013,366,366,-0.343441,0.735021,0.575177,0.782531,0.229508,0.000000,0.388688,0.063641,-0.325047,-83.626701,0.945466,0.465718,-0.479748,-50.741951,1.436914,0.879689,-0.557224,-38.779240,1.784863,1.128955,-0.655909,-36.748398,2.271381,1.724659,-0.546722,-24.070013,1996,u10,10m U-Wind,m/s,temporal_spatial_mean,366
366,-0.003753,-0.441063,-0.437310,0.529825,0.618682,0.782440,0.000000,0.612212,0.880727,366,366,-0.437310,0.702468,0.536618,0.763904,0.336066,0.000000,0.016729,-0.471249,-0.487978,-2916.977051,0.451134,-0.122612,-0.573746,-127.178566,0.837827,0.259231,-0.578596,-69.059151,1.137524,0.483294,-0.654230,-57.513512,1.619000,0.880970,-0.738030,-45.585564,1996,v10,10m V-Wind,m/s,temporal_spatial_mean,366
366,1.135380,0.661576,-0.473805,0.473805,0.475157,0.999109,0.000000,0.998219,1.656758,366,366,-0.473805,0.286799,0.320258,1.116661,0.655738,0.000000,1.034590,0.538958,-0.495632,-47.906143,1.417773,0.976072,-0.441701,-31.154589,1.574003,1.158591,-0.415413,-26.392111,1.598859,1.186194,-0.412665,-25.809980,1.619156,1.208158,-0.410998,-25.383459,1996,lai,Leaf Area Index,Index,temporal_spatial_mean,366
365,285.889801,285.796631,-0.093195,0.579216,0.709644,0.996730,0.000000,0.993471,0.096825,365,365,-0.093170,7.329142,6.925464,0.944922,0.065753,0.409573,285.648987,285.623657,-0.025330,-0.008867,293.273804,292.805023,-0.468781,-0.159844,295.246368,294.831116,-0.415253,-0.140646,295.652161,295.335999,-0.316162,-0.106937,296.910370,296.040161,-0.870209,-0.293088,1997,t2m,2m Temperature,K,temporal_spatial_mean,365
365,279.701355,280.362915,0.661556,0.802474,0.988933,0.996146,0.000000,0.992308,0.148474,365,365,0.661560,6.660668,6.188834,0.929161,0.076712,0.233280,278.872833,279.972168,1.099335,0.394206,286.884064,286.723846,-0.160217,-0.055847,288.439026,288.312012,-0.127014,-0.044035,288.983459,288.581146,-0.402313,-0.139217,289.646271,289.078796,-0.567474,-0.195920,1997,d2m,2m Dewpoint,K,temporal_spatial_mean,365
365,955.733398,966.505737,10.772275,10.772275,10.803271,0.964931,0.000000,0.931092,3.638473,365,365,10.772339,2.969177,2.617486,0.881553,0.964384,0.000000,955.660645,966.518372,10.857727,1.136149,957.697815,968.141541,10.443726,1.090503,959.636780,970.086304,10.449524,1.088904,960.778503,970.907043,10.128540,1.054201,962.812012,972.699463,9.887451,1.026935,1997,sp,Surface Pressure,hPa,temporal_spatial_mean,365
365,0.571812,0.204540,-0.367272,0.404843,0.487050,0.898773,0.000000,0.807793,0.677372,365,365,-0.367272,0.719028,0.591863,0.823142,0.287671,0.000000,0.565707,0.153812,-0.411895,-72.810646,1.047587,0.584021,-0.463566,-44.250843,1.493621,1.007848,-0.485774,-32.523228,1.807100,1.317437,-0.489664,-27.096655,2.481406,1.763875,-0.717531,-28.916319,1997,u10,10m U-Wind,m/s,temporal_spatial_mean,365
365,-0.132679,-0.408980,-0.276301,0.419172,0.527051,0.774295,0.000000,0.599533,0.743185,365,365,-0.276301,0.709179,0.554758,0.782253,0.268493,0.000000,-0.072145,-0.313171,-0.241026,-334.084625,0.401184,-0.018981,-0.420165,-104.731316,0.708452,0.214416,-0.494036,-69.734596,0.864878,0.359854,-0.505024,-58.392540,1.169074,0.672497,-0.496578,-42.476135,1997,v10,10m V-Wind,m/s,temporal_spatial_mean,365
365,1.136164,0.662387,-0.473777,0.473777,0.475133,0.999114,0.000000,0.998229,1.656675,365,365,-0.473777,0.286799,0.320321,1.116882,0.654795,0.000000,1.035601,0.541356,-0.494245,-47.725452,1.419498,0.977272,-0.442226,-31.153673,1.574005,1.158721,-0.415284,-26.383877,1.598887,1.186267,-0.412620,-25.806709,1.619166,1.208179,-0.410987,-25.382629,1997,lai,Leaf Area Index,Index,temporal_spatial_mean,365
365,286.824493,286.499878,-0.324604,0.542398,0.653256,0.997995,0.000000,0.995995,0.091208,365,365,-0.324615,7.162238,6.807450,0.950464,0.095890,0.069697,286.789917,286.674042,-0.115875,-0.040404,293.719330,293.098602,-0.620728,-0.211334,296.261658,295.501251,-0.760406,-0.256667,296.643799,295.968170,-0.675629,-0.227758,297.497559,296.539001,-0.958557,-0.322207,1998,t2m,2m Temperature,K,temporal_spatial_mean,365
365,280.650696,281.084900,0.434194,0.647761,0.796543,0.996373,0.000000,0.992759,0.126457,365,365,0.434204,6.298922,5.877756,0.933137,0.076712,0.233280,280.288849,281.525879,1.237030,0.441341,287.276672,287.202454,-0.074219,-0.025835,289.225830,288.867157,-0.358673,-0.124011,289.511688,289.141937,-0.369751,-0.127715,290.081665,289.615417,-0.466248,-0.160730,1998,d2m,2m Dewpoint,K,temporal_spatial_mean,365
365,955.474670,966.386230,10.911557,10.911557,10.944901,0.960942,0.000000,0.923409,3.752486,365,365,10.911560,2.916707,2.524902,0.865669,0.961644,0.000000,955.373108,966.054199,10.681091,1.118002,957.339661,968.074829,10.735168,1.121354,959.557190,969.897217,10.340027,1.077583,960.500549,970.831787,10.331238,1.075610,962.872131,973.089172,10.217041,1.061100,1998,sp,Surface Pressure,hPa,temporal_spatial_mean,365
365,0.395124,0.085960,-0.309165,0.383049,0.467096,0.822987,0.000000,0.677307,0.758738,365,365,-0.309165,0.615622,0.523923,0.851046,0.304110,0.000000,0.427345,0.030931,-0.396414,-92.762108,0.812980,0.401623,-0.411356,-50.598606,1.113999,0.813567,-0.300432,-26.968815,1.353804,1.011167,-0.342636,-25.309160,1.832216,1.417553,-0.414663,-22.631762,1998,u10,10m U-Wind,m/s,temporal_spatial_mean,365
365,-0.021343,-0.453992,-0.432648,0.505308,0.603776,0.786874,0.000000,0.619171,0.885326,365,365,-0.432648,0.681982,0.552062,0.809496,0.342466,0.000000,0.042399,-0.441748,-0.484147,-1141.876465,0.409413,-0.085787,-0.495200,-120.953636,0.798913,0.243524,-0.555389,-69.518089,1.045376,0.434213,-0.611164,-58.463516,1.527098,0.742725,-0.784373,-51.363617,1998,v10,10m V-Wind,m/s,temporal_spatial_mean,365
365,1.136164,0.662357,-0.473807,0.473807,0.475163,0.999115,0.000000,0.998230,1.656779,365,365,-0.473807,0.286799,0.320327,1.116905,0.654795,0.000000,1.035601,0.541354,-0.494247,-47.725643,1.419498,0.977272,-0.442226,-31.153673,1.574005,1.158685,-0.415320,-26.386187,1.598887,1.186230,-0.412657,-25.809036,1.619166,1.208140,-0.411026,-25.385050,1998,lai,Leaf Area Index,Index,temporal_spatial_mean,365
365,286.545410,286.102325,-0.443100,0.579878,0.687419,0.998089,0.000000,0.996181,0.101689,365,365,-0.443085,6.760010,6.428192,0.950915,0.093151,0.084223,286.409821,285.936401,-0.473419,-0.165294,292.881409,292.090759,-0.790649,-0.269955,295.474854,294.570740,-0.904114,-0.305987,295.875671,295.275116,-0.600555,-0.202976,297.369598,296.040894,-1.328705,-0.446819,1999,t2m,2m Temperature,K,temporal_spatial_mean,365
365,279.726959,280.277374,0.550413,0.753579,0.902222,0.996463,0.000000,0.992938,0.140745,365,365,0.550415,6.410324,5.917678,0.923148,0.082192,0.169891,279.250488,280.216553,0.966064,0.345949,285.591919,285.846344,0.254425,0.089087,288.557617,288.166290,-0.391327,-0.135615,289.212067,288.591553,-0.620514,-0.214553,289.838562,289.198395,-0.640167,-0.220870,1999,d2m,2m Dewpoint,K,temporal_spatial_mean,365
365,956.532532,967.335938,10.803385,10.803385,10.827866,0.966924,0.000000,0.934943,4.047467,365,365,10.803406,2.675220,2.333851,0.872396,0.972603,0.000000,956.322571,967.113098,10.790527,1.128335,958.356262,968.972351,10.616089,1.107739,959.933777,970.364197,10.430420,1.086577,960.796143,971.051575,10.255432,1.067389,964.368530,974.229919,9.861389,1.022575,1999,sp,Surface Pressure,hPa,temporal_spatial_mean,365
365,0.445612,0.152466,-0.293146,0.362235,0.437603,0.885400,0.000000,0.783933,0.641603,365,365,-0.293146,0.682046,0.532819,0.781207,0.221918,0.000000,0.368373,0.099998,-0.268374,-72.854050,0.883424,0.484878,-0.398545,-45.113731,1.306905,0.895073,-0.411831,-31.511957,1.561215,1.067122,-0.494092,-31.647938,2.131713,1.474841,-0.656872,-30.814281,1999,u10,10m U-Wind,m/s,temporal_spatial_mean,365
365,-0.081072,-0.502773,-0.421701,0.501875,0.603614,0.781851,0.000000,0.611290,0.872419,365,365,-0.421701,0.691886,0.519939,0.751481,0.304110,0.000000,-0.082433,-0.497173,-0.414740,-503.124908,0.379159,-0.134267,-0.513427,-135.411850,0.812595,0.153379,-0.659216,-81.124756,0.979589,0.355391,-0.624198,-63.720390,1.309860,0.528210,-0.781649,-59.674282,1999,v10,10m V-Wind,m/s,temporal_spatial_mean,365
365,1.136164,0.662359,-0.473805,0.473805,0.475161,0.999114,0.000000,0.998229,1.656772,365,365,-0.473805,0.286799,0.320321,1.116883,0.654795,0.000000,1.035601,0.541340,-0.494261,-47.726978,1.419498,0.977272,-0.442226,-31.153673,1.574005,1.158668,-0.415337,-26.387278,1.598887,1.186211,-0.412676,-25.810190,1.619166,1.208136,-0.411030,-25.385286,1999,lai,Leaf Area Index,Index,temporal_spatial_mean,365
366,286.180756,285.742310,-0.438443,0.799538,0.909931,0.996071,0.000000,0.992158,0.123424,366,366,-0.438446,7.372370,6.885689,0.933986,0.079235,0.200906,286.825012,286.374939,-0.450073,-0.156916,293.281494,292.422516,-0.858978,-0.292885,295.645142,294.638702,-1.006439,-0.340421,296.441956,295.595703,-0.846252,-0.285470,296.963165,295.928558,-1.034607,-0.348396,2000,t2m,2m Temperature,K,temporal_spatial_mean,366
366,279.563141,280.080566,0.517421,0.676743,0.888539,0.996144,0.000000,0.992303,0.136876,366,366,0.517426,6.491567,6.022231,0.927701,0.062842,0.465688,279.291260,280.462372,1.171112,0.419316,285.874756,286.088257,0.213501,0.074683,288.002502,287.782349,-0.220154,-0.076442,288.582764,288.259033,-0.323730,-0.112179,289.451965,289.083649,-0.368317,-0.127246,2000,d2m,2m Dewpoint,K,temporal_spatial_mean,366
366,956.773560,967.628235,10.854568,10.854568,10.877741,0.978389,0.000000,0.957245,3.692279,366,366,10.854675,2.946078,2.518398,0.854831,0.937158,0.000000,956.722168,967.548950,10.826782,1.131654,958.637756,969.106384,10.468628,1.092032,960.599792,970.986450,10.386658,1.081268,962.273804,972.213623,9.939819,1.032951,963.990234,973.262939,9.272705,0.961909,2000,sp,Surface Pressure,hPa,temporal_spatial_mean,366
366,0.462705,0.136640,-0.326065,0.380520,0.466900,0.871669,0.000000,0.759806,0.716444,366,366,-0.326065,0.651692,0.469740,0.720800,0.284153,0.000000,0.431021,0.084158,-0.346863,-80.474808,0.892726,0.409609,-0.483118,-54.117119,1.325970,0.795795,-0.530175,-39.983944,1.654822,1.023839,-0.630983,-38.129951,1.878794,1.416405,-0.462389,-24.610949,2000,u10,10m U-Wind,m/s,temporal_spatial_mean,366
366,-0.069514,-0.462615,-0.393100,0.499607,0.587829,0.805339,0.000000,0.648571,0.806167,366,366,-0.393100,0.729165,0.522675,0.716813,0.338798,0.000000,-0.034479,-0.396669,-0.362190,-1050.467773,0.492592,-0.123558,-0.616150,-125.083168,0.804424,0.160736,-0.643689,-80.018524,0.984550,0.283530,-0.701021,-71.202126,1.205652,0.633660,-0.571992,-47.442509,2000,v10,10m V-Wind,m/s,temporal_spatial_mean,366
366,1.135380,0.661548,-0.473832,0.473832,0.475186,0.999111,0.000000,0.998223,1.656858,366,366,-0.473832,0.286799,0.320283,1.116750,0.655738,0.000000,1.034590,0.538941,-0.495649,-47.907791,1.417773,0.976069,-0.441704,-31.154757,1.574003,1.158607,-0.415396,-26.391064,1.598859,1.186192,-0.412667,-25.810081,1.619156,1.208166,-0.410989,-25.382944,2000,lai,Leaf Area Index,Index,temporal_spatial_mean,366
365,286.519684,286.170197,-0.349517,0.695927,0.814875,0.997617,0.000000,0.995240,0.112127,365,365,-0.349487,7.267441,6.711185,0.923459,0.112329,0.019926,286.895721,286.496368,-0.399353,-0.139198,293.295746,292.560089,-0.735657,-0.250824,295.798920,295.036346,-0.762573,-0.257801,296.303101,295.446320,-0.856781,-0.289157,297.320984,296.273804,-1.047180,-0.352205,2001,t2m,2m Temperature,K,temporal_spatial_mean,365
365,279.997345,280.518372,0.521018,0.660827,0.864268,0.996114,0.000000,0.992243,0.138210,365,365,0.521027,6.253272,5.814005,0.929754,0.076712,0.233280,279.762207,280.559143,0.796936,0.284862,285.891968,286.120300,0.228333,0.079867,288.405365,288.285004,-0.120361,-0.041733,289.200562,288.836304,-0.364258,-0.125953,289.860260,289.569183,-0.291077,-0.100420,2001,d2m,2m Dewpoint,K,temporal_spatial_mean,365
365,956.657349,967.410706,10.753407,10.753407,10.783728,0.961428,0.000000,0.924344,3.990986,365,365,10.753357,2.702021,2.280517,0.844004,0.975342,0.000000,956.715576,967.383606,10.668030,1.115068,958.447815,969.026794,10.578979,1.103762,959.936157,970.277527,10.341370,1.077298,960.859497,970.948486,10.088989,1.049996,963.539429,972.830017,9.290588,0.964215,2001,sp,Surface Pressure,hPa,temporal_spatial_mean,365
365,0.426910,0.096707,-0.330204,0.397578,0.471678,0.873389,0.000000,0.762809,0.700307,365,365,-0.330204,0.673530,0.511798,0.759875,0.282192,0.000000,0.398407,0.034100,-0.364307,-91.440895,0.873167,0.407563,-0.465604,-53.323639,1.260506,0.793439,-0.467067,-37.053955,1.590003,1.080281,-0.509722,-32.057957,2.190590,1.437644,-0.752946,-34.371834,2001,u10,10m U-Wind,m/s,temporal_spatial_mean,365
365,-0.025128,-0.433149,-0.408021,0.528505,0.624562,0.705171,0.000000,0.497266,0.938238,365,365,-0.408021,0.665675,0.498105,0.748271,0.347945,0.000000,0.040252,-0.385285,-0.425537,-1057.179688,0.495590,-0.112550,-0.608140,-122.710205,0.836073,0.179088,-0.656985,-78.579849,0.960992,0.333671,-0.627321,-65.278511,1.138509,0.651918,-0.486591,-42.739334,2001,v10,10m V-Wind,m/s,temporal_spatial_mean,365
365,1.136164,0.662359,-0.473805,0.473805,0.475161,0.999115,0.000000,0.998230,1.656772,365,365,-0.473805,0.286799,0.320325,1.116896,0.654795,0.000000,1.035601,0.541342,-0.494259,-47.726807,1.419498,0.977272,-0.442226,-31.153673,1.574005,1.158675,-0.415330,-26.386803,1.598887,1.186211,-0.412676,-25.810190,1.619166,1.208136,-0.411030,-25.385286,2001,lai,Leaf Area Index,Index,temporal_spatial_mean,365
365,286.260345,285.717499,-0.542860,0.783809,0.920453,0.996111,0.000000,0.992236,0.126428,365,365,-0.542847,7.280480,6.876647,0.944532,0.136986,0.002095,285.834381,285.637512,-0.196869,-0.068875,293.596405,292.465424,-1.130981,-0.385216,296.165253,295.145508,-1.019745,-0.344316,296.693054,295.456604,-1.236450,-0.416744,297.088135,295.851166,-1.236969,-0.416364,2002,t2m,2m Temperature,K,temporal_spatial_mean,365
365,279.528564,279.990204,0.461629,0.653793,0.815830,0.996221,0.000000,0.992456,0.123949,365,365,0.461639,6.581989,6.202662,0.942369,0.071233,0.312940,279.168732,279.898132,0.729401,0.261276,286.074249,286.387512,0.313263,0.109504,288.245331,288.205292,-0.040039,-0.013891,288.914246,288.570007,-0.344238,-0.119149,289.741058,289.288300,-0.452759,-0.156263,2002,d2m,2m Dewpoint,K,temporal_spatial_mean,365
365,956.614563,967.440125,10.825603,10.825603,10.850051,0.960520,0.000000,0.922598,4.166847,365,365,10.825562,2.603900,2.429589,0.933058,0.975342,0.000000,956.489136,967.431274,10.942139,1.143990,958.344788,969.050293,10.705505,1.117083,960.147766,970.702332,10.554565,1.099265,960.977295,971.376648,10.399353,1.082164,962.097595,973.003113,10.905518,1.133515,2002,sp,Surface Pressure,hPa,temporal_spatial_mean,365
365,0.488257,0.096946,-0.391310,0.431695,0.510717,0.905319,0.000000,0.819603,0.680475,365,365,-0.391311,0.750530,0.601424,0.801332,0.295890,0.000000,0.446336,0.030403,-0.415933,-93.188347,0.970645,0.414434,-0.556211,-57.303219,1.434215,0.894031,-0.540184,-37.664082,1.872905,1.217410,-0.655495,-34.998840,2.421717,1.686996,-0.734721,-30.338850,2002,u10,10m U-Wind,m/s,temporal_spatial_mean,365
365,-0.028703,-0.469263,-0.440560,0.547634,0.647777,0.726635,0.000000,0.527998,0.944625,365,365,-0.440560,0.685751,0.557966,0.813657,0.301370,0.000000,-0.036403,-0.478172,-0.441768,-1213.542358,0.460302,-0.056136,-0.516438,-112.195389,0.828442,0.220966,-0.607476,-73.327469,1.043692,0.426126,-0.617567,-59.171329,1.566185,0.825981,-0.740204,-47.261597,2002,v10,10m V-Wind,m/s,temporal_spatial_mean,365
365,1.136164,0.662370,-0.473795,0.473795,0.475151,0.999115,0.000000,0.998231,1.656737,365,365,-0.473795,0.286799,0.320328,1.116906,0.654795,0.000000,1.035601,0.541334,-0.494267,-47.727543,1.419498,0.977272,-0.442226,-31.153673,1.574005,1.158698,-0.415307,-26.385347,1.598887,1.186241,-0.412646,-25.808319,1.619166,1.208155,-0.411011,-25.384138,2002,lai,Leaf Area Index,Index,temporal_spatial_mean,365
365,286.299500,285.922974,-0.376550,0.623872,0.731181,0.997693,0.000000,0.995391,0.097553,365,365,-0.376526,7.495200,7.111936,0.948865,0.109589,0.024892,286.686127,286.230377,-0.455750,-0.158972,293.189331,292.584167,-0.605164,-0.206407,296.455048,295.677612,-0.777435,-0.262244,296.826447,295.945038,-0.881409,-0.296944,297.227020,296.365509,-0.861511,-0.289850,2003,t2m,2m Temperature,K,temporal_spatial_mean,365
365,279.692017,280.276489,0.584491,0.721832,0.903516,0.996053,0.000000,0.992122,0.134917,365,365,0.584473,6.696824,6.321969,0.944025,0.079452,0.199648,279.741089,280.521851,0.780762,0.279102,286.081818,286.270538,0.188721,0.065967,288.598816,288.286560,-0.312256,-0.108197,289.271454,289.093018,-0.178436,-0.061685,289.741882,289.527466,-0.214417,-0.074003,2003,d2m,2m Dewpoint,K,temporal_spatial_mean,365
365,956.064209,966.873047,10.808718,10.808718,10.837082,0.964292,0.000000,0.929860,3.994448,365,365,10.808838,2.713036,2.303619,0.849093,0.972603,0.000000,956.090149,966.869324,10.779175,1.127422,957.614685,968.355713,10.741028,1.121644,959.801514,969.979797,10.178284,1.060457,960.959106,970.924866,9.965759,1.037064,962.393677,972.182678,9.789001,1.017151,2003,sp,Surface Pressure,hPa,temporal_spatial_mean,365
365,0.486574,0.164594,-0.321980,0.387360,0.468174,0.884401,0.000000,0.782165,0.648843,365,365,-0.321980,0.721552,0.592285,0.820850,0.210959,0.000000,0.422526,0.104103,-0.318424,-75.361847,0.938745,0.541043,-0.397702,-42.365307,1.418402,0.920573,-0.497829,-35.097900,1.704962,1.254094,-0.450868,-26.444454,2.526448,1.725451,-0.800996,-31.704445,2003,u10,10m U-Wind,m/s,temporal_spatial_mean,365
365,-0.018616,-0.384429,-0.365813,0.486071,0.579823,0.747497,0.000000,0.558752,0.856892,365,365,-0.365813,0.676658,0.524326,0.774876,0.282192,0.000000,0.011479,-0.350381,-0.361860,-3152.447021,0.465627,-0.012823,-0.478450,-102.753891,0.862382,0.199693,-0.662689,-76.844070,1.010164,0.416293,-0.593871,-58.789589,1.211762,0.821388,-0.390374,-32.215385,2003,v10,10m V-Wind,m/s,temporal_spatial_mean,365
365,1.136164,0.662387,-0.473777,0.473777,0.475132,0.999113,0.000000,0.998227,1.656673,365,365,-0.473777,0.286799,0.320314,1.116857,0.654795,0.000000,1.035601,0.541349,-0.494251,-47.726040,1.419498,0.977272,-0.442226,-31.153673,1.574005,1.158704,-0.415301,-26.384998,1.598887,1.186250,-0.412637,-25.807766,1.619166,1.208165,-0.411001,-25.383484,2003,lai,Leaf Area Index,Index,temporal_spatial_mean,365
338,286.129700,286.039124,-0.482307,0.709187,0.829061,0.997200,0.000000,0.994408,0.113781,366,338,-0.090576,7.192922,6.868801,0.954939,0.075678,0.249348,286.755829,286.812927,0.057098,0.019912,293.270325,292.388184,-0.882141,-0.300795,294.696991,294.105774,-0.591217,-0.200619,295.586212,294.821960,-0.764252,-0.258555,296.754425,295.731506,-1.022919,-0.344702,2004,t2m,2m Temperature,K,temporal_spatial_mean,366
338,279.759186,280.684021,0.633326,0.716297,0.878695,0.996715,0.000000,0.993440,0.133735,366,338,0.924835,6.474564,6.252452,0.965695,0.074935,0.259504,279.773682,281.616882,1.843201,0.658818,285.817444,286.300110,0.482666,0.168872,287.727600,288.149536,0.421936,0.146644,288.555725,288.775787,0.220062,0.076263,289.600983,289.441345,-0.159637,-0.055123,2004,d2m,2m Dewpoint,K,temporal_spatial_mean,366
338,956.802673,967.589844,10.835558,10.835558,10.859675,0.972849,0.000000,0.946436,3.839918,366,338,10.787170,2.864314,2.443378,0.853042,0.963349,0.000000,956.801636,967.677246,10.875610,1.136663,958.823364,969.337280,10.513916,1.096544,960.318481,970.548706,10.230225,1.065295,961.409180,971.503235,10.094055,1.049923,963.779846,973.473389,9.693542,1.005784,2004,sp,Surface Pressure,hPa,temporal_spatial_mean,366
338,0.439963,0.061406,-0.366022,0.430652,0.508369,0.872290,0.000000,0.760890,0.716507,366,338,-0.378557,0.718752,0.554883,0.772008,0.242911,0.000000,0.367515,-0.008806,-0.376322,-102.396194,0.905676,0.412633,-0.493043,-54.439259,1.433303,0.840473,-0.592830,-41.361080,1.732128,1.076117,-0.656011,-37.873119,2.139066,1.494155,-0.644911,-30.149178,2004,u10,10m U-Wind,m/s,temporal_spatial_mean,366
338,-0.087208,-0.498872,-0.431793,0.536170,0.634963,0.764731,0.000000,0.584814,0.879240,366,338,-0.411664,0.711255,0.538137,0.756601,0.334578,0.000000,-0.013906,-0.499917,-0.486010,-3494.856689,0.455431,-0.157980,-0.613412,-134.688065,0.832149,0.176587,-0.655562,-78.779381,0.999512,0.363417,-0.636095,-63.640537,1.339318,0.791640,-0.547678,-40.892311,2004,v10,10m V-Wind,m/s,temporal_spatial_mean,366
338,1.135380,0.684772,-0.470505,0.470505,0.471826,0.999126,0.000000,0.998252,1.630582,366,338,-0.450608,0.286799,0.322241,1.123578,0.627219,0.000000,1.034590,0.602663,-0.431927,-41.748650,1.417773,1.008410,-0.409364,-28.873695,1.574003,1.162887,-0.411116,-26.119141,1.598859,1.187591,-0.411268,-25.722572,1.619156,1.208711,-0.410445,-25.349327,2004,lai,Leaf Area Index,Index,temporal_spatial_mean,366
333,286.571136,286.880157,-0.457721,0.689944,0.805603,0.997945,0.000000,0.995894,0.111153,365,333,0.309021,7.377392,6.759727,0.916276,0.086783,0.134311,286.215332,287.332825,1.117493,0.390438,293.721344,293.282593,-0.438751,-0.149377,295.903625,295.256714,-0.646912,-0.218622,296.979919,295.920441,-1.059479,-0.356751,297.680084,296.251617,-1.428467,-0.479866,2005,t2m,2m Temperature,K,temporal_spatial_mean,365
333,279.822571,281.329712,0.862558,0.904506,1.077142,0.996602,0.000000,0.993215,0.167954,365,333,1.507141,6.488702,6.021193,0.927950,0.129787,0.005004,279.130341,282.049316,2.918976,1.045739,286.335510,287.058319,0.722809,0.252434,288.245544,288.717834,0.472290,0.163850,288.996033,288.994171,-0.001862,-0.000644,289.637054,289.486481,-0.150574,-0.051987,2005,d2m,2m Dewpoint,K,temporal_spatial_mean,365
333,955.987000,966.856201,10.832156,10.832156,10.857226,0.975762,0.000000,0.952112,3.538031,365,333,10.869202,3.058041,2.689717,0.879556,0.952108,0.000000,955.746094,966.529358,10.783264,1.128256,957.549561,968.187988,10.638428,1.111005,959.862488,970.276855,10.414368,1.084985,961.551086,971.870361,10.319275,1.073190,965.045349,974.258057,9.212708,0.954640,2005,sp,Surface Pressure,hPa,temporal_spatial_mean,365
333,0.376228,0.049766,-0.272808,0.358234,0.439458,0.887666,0.000000,0.787951,0.607408,365,333,-0.326462,0.751973,0.554458,0.737339,0.246756,0.000000,0.276511,-0.020238,-0.296750,-107.319221,0.778307,0.324769,-0.453538,-58.272434,1.387562,0.854733,-0.532829,-38.400391,1.837132,1.152033,-0.685099,-37.291756,2.314407,1.632387,-0.682020,-29.468449,2005,u10,10m U-Wind,m/s,temporal_spatial_mean,365
333,-0.119223,-0.507367,-0.381479,0.509450,0.597286,0.721193,0.000000,0.520119,0.901830,365,333,-0.388144,0.682889,0.504588,0.738902,0.357909,0.000000,-0.038444,-0.483668,-0.445224,-1158.110962,0.396062,-0.180849,-0.576911,-145.661758,0.724459,0.062470,-0.661990,-91.377045,0.877037,0.307303,-0.569734,-64.961235,1.145276,0.536124,-0.609152,-53.188251,2005,v10,10m V-Wind,m/s,temporal_spatial_mean,365
333,1.136164,0.691843,-0.472041,0.472041,0.473489,0.999195,0.000000,0.998390,1.660572,365,333,-0.444321,0.286799,0.320092,1.116085,0.621622,0.000000,1.035601,0.614899,-0.420702,-40.623970,1.419498,1.010764,-0.408734,-28.794243,1.574005,1.163471,-0.410535,-26.082161,1.598887,1.188110,-0.410778,-25.691465,1.619166,1.208746,-0.410420,-25.347605,2005,lai,Leaf Area Index,Index,temporal_spatial_mean,365
365,286.962677,286.444275,-0.518415,0.711376,0.846419,0.996535,0.000000,0.993083,0.122335,365,365,-0.518402,6.918850,6.553497,0.947195,0.087671,0.120960,286.930237,286.544647,-0.385590,-0.134384,293.665741,292.819427,-0.846313,-0.288189,295.960571,295.108887,-0.851685,-0.287770,297.282349,295.888245,-1.394104,-0.468949,298.020416,296.666718,-1.353699,-0.454230,2006,t2m,2m Temperature,K,temporal_spatial_mean,365
365,279.690704,280.674774,0.984041,1.005056,1.156466,0.996863,0.000000,0.993735,0.184479,365,365,0.984070,6.268822,5.898595,0.940942,0.084932,0.143755,279.396393,280.680145,1.283752,0.459474,285.611053,286.532257,0.921204,0.322538,288.110413,288.313782,0.203369,0.070587,288.720398,288.918457,0.198059,0.068599,289.802032,289.760651,-0.041382,-0.014279,2006,d2m,2m Dewpoint,K,temporal_spatial_mean,365
365,956.041077,966.938538,10.897560,10.897560,10.924880,0.973935,0.000000,0.948550,3.508524,365,365,10.897461,3.113811,2.720668,0.873742,0.942466,0.000000,956.022339,966.946533,10.924194,1.142671,958.203735,968.824768,10.621033,1.108432,959.877441,970.116882,10.239441,1.066745,960.969055,971.237061,10.268005,1.068505,963.674500,973.677734,10.003235,1.038031,2006,sp,Surface Pressure,hPa,temporal_spatial_mean,365
365,0.506284,0.159371,-0.346913,0.400498,0.474277,0.888969,0.000000,0.790266,0.682334,365,365,-0.346913,0.695081,0.560811,0.806828,0.252055,0.000000,0.495029,0.119048,-0.375980,-75.951218,0.953165,0.535830,-0.417335,-43.784126,1.437696,0.938526,-0.499171,-34.720165,1.610630,1.059335,-0.551296,-34.228573,2.088282,1.545361,-0.542921,-25.998438,2006,u10,10m U-Wind,m/s,temporal_spatial_mean,365
365,-0.023903,-0.465405,-0.441502,0.518819,0.605478,0.821896,0.000000,0.675513,0.835463,365,365,-0.441502,0.724721,0.560266,0.773078,0.331507,0.000000,0.015916,-0.458223,-0.474139,-2978.917236,0.471212,-0.108816,-0.580028,-123.092773,0.916813,0.245514,-0.671300,-73.220963,1.163685,0.442990,-0.720695,-61.932175,1.452035,0.906498,-0.545537,-37.570518,2006,v10,10m V-Wind,m/s,temporal_spatial_mean,365
365,1.136164,0.662359,-0.473805,0.473805,0.475162,0.999116,0.000000,0.998232,1.656776,365,365,-0.473805,0.286799,0.320336,1.116935,0.654795,0.000000,1.035601,0.541334,-0.494266,-47.727512,1.419498,0.977272,-0.442226,-31.153673,1.574005,1.158705,-0.415300,-26.384945,1.598887,1.186247,-0.412641,-25.807997,1.619166,1.208160,-0.411006,-25.383837,2006,lai,Leaf Area Index,Index,temporal_spatial_mean,365
365,286.522614,285.908020,-0.614574,0.803205,0.933763,0.997658,0.000000,0.995322,0.123434,365,365,-0.614594,7.564855,7.071225,0.934747,0.101370,0.046942,287.383179,286.565277,-0.817902,-0.284603,293.555939,292.450439,-1.105499,-0.376589,296.224548,295.087097,-1.137451,-0.383983,296.788910,295.606842,-1.182068,-0.398286,297.001770,295.980896,-1.020874,-0.343727,2007,t2m,2m Temperature,K,temporal_spatial_mean,365
365,279.431488,280.352173,0.920689,0.930668,1.098777,0.997199,0.000000,0.994405,0.162294,365,365,0.920685,6.770288,6.430079,0.949750,0.082192,0.169891,279.992279,280.958862,0.966583,0.345218,285.692474,286.185669,0.493195,0.172631,288.291138,288.650360,0.359222,0.124604,288.838501,289.250977,0.412476,0.142805,289.710968,289.931885,0.220917,0.076254,2007,d2m,2m Dewpoint,K,temporal_spatial_mean,365
365,956.477051,967.317566,10.840429,10.840429,10.861970,0.965434,0.000000,0.932062,4.204902,365,365,10.840515,2.583168,2.375021,0.919422,0.967123,0.000000,956.495483,967.298096,10.802612,1.129395,958.073181,968.680176,10.606995,1.107117,959.470764,970.347839,10.877075,1.133654,960.916870,971.367981,10.451111,1.087619,963.157043,973.317017,10.159973,1.054862,2007,sp,Surface Pressure,hPa,temporal_spatial_mean,365
365,0.401594,0.115448,-0.286146,0.355297,0.438723,0.899112,0.000000,0.808402,0.590837,365,365,-0.286146,0.742546,0.597231,0.804302,0.197260,0.000001,0.280502,0.035504,-0.244998,-87.342636,0.854730,0.401970,-0.452760,-52.971100,1.468808,0.955270,-0.513538,-34.962898,1.759800,1.202668,-0.557132,-31.658825,2.361134,1.964805,-0.396329,-16.785551,2007,u10,10m U-Wind,m/s,temporal_spatial_mean,365
365,-0.110776,-0.543285,-0.432509,0.506193,0.598045,0.789554,0.000000,0.623395,0.888653,365,365,-0.432509,0.672979,0.525979,0.781568,0.342466,0.000000,-0.024506,-0.531394,-0.506888,-2068.464844,0.397727,-0.175186,-0.572913,-144.046661,0.667718,0.115208,-0.552510,-82.746010,0.835932,0.282286,-0.553645,-66.230942,1.154379,0.594586,-0.559793,-48.492985,2007,v10,10m V-Wind,m/s,temporal_spatial_mean,365
365,1.136164,0.662366,-0.473798,0.473798,0.475154,0.999115,0.000000,0.998230,1.656747,365,365,-0.473798,0.286799,0.320326,1.116901,0.654795,0.000000,1.035601,0.541342,-0.494259,-47.726765,1.419498,0.977272,-0.442226,-31.153673,1.574005,1.158691,-0.415314,-26.385786,1.598887,1.186247,-0.412640,-25.807962,1.619166,1.208146,-0.411020,-25.384663,2007,lai,Leaf Area Index,Index,temporal_spatial_mean,365
365,286.043488,285.497711,-0.549266,0.722686,0.829671,0.997369,0.000000,0.994746,0.112306,366,365,-0.545776,7.377813,7.052114,0.955854,0.106363,0.027949,286.401733,285.628052,-0.773682,-0.270139,292.888977,292.071655,-0.817322,-0.279055,295.549927,294.670074,-0.879852,-0.297700,296.282227,295.311005,-0.971222,-0.327803,296.823090,295.736298,-1.086792,-0.366141,2008,t2m,2m Temperature,K,temporal_spatial_mean,366
365,278.913177,279.925110,1.003639,1.013773,1.181475,0.996072,0.000000,0.992160,0.175052,366,365,1.011932,6.741901,6.545451,0.970861,0.086406,0.118676,278.329742,279.785004,1.455261,0.522855,285.365082,285.922607,0.557526,0.195373,288.044067,288.623627,0.579559,0.201205,288.494690,288.948669,0.453979,0.157361,288.979797,289.293793,0.313995,0.108657,2008,d2m,2m Dewpoint,K,temporal_spatial_mean,366
365,956.122803,967.094360,10.986380,10.986380,11.016722,0.963071,0.000000,0.927506,3.839250,366,365,10.971558,2.879665,2.497599,0.867323,0.956254,0.000000,955.865112,966.976562,11.111450,1.162450,958.017944,968.752441,10.734497,1.120490,959.764648,970.354675,10.590027,1.103398,960.873535,971.179260,10.305725,1.072537,963.292114,972.881104,9.588989,0.995439,2008,sp,Surface Pressure,hPa,temporal_spatial_mean,366
365,0.478665,0.125165,-0.351967,0.419794,0.486300,0.888298,0.000000,0.789073,0.681894,366,365,-0.353500,0.712788,0.560494,0.786341,0.264174,0.000000,0.478826,0.057210,-0.421616,-88.051979,0.962941,0.517613,-0.445328,-46.246609,1.314684,0.895268,-0.419416,-31.902405,1.671304,1.173066,-0.498237,-29.811298,2.088297,1.425001,-0.663296,-31.762526,2008,u10,10m U-Wind,m/s,temporal_spatial_mean,366
365,-0.021246,-0.504585,-0.487305,0.551506,0.654201,0.799077,0.000000,0.638524,0.902200,366,365,-0.483339,0.728080,0.600658,0.824989,0.335616,0.000000,0.068798,-0.473434,-0.542231,-788.152344,0.448627,-0.093109,-0.541736,-120.754242,0.820666,0.238719,-0.581947,-70.911568,1.015390,0.444592,-0.570798,-56.214687,1.632642,0.966562,-0.666080,-40.797661,2008,v10,10m V-Wind,m/s,temporal_spatial_mean,366
365,1.135380,0.662065,-0.473732,0.473732,0.475086,0.999109,0.000000,0.998219,1.654882,366,365,-0.473316,0.286799,0.320551,1.117683,0.654795,0.000000,1.034590,0.541396,-0.493194,-47.670452,1.417773,0.977272,-0.440501,-31.069939,1.574003,1.158691,-0.415312,-26.385742,1.598859,1.186243,-0.412615,-25.806871,1.619156,1.208168,-0.410988,-25.382833,2008,lai,Leaf Area Index,Index,temporal_spatial_mean,366
363,286.069550,285.631378,-0.407130,0.697867,0.821732,0.996276,0.000000,0.992566,0.111828,365,363,-0.438171,7.339948,6.992034,0.952600,0.095589,0.065495,286.011200,285.731842,-0.279358,-0.097674,293.581726,293.234375,-0.347351,-0.118315,295.572083,294.760071,-0.812012,-0.274725,295.888153,295.101624,-0.786530,-0.265820,296.509460,295.820343,-0.689117,-0.232410,2009,t2m,2m Temperature,K,temporal_spatial_mean,365
363,279.188263,280.120514,0.962092,0.978369,1.130831,0.996871,0.000000,0.993751,0.166319,365,363,0.932251,6.792808,6.524341,0.960478,0.101023,0.044225,279.410858,280.582611,1.171753,0.419366,286.461884,287.252777,0.790894,0.276090,287.897247,288.244141,0.346893,0.120492,288.373108,288.702728,0.329620,0.114303,289.131470,289.398254,0.266785,0.092271,2009,d2m,2m Dewpoint,K,temporal_spatial_mean,365
363,956.243164,967.210632,10.953646,10.953646,10.985446,0.961989,0.000000,0.925422,3.816280,365,363,10.967468,2.876812,2.486858,0.864450,0.964338,0.000000,956.410461,967.183228,10.772766,1.126375,958.040771,968.615845,10.575073,1.103823,959.672241,970.336365,10.664124,1.111226,960.846558,971.542847,10.696289,1.113215,962.607666,973.051453,10.443787,1.084947,2009,sp,Surface Pressure,hPa,temporal_spatial_mean,365
363,0.463958,0.085897,-0.377985,0.454566,0.544325,0.843188,0.000000,0.710967,0.756862,365,363,-0.378061,0.717264,0.543793,0.758149,0.308412,0.000000,0.482416,0.032260,-0.450156,-93.312889,0.899786,0.419821,-0.479964,-53.342075,1.433925,0.800819,-0.633106,-44.151981,1.729988,1.148001,-0.581987,-33.641102,2.369250,1.662033,-0.707217,-29.849838,2009,u10,10m U-Wind,m/s,temporal_spatial_mean,365
363,-0.038147,-0.473371,-0.431156,0.522400,0.617727,0.734662,0.000000,0.539728,0.947921,365,363,-0.435224,0.652334,0.493881,0.757099,0.377071,0.000000,0.035486,-0.425751,-0.461237,-1299.760864,0.468786,-0.115614,-0.584400,-124.662468,0.746902,0.081443,-0.665459,-89.095879,0.897043,0.240183,-0.656860,-73.224991,1.163177,0.756118,-0.407059,-34.995472,2009,v10,10m V-Wind,m/s,temporal_spatial_mean,365
363,1.136164,0.660482,-0.473943,0.473943,0.475299,0.999106,0.000000,0.998214,1.658279,365,363,-0.475682,0.286799,0.320133,1.116228,0.658402,0.000000,1.035601,0.536547,-0.499053,-48.189762,1.419498,0.970681,-0.448816,-31.617968,1.574005,1.158946,-0.415059,-26.369595,1.598887,1.186412,-0.412475,-25.797644,1.619166,1.208216,-0.410950,-25.380339,2009,lai,Leaf Area Index,Index,temporal_spatial_mean,365
365,286.438690,286.054230,-0.384470,0.774554,0.884062,0.998043,0.000000,0.996090,0.116986,365,365,-0.384460,7.556985,6.901528,0.913265,0.115068,0.015863,286.871704,286.143829,-0.727875,-0.253728,293.109253,292.215576,-0.893677,-0.304895,296.330688,295.284851,-1.045837,-0.352929,296.821106,295.667145,-1.153961,-0.388773,297.286072,296.092163,-1.193909,-0.401603,2010,t2m,2m Temperature,K,temporal_spatial_mean,365
365,279.611633,280.645538,1.033874,1.065513,1.281824,0.996586,0.000000,0.993183,0.190933,365,365,1.033905,6.713459,6.173872,0.919626,0.112329,0.019926,278.886719,280.458160,1.571442,0.563470,286.037079,286.364838,0.327759,0.114586,288.931183,289.108398,0.177216,0.061335,289.467590,289.482544,0.014954,0.005166,289.948761,289.737549,-0.211212,-0.072845,2010,d2m,2m Dewpoint,K,temporal_spatial_mean,365
365,955.103943,966.005920,10.901956,10.901956,10.925966,0.970917,0.000000,0.942679,3.797676,365,365,10.901978,2.877014,2.570475,0.893453,0.950685,0.000000,955.281067,966.088928,10.807861,1.131380,956.695862,967.391541,10.695679,1.117981,958.660339,969.315491,10.655151,1.111463,959.668152,970.160767,10.492615,1.093359,962.013184,971.353516,9.340332,0.970915,2010,sp,Surface Pressure,hPa,temporal_spatial_mean,365
365,0.618872,0.319112,-0.299760,0.375287,0.458749,0.867320,0.000000,0.752244,0.657956,365,365,-0.299760,0.697233,0.592406,0.849653,0.221918,0.000000,0.642206,0.276807,-0.365399,-56.897442,1.029672,0.694137,-0.335535,-32.586594,1.533934,1.125091,-0.408843,-26.653240,1.836199,1.386574,-0.449625,-24.486706,2.379733,1.753816,-0.625917,-26.301996,2010,u10,10m U-Wind,m/s,temporal_spatial_mean,365
365,-0.157457,-0.520684,-0.363227,0.544723,0.651944,0.757049,0.000000,0.573123,0.791402,365,365,-0.363227,0.823783,0.565247,0.686160,0.342466,0.000000,-0.048471,-0.493536,-0.445065,-918.203674,0.417755,-0.256135,-0.673890,-161.312363,0.775775,0.140939,-0.634836,-81.832451,1.098012,0.449068,-0.648944,-59.101719,1.547618,1.030189,-0.517429,-33.433880,2010,v10,10m V-Wind,m/s,temporal_spatial_mean,365
365,1.136164,0.662368,-0.473796,0.473796,0.475152,0.999114,0.000000,0.998228,1.656741,365,365,-0.473797,0.286799,0.320316,1.116865,0.654795,0.000000,1.035601,0.541343,-0.494258,-47.726650,1.419498,0.977272,-0.442226,-31.153673,1.574005,1.158673,-0.415332,-26.386959,1.598887,1.186212,-0.412675,-25.810131,1.619166,1.208136,-0.411030,-25.385286,2010,lai,Leaf Area Index,Index,temporal_spatial_mean,365
365,286.484894,285.862427,-0.622504,0.809361,0.948484,0.997105,0.000000,0.994219,0.124799,365,365,-0.622467,7.600109,7.155976,0.941562,0.115068,0.015863,286.383026,285.542725,-0.840302,-0.293419,293.709686,292.753052,-0.956635,-0.325708,296.617889,295.302979,-1.314911,-0.443301,297.096252,295.895294,-1.200958,-0.404232,297.741943,296.296753,-1.445190,-0.485384,2011,t2m,2m Temperature,K,temporal_spatial_mean,365
365,279.297974,280.115356,0.817390,0.849835,1.031200,0.996350,0.000000,0.992713,0.154878,365,365,0.817383,6.658130,6.365124,0.955993,0.076712,0.233280,278.804565,279.709869,0.905304,0.324709,284.975586,285.986786,1.011200,0.354837,288.262238,288.510956,0.248718,0.086282,289.149353,289.031616,-0.117737,-0.040718,289.615479,289.492096,-0.123383,-0.042602,2011,d2m,2m Dewpoint,K,temporal_spatial_mean,365
365,955.736145,966.725159,10.989046,10.989046,11.014239,0.970950,0.000000,0.942743,3.704764,365,365,10.989014,2.972993,2.666962,0.897063,0.953425,0.000000,955.313660,966.362732,11.049072,1.156591,957.438049,968.168823,10.730774,1.120780,959.922485,970.563538,10.641052,1.108532,961.300537,972.033020,10.732483,1.116454,963.176758,973.617371,10.440613,1.083977,2011,sp,Surface Pressure,hPa,temporal_spatial_mean,365
365,0.458148,0.155425,-0.302723,0.372684,0.452083,0.878495,0.000000,0.771754,0.661715,365,365,-0.302723,0.683199,0.521435,0.763226,0.224658,0.000000,0.397272,0.101252,-0.296020,-74.513176,0.862106,0.448943,-0.413163,-47.924809,1.390876,0.806952,-0.583924,-41.982460,1.629299,1.163833,-0.465466,-28.568470,2.105950,1.552163,-0.553787,-26.296282,2011,u10,10m U-Wind,m/s,temporal_spatial_mean,365
365,0.014438,-0.484818,-0.499255,0.532513,0.634387,0.827748,0.000000,0.685167,0.909975,365,365,-0.499255,0.697148,0.563737,0.808633,0.369863,0.000000,0.069140,-0.376324,-0.445464,-644.294312,0.509016,-0.074354,-0.583370,-114.607445,0.848086,0.174391,-0.673694,-79.437057,1.072709,0.350934,-0.721775,-67.285233,1.503800,0.642115,-0.861684,-57.300468,2011,v10,10m V-Wind,m/s,temporal_spatial_mean,365
365,1.136164,0.662378,-0.473786,0.473786,0.475141,0.999115,0.000000,0.998230,1.656705,365,365,-0.473786,0.286799,0.320312,1.116851,0.654795,0.000000,1.035601,0.541399,-0.494201,-47.721218,1.419498,0.977272,-0.442226,-31.153673,1.574005,1.158677,-0.415328,-26.386688,1.598887,1.186216,-0.412671,-25.809893,1.619166,1.208136,-0.411030,-25.385286,2011,lai,Leaf Area Index,Index,temporal_spatial_mean,365
366,287.355316,286.561340,-0.793987,0.889613,1.040017,0.996228,0.000000,0.992471,0.149438,366,366,-0.793976,6.959503,6.639052,0.953955,0.144809,0.000914,287.063416,286.442322,-0.621094,-0.216361,293.518799,292.461975,-1.056824,-0.360053,296.876221,295.596375,-1.279846,-0.431104,297.165039,295.817963,-1.347076,-0.453309,297.541656,296.191650,-1.350006,-0.453720,2012,t2m,2m Temperature,K,temporal_spatial_mean,366
366,279.846771,280.706390,0.859600,0.891372,1.049350,0.995118,0.000000,0.990259,0.175898,366,366,0.859619,5.965683,5.811824,0.974209,0.084699,0.144793,279.594666,280.276520,0.681854,0.243872,284.419067,285.684784,1.265717,0.445018,288.235504,288.510101,0.274597,0.095268,288.597931,288.931488,0.333557,0.115578,289.608063,289.538574,-0.069489,-0.023994,2012,d2m,2m Dewpoint,K,temporal_spatial_mean,366
366,955.949951,966.856018,10.906122,10.906122,10.930501,0.966174,0.000000,0.933492,4.197415,366,366,10.906067,2.604103,2.230818,0.856655,0.975410,0.000000,955.887085,966.851318,10.964233,1.147022,957.514221,968.161743,10.647522,1.111996,959.426880,969.888611,10.461731,1.090415,960.665649,970.688965,10.023315,1.043372,961.926758,971.867004,9.940247,1.033368,2012,sp,Surface Pressure,hPa,temporal_spatial_mean,366
366,0.487285,0.151772,-0.335513,0.403559,0.476452,0.866397,0.000000,0.750644,0.714620,366,366,-0.335513,0.666721,0.517687,0.776467,0.254098,0.000000,0.446430,0.132221,-0.314210,-70.382645,0.882499,0.463981,-0.418518,-47.424202,1.341504,0.844575,-0.496929,-37.042648,1.737349,1.027723,-0.709626,-40.845333,2.176034,1.447722,-0.728312,-33.469715,2012,u10,10m U-Wind,m/s,temporal_spatial_mean,366
366,0.065136,-0.385028,-0.450165,0.521460,0.622100,0.771553,0.000000,0.595294,0.921719,366,366,-0.450165,0.674934,0.519725,0.770038,0.352459,0.000000,0.104985,-0.354426,-0.459411,-437.595337,0.509422,-0.049004,-0.558426,-109.619446,0.871004,0.220727,-0.650277,-74.658295,1.098914,0.415251,-0.683663,-62.212616,1.627507,0.815788,-0.811719,-49.874985,2012,v10,10m V-Wind,m/s,temporal_spatial_mean,366
366,1.135380,0.661550,-0.473831,0.473831,0.475183,0.999110,0.000000,0.998220,1.656850,366,366,-0.473831,0.286799,0.320262,1.116677,0.655738,0.000000,1.034590,0.538944,-0.495646,-47.907482,1.417773,0.976064,-0.441709,-31.155144,1.574003,1.158566,-0.415437,-26.393648,1.598859,1.186152,-0.412707,-25.812588,1.619156,1.208123,-0.411033,-25.385624,2012,lai,Leaf Area Index,Index,temporal_spatial_mean,366
365,286.058533,285.668060,-0.390495,0.646576,0.775487,0.997314,0.000000,0.994636,0.101936,365,365,-0.390472,7.607599,7.215107,0.948408,0.106849,0.030924,285.205933,285.422455,0.216522,0.075918,294.000488,292.833160,-1.167328,-0.397050,295.968323,295.181854,-0.786469,-0.265727,296.502441,295.512115,-0.990326,-0.334003,296.905457,295.818939,-1.086517,-0.365947,2013,t2m,2m Temperature,K,temporal_spatial_mean,365
365,279.223053,280.197052,0.974011,0.991643,1.150202,0.996520,0.000000,0.993051,0.166362,365,365,0.973999,6.913836,6.684589,0.966842,0.098630,0.057357,278.317627,279.979767,1.662140,0.597210,286.225708,286.626343,0.400635,0.139972,288.460693,288.793793,0.333099,0.115475,288.891357,289.164032,0.272675,0.094387,289.863892,289.844757,-0.019135,-0.006601,2013,d2m,2m Dewpoint,K,temporal_spatial_mean,365
365,956.860535,967.830994,10.970411,10.970411,11.001144,0.952397,0.000000,0.907059,4.115463,365,365,10.970459,2.673124,2.440352,0.912921,0.967123,0.000000,956.749268,967.633301,10.884033,1.137606,958.598389,969.578979,10.980591,1.145484,960.519592,970.924072,10.404480,1.083214,961.536438,972.085815,10.549377,1.097138,963.642029,974.222107,10.580078,1.097926,2013,sp,Surface Pressure,hPa,temporal_spatial_mean,365
365,0.370690,0.000427,-0.370263,0.419895,0.491297,0.876650,0.000000,0.768515,0.746842,365,365,-0.370263,0.657833,0.512623,0.779261,0.276712,0.000000,0.350876,-0.063852,-0.414728,-118.197769,0.829232,0.333668,-0.495564,-59.761803,1.192135,0.730177,-0.461958,-38.750465,1.448842,0.862288,-0.586554,-40.484364,1.885459,1.241241,-0.644218,-34.167698,2013,u10,10m U-Wind,m/s,temporal_spatial_mean,365
365,-0.122117,-0.599886,-0.477769,0.544638,0.637641,0.816105,0.000000,0.666028,0.872732,365,365,-0.477769,0.730626,0.589681,0.807090,0.304110,0.000000,-0.088677,-0.616996,-0.528319,-595.775574,0.407168,-0.186434,-0.593602,-145.787994,0.765753,0.150804,-0.614949,-80.306412,0.997722,0.294131,-0.703591,-70.519722,1.457291,0.618945,-0.838346,-57.527691,2013,v10,10m V-Wind,m/s,temporal_spatial_mean,365
365,1.136164,0.662386,-0.473778,0.473778,0.475133,0.999115,0.000000,0.998230,1.656675,365,365,-0.473778,0.286799,0.320310,1.116846,0.654795,0.000000,1.035601,0.541405,-0.494196,-47.720665,1.419498,0.977272,-0.442226,-31.153673,1.574005,1.158693,-0.415312,-26.385687,1.598887,1.186221,-0.412666,-25.809580,1.619166,1.208142,-0.411024,-25.384926,2013,lai,Leaf Area Index,Index,temporal_spatial_mean,365
365,286.208618,285.846710,-0.361898,0.591197,0.717137,0.997182,0.000000,0.994372,0.095156,365,365,-0.361908,7.536420,7.262911,0.963708,0.095890,0.069697,287.130157,286.539795,-0.590363,-0.205608,293.433044,292.610352,-0.822693,-0.280368,295.681000,295.201660,-0.479340,-0.162114,295.904602,295.512604,-0.391998,-0.132475,296.461334,295.702301,-0.759033,-0.256031,2014,t2m,2m Temperature,K,temporal_spatial_mean,365
365,279.282776,280.409973,1.127161,1.128281,1.240927,0.997354,0.000000,0.994715,0.176990,365,365,1.127197,7.011280,6.894789,0.983385,0.112329,0.019926,278.867371,280.455048,1.587677,0.569331,286.089539,287.039642,0.950104,0.332100,288.361938,289.135712,0.773773,0.268334,288.713379,289.532166,0.818787,0.283598,289.492828,290.006866,0.514038,0.177565,2014,d2m,2m Dewpoint,K,temporal_spatial_mean,365
365,956.236633,967.073120,10.836525,10.836525,10.861748,0.958565,0.000000,0.918847,4.346415,365,365,10.836487,2.499013,2.194217,0.878034,0.980822,0.000000,956.287048,967.055176,10.768127,1.126035,957.769531,968.349121,10.579590,1.104607,959.494934,969.885925,10.390991,1.082965,960.685913,970.973267,10.287354,1.070834,962.713867,972.860352,10.146484,1.053946,2014,sp,Surface Pressure,hPa,temporal_spatial_mean,365
365,0.537931,0.139722,-0.398208,0.447241,0.528804,0.871443,0.000000,0.759413,0.751089,365,365,-0.398208,0.704051,0.571016,0.811043,0.287671,0.000000,0.517004,0.092274,-0.424730,-82.152237,0.972502,0.496870,-0.475632,-48.908073,1.414816,0.872028,-0.542788,-38.364548,1.692831,1.119860,-0.572971,-33.846909,2.341411,1.609542,-0.731869,-31.257599,2014,u10,10m U-Wind,m/s,temporal_spatial_mean,365
365,-0.029813,-0.391299,-0.361486,0.455122,0.547648,0.775644,0.000000,0.601624,0.840224,365,365,-0.361486,0.651789,0.503303,0.772187,0.273973,0.000000,0.000624,-0.366042,-0.366666,-58732.246094,0.384084,-0.023515,-0.407599,-106.122307,0.827267,0.247756,-0.579511,-70.051308,1.006227,0.356904,-0.649323,-64.530449,1.292711,0.650829,-0.641883,-49.653980,2014,v10,10m V-Wind,m/s,temporal_spatial_mean,365
365,1.136164,0.662406,-0.473758,0.473758,0.475112,0.999114,0.000000,0.998228,1.656601,365,365,-0.473758,0.286799,0.320293,1.116785,0.654795,0.000000,1.035601,0.541442,-0.494159,-47.717144,1.419498,0.977272,-0.442226,-31.153673,1.574005,1.158687,-0.415318,-26.386051,1.598887,1.186233,-0.412654,-25.808849,1.619166,1.208140,-0.411026,-25.385029,2014,lai,Leaf Area Index,Index,temporal_spatial_mean,365
365,287.100983,286.612976,-0.488007,0.651140,0.762889,0.997587,0.000000,0.995179,0.104648,365,365,-0.488007,7.290051,6.976411,0.956977,0.104110,0.038206,287.403900,286.883270,-0.520630,-0.181149,294.517181,293.369507,-1.147675,-0.389680,296.166321,295.352570,-0.813751,-0.274762,296.663635,295.924133,-0.739502,-0.249273,297.147003,296.244629,-0.902374,-0.303679,2015,t2m,2m Temperature,K,temporal_spatial_mean,365
365,280.429840,281.300995,0.871139,0.885026,1.041416,0.996733,0.000000,0.993477,0.158456,365,365,0.871155,6.572267,6.341219,0.964845,0.079452,0.199648,280.361115,281.928223,1.567108,0.558961,287.014099,287.480042,0.465942,0.162341,288.702637,289.113495,0.410858,0.142312,289.017456,289.416656,0.399200,0.138123,289.541138,289.764618,0.223480,0.077184,2015,d2m,2m Dewpoint,K,temporal_spatial_mean,365
365,956.656006,967.416260,10.760294,10.760294,10.785721,0.967236,0.000000,0.935545,3.827378,365,365,10.760254,2.818045,2.536010,0.899918,0.942466,0.000000,956.637512,967.231812,10.594299,1.107452,958.104370,968.830139,10.725769,1.119478,959.996033,970.668579,10.672546,1.111728,961.715393,972.259644,10.544250,1.096400,964.328491,974.151245,9.822754,1.018611,2015,sp,Surface Pressure,hPa,temporal_spatial_mean,365
365,0.378879,0.015861,-0.363018,0.425699,0.503643,0.883433,0.000000,0.780454,0.694113,365,365,-0.363018,0.725592,0.561720,0.774154,0.293151,0.000000,0.413005,-0.001913,-0.414918,-100.463287,0.863184,0.384219,-0.478966,-55.488216,1.305798,0.750903,-0.554895,-42.494713,1.556194,0.899070,-0.657124,-42.226337,1.813506,1.315565,-0.497940,-27.457333,2015,u10,10m U-Wind,m/s,temporal_spatial_mean,365
365,-0.008651,-0.439051,-0.430401,0.520482,0.620098,0.784756,0.000000,0.615841,0.862378,365,365,-0.430401,0.719056,0.538763,0.749265,0.353425,0.000000,0.092839,-0.415530,-0.508369,-547.581177,0.541478,-0.037812,-0.579290,-106.983124,0.824029,0.185045,-0.638984,-77.543884,0.996876,0.341012,-0.655864,-65.791931,1.228045,0.580781,-0.647264,-52.706841,2015,v10,10m V-Wind,m/s,temporal_spatial_mean,365
365,1.136164,0.662396,-0.473768,0.473768,0.475123,0.999113,0.000000,0.998227,1.656641,365,365,-0.473768,0.286799,0.320309,1.116840,0.654795,0.000000,1.035601,0.541417,-0.494184,-47.719517,1.419498,0.977272,-0.442226,-31.153673,1.574005,1.158701,-0.415304,-26.385202,1.598887,1.186255,-0.412633,-25.807491,1.619166,1.208176,-0.410990,-25.382799,2015,lai,Leaf Area Index,Index,temporal_spatial_mean,365
366,287.263885,286.661041,-0.602813,0.722932,0.840356,0.997578,0.000000,0.995162,0.118844,366,366,-0.602844,7.071059,6.736260,0.952652,0.098361,0.057918,287.644592,287.122650,-0.521942,-0.181454,294.163177,293.095398,-1.067780,-0.362989,296.315308,295.276917,-1.038391,-0.350435,296.859619,295.949890,-0.909729,-0.306451,297.868256,296.689453,-1.178802,-0.395746,2016,t2m,2m Temperature,K,temporal_spatial_mean,366
366,280.368500,281.269073,0.900565,0.910009,1.042619,0.997011,0.000000,0.994031,0.163867,366,366,0.900574,6.362606,6.158192,0.967873,0.079235,0.200906,280.475281,281.911865,1.436584,0.512196,286.219727,286.734680,0.514954,0.179915,288.620758,289.042175,0.421417,0.146011,289.265289,289.782593,0.517303,0.178834,289.615112,290.124298,0.509186,0.175815,2016,d2m,2m Dewpoint,K,temporal_spatial_mean,366
366,956.489441,967.314880,10.825514,10.825514,10.852917,0.960334,0.000000,0.922242,4.290755,366,366,10.825439,2.529372,2.118268,0.837468,0.975410,0.000000,956.507202,967.345398,10.838196,1.133101,958.106873,968.534241,10.427368,1.088330,959.652588,969.867065,10.214478,1.064393,960.718628,970.616089,9.897461,1.030214,962.686096,972.600342,9.914246,1.029852,2016,sp,Surface Pressure,hPa,temporal_spatial_mean,366
366,0.452644,0.105592,-0.347052,0.399922,0.481627,0.886186,0.000000,0.785326,0.677546,366,366,-0.347052,0.710840,0.574750,0.808550,0.256831,0.000000,0.425373,0.038529,-0.386844,-90.942322,0.907571,0.478399,-0.429172,-47.288017,1.369466,0.834282,-0.535184,-39.079762,1.589523,1.124375,-0.465148,-29.263367,2.235200,1.638513,-0.596687,-26.695026,2016,u10,10m U-Wind,m/s,temporal_spatial_mean,366
366,-0.031713,-0.434873,-0.403159,0.535567,0.621046,0.711554,0.000000,0.506309,0.923767,366,366,-0.403159,0.672298,0.482914,0.718305,0.371585,0.000000,0.044799,-0.418297,-0.463095,-1033.729370,0.447977,-0.090108,-0.538085,-120.114388,0.810800,0.167861,-0.642939,-79.296875,0.942927,0.301410,-0.641517,-68.034653,1.263860,0.624744,-0.639116,-50.568584,2016,v10,10m V-Wind,m/s,temporal_spatial_mean,366
366,1.135380,0.661565,-0.473815,0.473815,0.475168,0.999111,0.000000,0.998223,1.656796,366,366,-0.473815,0.286799,0.320271,1.116708,0.655738,0.000000,1.034590,0.538952,-0.495638,-47.906731,1.417773,0.976080,-0.441693,-31.154030,1.574003,1.158596,-0.415407,-26.391777,1.598859,1.186172,-0.412687,-25.811365,1.619156,1.208163,-0.410992,-25.383121,2016,lai,Leaf Area Index,Index,temporal_spatial_mean,366
365,287.046387,286.445160,-0.601233,0.753971,0.887535,0.996147,0.000000,0.992310,0.127192,365,365,-0.601227,6.977917,6.723459,0.963534,0.087671,0.120960,287.242737,286.148010,-1.094727,-0.381115,293.753265,292.865723,-0.887543,-0.302139,295.909698,295.319611,-0.590088,-0.199415,296.651367,295.835297,-0.816071,-0.275094,297.256409,296.035065,-1.221344,-0.410872,2017,t2m,2m Temperature,K,temporal_spatial_mean,365
365,280.158508,280.887299,0.728789,0.777244,0.953633,0.995917,0.000000,0.991851,0.151846,365,365,0.728790,6.280265,6.016171,0.957949,0.079452,0.199648,279.858429,280.488190,0.629761,0.225028,286.187073,286.664398,0.477325,0.166788,288.513855,288.807556,0.293701,0.101798,288.928650,289.097015,0.168365,0.058272,289.472015,289.423553,-0.048462,-0.016741,2017,d2m,2m Dewpoint,K,temporal_spatial_mean,365
365,956.121765,966.992798,10.871055,10.871055,10.899783,0.972547,0.000000,0.945847,3.448763,365,365,10.871033,3.160491,2.782966,0.880549,0.928767,0.000000,956.148438,967.069397,10.920959,1.142182,958.278564,968.798889,10.520325,1.097836,959.621277,970.261047,10.639771,1.108747,960.973267,971.312439,10.339172,1.075906,964.405029,973.850525,9.445496,0.979412,2017,sp,Surface Pressure,hPa,temporal_spatial_mean,365
365,0.483381,0.129151,-0.354230,0.417971,0.519409,0.867796,0.000000,0.753070,0.692502,365,365,-0.354230,0.750047,0.577459,0.769897,0.252055,0.000000,0.404762,0.083737,-0.321025,-79.312035,0.922316,0.459399,-0.462916,-50.190681,1.495015,0.938739,-0.556276,-37.208710,1.814800,1.213574,-0.601226,-33.129059,2.545279,1.646738,-0.898541,-35.302254,2017,u10,10m U-Wind,m/s,temporal_spatial_mean,365
365,0.046969,-0.371135,-0.418104,0.518539,0.611155,0.732920,0.000000,0.537171,0.936097,365,365,-0.418104,0.652876,0.516192,0.790643,0.304110,0.000000,0.054295,-0.380890,-0.435185,-801.521301,0.535733,-0.026672,-0.562406,-104.978661,0.870414,0.295452,-0.574962,-66.056152,1.020088,0.445233,-0.574855,-56.353447,1.441001,0.787784,-0.653217,-45.330765,2017,v10,10m V-Wind,m/s,temporal_spatial_mean,365
365,1.136164,0.662389,-0.473775,0.473775,0.475129,0.999115,0.000000,0.998230,1.656663,365,365,-0.473775,0.286799,0.320302,1.116817,0.654795,0.000000,1.035601,0.541364,-0.494236,-47.724613,1.419498,0.977272,-0.442226,-31.153673,1.574005,1.158677,-0.415328,-26.386724,1.598887,1.186221,-0.412666,-25.809593,1.619166,1.208137,-0.411029,-25.385206,2017,lai,Leaf Area Index,Index,temporal_spatial_mean,365
365,286.627686,286.139679,-0.488043,0.713660,0.874376,0.996846,0.000000,0.993703,0.116614,365,365,-0.488007,7.498044,7.059312,0.941487,0.104110,0.038206,285.770935,285.923157,0.152222,0.053267,294.488647,293.260223,-1.228424,-0.417138,296.564453,295.771271,-0.793182,-0.267457,297.006622,296.026642,-0.979980,-0.329952,297.442505,296.534729,-0.907776,-0.305194,2018,t2m,2m Temperature,K,temporal_spatial_mean,365
365,279.879028,280.643341,0.764324,0.826085,1.031862,0.995924,0.000000,0.991864,0.152583,365,365,0.764313,6.762634,6.405747,0.947227,0.112329,0.019926,279.624542,280.874268,1.249725,0.446930,286.842682,287.175049,0.332367,0.115871,288.733093,289.048523,0.315430,0.109246,289.110321,289.430725,0.320404,0.110824,289.690826,289.736938,0.046112,0.015918,2018,d2m,2m Dewpoint,K,temporal_spatial_mean,365
365,957.072510,967.948120,10.875518,10.875518,10.901712,0.969938,0.000000,0.940780,3.807387,365,365,10.875610,2.863305,2.485816,0.868163,0.942466,0.000000,956.880066,967.727173,10.847107,1.133591,958.458496,969.131042,10.672546,1.113512,960.468201,971.006531,10.538330,1.097208,962.912231,972.923950,10.011719,1.039733,965.521973,975.661621,10.139648,1.050173,2018,sp,Surface Pressure,hPa,temporal_spatial_mean,365
365,0.397724,0.053518,-0.344205,0.393167,0.464545,0.884612,0.000000,0.782539,0.699093,365,365,-0.344205,0.664497,0.551712,0.830270,0.284932,0.000000,0.431831,-0.013660,-0.445491,-103.163353,0.790192,0.397243,-0.392949,-49.728245,1.266098,0.783822,-0.482276,-38.091522,1.553013,1.102918,-0.450095,-28.982037,2.015509,1.442993,-0.572516,-28.405518,2018,u10,10m U-Wind,m/s,temporal_spatial_mean,365
365,0.026975,-0.417265,-0.444241,0.538765,0.624163,0.743928,0.000000,0.553429,0.951353,365,365,-0.444241,0.656079,0.490871,0.748189,0.386301,0.000000,0.134440,-0.375292,-0.509732,-379.151733,0.566652,-0.113018,-0.679670,-119.944870,0.791917,0.160638,-0.631278,-79.715233,0.912678,0.284405,-0.628273,-68.838448,1.094963,0.697494,-0.397469,-36.299763,2018,v10,10m V-Wind,m/s,temporal_spatial_mean,365
365,1.136164,0.662402,-0.473762,0.473762,0.475116,0.999114,0.000000,0.998229,1.656616,365,365,-0.473762,0.286799,0.320300,1.116810,0.654795,0.000000,1.035601,0.541431,-0.494170,-47.718197,1.419498,0.977272,-0.442226,-31.153673,1.574005,1.158700,-0.415305,-26.385256,1.598887,1.186233,-0.412654,-25.808832,1.619166,1.208146,-0.411020,-25.384691,2018,lai,Leaf Area Index,Index,temporal_spatial_mean,365
365,286.348419,285.965149,-0.383282,0.640594,0.752502,0.997753,0.000000,0.995511,0.100505,365,365,-0.383270,7.487239,7.060855,0.943052,0.090411,0.101214,286.832520,286.321442,-0.511078,-0.178180,293.551605,292.878113,-0.673492,-0.229429,296.207458,295.432220,-0.775238,-0.261721,296.921814,295.914581,-1.007233,-0.339225,297.268005,296.225677,-1.042328,-0.350636,2019,t2m,2m Temperature,K,temporal_spatial_mean,365
365,279.805267,280.677643,0.872408,0.892523,1.073294,0.995930,0.000000,0.991877,0.162445,365,365,0.872375,6.607110,6.389827,0.967114,0.098630,0.057357,279.495941,280.616638,1.120697,0.400971,286.427155,287.196228,0.769073,0.268506,288.475525,288.977295,0.501770,0.173939,289.061890,289.316162,0.254272,0.087965,289.434753,289.722870,0.288116,0.099545,2019,d2m,2m Dewpoint,K,temporal_spatial_mean,365
365,956.202576,967.143860,10.941334,10.941334,10.967954,0.965149,0.000000,0.931513,4.004339,365,365,10.941284,2.739017,2.380105,0.868963,0.967123,0.000000,956.094910,967.100159,11.005249,1.151062,958.138855,968.861023,10.722168,1.119062,959.542908,970.259644,10.716736,1.116858,960.959656,971.131653,10.171997,1.058525,962.641174,972.301331,9.660156,1.003505,2019,sp,Surface Pressure,hPa,temporal_spatial_mean,365
365,0.429875,0.097656,-0.332218,0.393066,0.475451,0.860278,0.000000,0.740078,0.724761,365,365,-0.332218,0.656011,0.502486,0.765971,0.301370,0.000000,0.465260,0.109352,-0.355908,-76.496666,0.831179,0.395724,-0.435455,-52.390011,1.225723,0.723643,-0.502080,-40.961937,1.516153,0.973761,-0.542391,-35.774200,2.012241,1.302521,-0.709720,-35.270138,2019,u10,10m U-Wind,m/s,temporal_spatial_mean,365
365,0.011756,-0.423458,-0.435215,0.500208,0.588470,0.782623,0.000000,0.612498,0.941086,365,365,-0.435215,0.625309,0.562641,0.899780,0.320548,0.000000,0.050425,-0.382425,-0.432850,-858.396729,0.489290,-0.034576,-0.523867,-107.066666,0.775201,0.234161,-0.541040,-69.793564,0.961545,0.475484,-0.486061,-50.550007,1.306270,0.768627,-0.537644,-41.158680,2019,v10,10m V-Wind,m/s,temporal_spatial_mean,365
365,1.136164,0.662409,-0.473755,0.473755,0.475110,0.999114,0.000000,0.998229,1.656594,365,365,-0.473755,0.286799,0.320302,1.116818,0.654795,0.000000,1.035601,0.541450,-0.494151,-47.716377,1.419498,0.977272,-0.442226,-31.153673,1.574005,1.158708,-0.415297,-26.384726,1.598887,1.186268,-0.412620,-25.806671,1.619166,1.208172,-0.410994,-25.383062,2019,lai,Leaf Area Index,Index,temporal_spatial_mean,365
366,287.108521,286.555664,-0.552872,0.746827,0.876016,0.996375,0.000000,0.992763,0.124685,366,366,-0.552856,7.025816,6.677098,0.950366,0.136612,0.002135,286.609863,285.832825,-0.777039,-0.271114,293.648102,292.561462,-1.086639,-0.370048,296.812653,295.883789,-0.928864,-0.312946,297.265442,296.166565,-1.098877,-0.369662,297.498596,296.462067,-1.036530,-0.348415,2020,t2m,2m Temperature,K,temporal_spatial_mean,366
366,279.878387,280.834625,0.956251,0.982670,1.139241,0.994997,0.000000,0.990018,0.187706,366,366,0.956238,6.069296,5.913365,0.974308,0.109290,0.025193,278.682343,280.016907,1.334564,0.478884,285.598450,286.434601,0.836151,0.292772,288.377014,288.959290,0.582275,0.201915,288.993042,289.408569,0.415527,0.143785,289.930359,290.090424,0.160065,0.055208,2020,d2m,2m Dewpoint,K,temporal_spatial_mean,366
366,956.621521,967.481567,10.860071,10.860071,10.884471,0.965641,0.000000,0.932463,4.056041,366,366,10.860046,2.683521,2.381037,0.887281,0.967213,0.000000,956.593872,967.404541,10.810669,1.130121,958.344238,969.025146,10.680908,1.114517,959.929443,970.397949,10.468506,1.090549,961.036987,971.595215,10.558228,1.098629,963.548096,973.598022,10.049927,1.043012,2020,sp,Surface Pressure,hPa,temporal_spatial_mean,366
366,0.471645,0.127547,-0.344098,0.410149,0.489664,0.889058,0.000000,0.790425,0.660447,366,366,-0.344098,0.741412,0.580639,0.783153,0.273224,0.000000,0.461615,0.069091,-0.392524,-85.032768,0.926591,0.489343,-0.437248,-47.188927,1.397146,0.889899,-0.507247,-36.305935,1.799200,1.079899,-0.719300,-39.978909,2.420569,1.698400,-0.722169,-29.834665,2020,u10,10m U-Wind,m/s,temporal_spatial_mean,366
366,0.016261,-0.455171,-0.471432,0.541191,0.642148,0.769576,0.000000,0.592247,0.940844,366,366,-0.471432,0.682523,0.512660,0.751125,0.352459,0.000000,0.022918,-0.401291,-0.424208,-1851.020752,0.586197,-0.089142,-0.675338,-115.206795,0.867484,0.179632,-0.687852,-79.292763,1.026662,0.328150,-0.698512,-68.037163,1.247028,0.546871,-0.700157,-56.146034,2020,v10,10m V-Wind,m/s,temporal_spatial_mean,366
366,1.135380,0.661584,-0.473796,0.473796,0.475147,0.999111,0.000000,0.998223,1.656724,366,366,-0.473796,0.286799,0.320249,1.116630,0.655738,0.000000,1.034590,0.538987,-0.495603,-47.903343,1.417773,0.976070,-0.441703,-31.154724,1.574003,1.158578,-0.415425,-26.392914,1.598859,1.186167,-0.412692,-25.811649,1.619156,1.208128,-0.411028,-25.385323,2020,lai,Leaf Area Index,Index,temporal_spatial_mean,366
