n_era5,n_conus404,era5_mean,conus404_mean,mean_difference,era5_std,conus404_std,std_ratio,ks_statistic,ks_pvalue,p50_era5,p50_conus404,p50_difference,p50_percent_bias,p75_era5,p75_conus404,p75_difference,p75_percent_bias,p90_era5,p90_conus404,p90_difference,p90_percent_bias,p95_era5,p95_conus404,p95_difference,p95_percent_bias,p99_era5,p99_conus404,p99_difference,p99_percent_bias,year,variable,variable_name,units,metric_type,resolution_note,n,bias,mae,rmse,pearson_r,pearson_pvalue,r_squared,nrmse
24675,904930,286.564789,286.746063,0.181274,7.079320,7.318513,1.033787,0.024884,0.000000,286.741577,287.336731,0.595154,0.207558,292.398743,292.583191,0.184448,0.063081,296.374542,296.527374,0.152832,0.051567,297.306885,297.566010,0.259125,0.087157,298.101074,298.480682,0.379608,0.127342,1980,t2m,2m Temperature,K,native_spatial_distribution,Native grids; not paired pixelwise,,,,,,,,
366,366,285.887085,285.511627,-0.375458,7.592839,7.100296,0.935131,0.090164,0.102043,286.191589,286.011200,-0.180389,-0.063031,292.671417,291.978943,-0.692474,-0.236605,295.854889,294.814270,-1.040619,-0.351733,296.604736,295.485840,-1.118896,-0.377235,297.248322,296.038300,-1.210022,-0.407074,1980,t2m,2m Temperature,K,temporal_spatial_mean,,366.000000,-0.375449,0.671530,0.793400,0.997719,0.000000,0.995444,0.104493
24675,904930,279.806061,280.087341,0.281281,7.628025,8.232942,1.079302,0.040151,0.000000,278.680573,278.879822,0.199249,0.071497,286.473450,287.497345,1.023895,0.357414,291.286682,292.177979,0.891296,0.305986,292.739624,293.596558,0.856934,0.292729,293.753876,294.546936,0.793060,0.269974,1980,d2m,2m Dewpoint,K,native_spatial_distribution,Native grids; not paired pixelwise,,,,,,,,
366,366,279.216095,279.929810,0.713715,6.634077,6.177088,0.931115,0.071038,0.314508,278.657898,280.319397,1.661499,0.596250,285.453705,285.733765,0.280060,0.098110,288.202423,288.072876,-0.129547,-0.044950,288.788544,288.499756,-0.288788,-0.100000,289.189087,288.895020,-0.294067,-0.101687,1980,d2m,2m Dewpoint,K,temporal_spatial_mean,,366.000000,0.713711,0.841051,1.021270,0.996037,0.000000,0.992091,0.153943
24675,904930,956.547974,957.706299,1.158325,72.313438,73.747299,1.019828,0.034698,0.000000,983.987671,987.291260,3.303589,0.335735,1015.234192,1015.601501,0.367310,0.036180,1017.054688,1017.121094,0.066406,0.006529,1017.502319,1017.442444,-0.059875,-0.005885,1018.173828,1018.090149,-0.083679,-0.008219,1980,sp,Surface Pressure,hPa,native_spatial_distribution,Native grids; not paired pixelwise,,,,,,,,
366,366,955.773560,96671.007812,95715.234375,2.722708,234.521149,86.135254,1.000000,0.000000,955.558472,96663.421875,95707.867188,10015.909180,957.451721,96809.296875,95851.843750,10011.140625,959.472290,96974.640625,96015.171875,10007.081055,960.568176,97070.171875,96109.601562,10005.495117,961.945007,97202.015625,96240.070312,10004.737305,1980,sp,Surface Pressure,hPa,temporal_spatial_mean,,366.000000,95715.234375,95715.234375,95715.515625,0.962477,0.000000,0.926362,35154.527344
24675,904930,0.540157,0.393381,-0.146776,1.306663,1.385189,1.060097,0.069226,0.000000,0.565573,0.466300,-0.099273,-17.552616,1.172255,1.070040,-0.102215,-8.719482,2.070549,2.041920,-0.028629,-1.382657,2.735065,2.596853,-0.138211,-5.053308,3.689326,3.556303,-0.133022,-3.605600,1980,u10,10m U-Wind,m/s,native_spatial_distribution,Native grids; not paired pixelwise,,,,,,,,
366,366,0.550998,0.201251,-0.349747,0.622952,0.517711,0.831062,0.265027,0.000000,0.508904,0.167582,-0.341322,-67.070038,0.943720,0.488043,-0.455677,-48.285164,1.316108,0.924187,-0.391921,-29.778801,1.621946,1.141415,-0.480531,-29.626810,2.222445,1.628163,-0.594282,-26.739988,1980,u10,10m U-Wind,m/s,temporal_spatial_mean,,366.000000,-0.349747,0.399687,0.472194,0.861139,0.000000,0.741560,0.757994
24675,904930,-0.110805,-0.220510,-0.109705,1.411776,1.505850,1.066635,0.071100,0.000000,0.146351,0.056040,-0.090311,-61.708660,0.570305,0.499983,-0.070322,-12.330672,1.002520,1.025011,0.022491,2.243396,1.367588,1.335055,-0.032533,-2.378837,1.927645,1.958137,0.030492,1.581836,1980,v10,10m V-Wind,m/s,native_spatial_distribution,Native grids; not paired pixelwise,,,,,,,,
366,366,-0.106710,-0.437836,-0.331126,0.774282,0.566994,0.732283,0.284153,0.000000,-0.041573,-0.425446,-0.383873,-923.374573,0.451319,-0.044929,-0.496248,-109.955139,0.844865,0.255593,-0.589271,-69.747437,1.011785,0.412890,-0.598895,-59.191891,1.466748,0.919354,-0.547394,-37.320240,1980,v10,10m V-Wind,m/s,temporal_spatial_mean,,366.000000,-0.331126,0.490258,0.586121,0.782552,0.000000,0.612388,0.756986
24675,904924,1.107101,0.736698,-0.370403,1.042036,0.890817,0.854881,0.233520,0.000000,0.978737,0.408281,-0.570456,-58.284882,1.899256,1.106878,-0.792378,-41.720428,2.683667,2.152638,-0.531029,-19.787422,2.975115,2.580269,-0.394845,-13.271598,3.533020,3.518519,-0.014501,-0.410438,1980,lai,Leaf Area Index,Index,native_spatial_distribution,Native grids; not paired pixelwise,,,,,,,,
366,366,1.135380,0.661577,-0.473804,0.286799,0.320254,1.116649,0.655738,0.000000,1.034590,0.538959,-0.495632,-47.906082,1.417773,0.976069,-0.441704,-31.154772,1.574003,1.158577,-0.415426,-26.392960,1.598859,1.186173,-0.412686,-25.811260,1.619156,1.208160,-0.410996,-25.383333,1980,lai,Leaf Area Index,Index,temporal_spatial_mean,,366.000000,-0.473804,0.473804,0.475155,0.999109,0.000000,0.998219,1.656753
24675,904930,286.859528,287.015411,0.155884,6.571253,6.811808,1.036607,0.024976,0.000000,286.780762,287.368591,0.587830,0.204975,292.116486,292.385803,0.269318,0.092195,296.220428,296.360413,0.139984,0.047257,297.108307,297.342834,0.234528,0.078937,297.854431,298.134552,0.280121,0.094046,1981,t2m,2m Temperature,K,native_spatial_distribution,Native grids; not paired pixelwise,,,,,,,,
365,365,286.259857,285.981079,-0.278778,7.114537,6.636116,0.932754,0.082192,0.169891,286.300995,285.817078,-0.483917,-0.169024,293.457458,292.240601,-1.216858,-0.414662,295.582031,294.880951,-0.701080,-0.237186,296.200043,295.202362,-0.997681,-0.336827,296.676514,295.671936,-1.004578,-0.338610,1981,t2m,2m Temperature,K,temporal_spatial_mean,,365.000000,-0.278747,0.643027,0.777660,0.996842,0.000000,0.993694,0.109306
24675,904930,280.339569,280.746185,0.406616,7.132102,7.592828,1.064599,0.039909,0.000000,279.492798,279.868042,0.375244,0.134259,286.530090,287.495361,0.965271,0.336883,290.913696,291.787384,0.873688,0.300325,292.328003,293.170654,0.842651,0.288255,293.337891,294.129517,0.791626,0.269868,1981,d2m,2m Dewpoint,K,native_spatial_distribution,Native grids; not paired pixelwise,,,,,,,,
365,365,279.816559,280.627533,0.810974,6.516757,5.952188,0.913366,0.093151,0.084223,279.827423,280.837677,1.010254,0.361027,286.560181,286.343170,-0.217010,-0.075729,288.492920,288.417694,-0.075226,-0.026075,289.012024,288.873840,-0.138184,-0.047812,289.506958,289.298218,-0.208740,-0.072102,1981,d2m,2m Dewpoint,K,temporal_spatial_mean,,365.000000,0.810977,0.909015,1.112115,0.996644,0.000000,0.993299,0.170655
24675,904930,956.451294,957.627930,1.176636,72.199440,73.667694,1.020336,0.035129,0.000000,983.902100,987.170959,3.268860,0.332234,1014.996338,1015.451416,0.455078,0.044835,1016.936523,1017.045715,0.109192,0.010737,1017.246582,1017.340637,0.094055,0.009246,1017.997925,1018.069214,0.071289,0.007003,1981,sp,Surface Pressure,hPa,native_spatial_distribution,Native grids; not paired pixelwise,,,,,,,,
365,365,955.665039,96655.757812,95700.093750,3.163096,272.294861,86.084915,1.000000,0.000000,955.652954,96658.359375,95702.703125,10014.377930,957.341187,96798.679688,95841.335938,10011.200195,959.402771,96969.328125,96009.921875,10007.258789,961.017151,97158.476562,96197.460938,10009.962891,963.586975,97341.734375,96378.148438,10002.018555,1981,sp,Surface Pressure,hPa,temporal_spatial_mean,,365.000000,95700.078125,95700.078125,95700.468750,0.975429,0.000000,0.951462,30255.314453
24675,904930,0.525271,0.391406,-0.133865,1.353349,1.404872,1.038071,0.057216,0.000000,0.584642,0.488980,-0.095662,-16.362514,1.145310,1.087278,-0.058032,-5.066898,2.182062,2.047911,-0.134151,-6.147890,2.793890,2.558435,-0.235455,-8.427499,3.660621,3.450195,-0.210426,-5.748377,1981,u10,10m U-Wind,m/s,native_spatial_distribution,Native grids; not paired pixelwise,,,,,,,,
365,365,0.530696,0.201287,-0.329409,0.740381,0.569791,0.769592,0.243836,0.000000,0.495893,0.134419,-0.361474,-72.893555,1.018038,0.603951,-0.414087,-40.675018,1.504888,0.956149,-0.548739,-36.463787,1.738968,1.226508,-0.512459,-29.469177,2.286578,1.530191,-0.756387,-33.079426,1981,u10,10m U-Wind,m/s,temporal_spatial_mean,,365.000000,-0.329409,0.393931,0.472015,0.899035,0.000000,0.808263,0.637530
24675,904930,-0.162770,-0.273134,-0.110365,1.460909,1.566482,1.072265,0.041445,0.000000,0.115098,0.065176,-0.049923,-43.373955,0.497799,0.456050,-0.041750,-8.386854,0.986920,0.985953,-0.000967,-0.097978,1.369809,1.291268,-0.078541,-5.733713,1.898537,1.921396,0.022859,1.204025,1981,v10,10m V-Wind,m/s,native_spatial_distribution,Native grids; not paired pixelwise,,,,,,,,
365,365,-0.149682,-0.482621,-0.332939,0.689953,0.497278,0.720742,0.290411,0.000000,-0.161395,-0.456035,-0.294641,-182.559113,0.348249,-0.153821,-0.502070,-144.169693,0.742489,0.175779,-0.566709,-76.325676,0.935851,0.318789,-0.617062,-65.935905,1.180458,0.605917,-0.574541,-48.671005,1981,v10,10m V-Wind,m/s,temporal_spatial_mean,,365.000000,-0.332939,0.505444,0.591229,0.706237,0.000000,0.498771,0.856912
24675,904924,1.107864,0.737640,-0.370224,1.042914,0.891951,0.855249,0.233251,0.000000,0.979251,0.408680,-0.570572,-58.266132,1.900364,1.108200,-0.792164,-41.684853,2.686740,2.156048,-0.530691,-19.752243,2.978221,2.584502,-0.393719,-13.219945,3.534683,3.521620,-0.013063,-0.369565,1981,lai,Leaf Area Index,Index,native_spatial_distribution,Native grids; not paired pixelwise,,,,,,,,
365,365,1.136164,0.662391,-0.473773,0.286799,0.320316,1.116867,0.654795,0.000000,1.035601,0.541371,-0.494230,-47.723969,1.419498,0.977272,-0.442226,-31.153673,1.574005,1.158723,-0.415282,-26.383810,1.598887,1.186272,-0.412615,-25.806379,1.619166,1.208184,-0.410982,-25.382349,1981,lai,Leaf Area Index,Index,temporal_spatial_mean,,365.000000,-0.473773,0.473773,0.475129,0.999112,0.000000,0.998225,1.656660
24675,904930,286.246185,286.487915,0.241730,7.368902,7.584173,1.029213,0.025766,0.000000,286.373413,287.047302,0.673889,0.235318,292.432190,292.737701,0.305511,0.104473,296.516022,296.746063,0.230042,0.077581,297.503143,297.864471,0.361328,0.121454,298.305481,298.678009,0.372528,0.124881,1982,t2m,2m Temperature,K,native_spatial_distribution,Native grids; not paired pixelwise,,,,,,,,
365,365,285.545105,285.162598,-0.382507,7.503823,7.148143,0.952600,0.084932,0.143755,286.210876,285.961761,-0.249115,-0.087039,292.398071,291.592163,-0.805908,-0.275620,295.109833,294.322388,-0.787445,-0.266831,295.951233,295.054596,-0.896637,-0.302968,296.378937,295.366425,-1.012512,-0.341628,1982,t2m,2m Temperature,K,temporal_spatial_mean,,365.000000,-0.382519,0.625470,0.737859,0.997468,0.000000,0.994943,0.098331
24675,904930,280.015411,280.253418,0.238007,7.836167,8.418703,1.074339,0.040678,0.000000,278.946136,279.196228,0.250092,0.089656,286.523193,287.486664,0.963470,0.336263,291.962738,292.731049,0.768311,0.263154,293.229187,294.061951,0.832764,0.283998,294.256500,294.965851,0.709351,0.241065,1982,d2m,2m Dewpoint,K,native_spatial_distribution,Native grids; not paired pixelwise,,,,,,,,
365,365,279.390503,279.829315,0.438812,6.977076,6.515287,0.933814,0.065753,0.409573,279.338776,280.313782,0.975006,0.349041,286.005341,285.860443,-0.144897,-0.050663,288.468231,288.097046,-0.371185,-0.128675,288.926941,288.398651,-0.528290,-0.182845,289.613129,289.035370,-0.577759,-0.199493,1982,d2m,2m Dewpoint,K,temporal_spatial_mean,,365.000000,0.438824,0.647771,0.833754,0.996818,0.000000,0.993645,0.119499
24675,904930,956.796326,957.951294,1.154968,72.840012,74.273346,1.019678,0.033495,0.000000,984.575989,987.923767,3.347778,0.340022,1015.664062,1015.991821,0.327759,0.032270,1017.981201,1018.045654,0.064453,0.006331,1018.442261,1018.561890,0.119629,0.011746,1019.007568,1018.967346,-0.040222,-0.003947,1982,sp,Surface Pressure,hPa,native_spatial_distribution,Native grids; not paired pixelwise,,,,,,,,
365,365,956.008057,96691.242188,95735.234375,2.617115,233.325729,89.153809,1.000000,0.000000,955.931030,96681.039062,95725.109375,10013.809570,957.750244,96839.210938,95881.460938,10011.113281,959.196533,96990.687500,96031.492188,10011.659180,960.423096,97105.859375,96145.437500,10010.738281,962.430542,97229.945312,96267.515625,10002.541992,1982,sp,Surface Pressure,hPa,temporal_spatial_mean,,365.000000,95735.242188,95735.242188,95735.515625,0.960090,0.000000,0.921773,36580.558594
24675,904930,0.313249,0.177824,-0.135425,1.443027,1.516364,1.050822,0.061761,0.000000,0.505167,0.385163,-0.120005,-23.755417,1.062509,0.977149,-0.085360,-8.033773,1.812578,1.803712,-0.008867,-0.489174,2.366678,2.240813,-0.125865,-5.318204,3.517360,3.566256,0.048896,1.390122,1982,u10,10m U-Wind,m/s,native_spatial_distribution,Native grids; not paired pixelwise,,,,,,,,
365,365,0.336979,0.031726,-0.305253,0.675158,0.569916,0.844122,0.235616,0.000000,0.289001,-0.024067,-0.313068,-108.327583,0.750170,0.330842,-0.419329,-55.897785,1.203583,0.748766,-0.454817,-37.788574,1.534092,1.045318,-0.488774,-31.860809,2.308236,1.870683,-0.437554,-18.956194,1982,u10,10m U-Wind,m/s,temporal_spatial_mean,,365.000000,-0.305253,0.383342,0.463292,0.856563,0.000000,0.733701,0.686198
24675,904930,0.032500,-0.146084,-0.178583,1.421333,1.522599,1.071247,0.111524,0.000000,0.346228,0.202646,-0.143582,-41.470310,0.689691,0.595561,-0.094131,-13.648210,1.048125,1.021990,-0.026136,-2.493553,1.402367,1.315386,-0.086981,-6.202431,1.965444,2.016326,0.050882,2.588828,1982,v10,10m V-Wind,m/s,native_spatial_distribution,Native grids; not paired pixelwise,,,,,,,,
365,365,0.039073,-0.439316,-0.478389,0.679992,0.545131,0.801672,0.367123,0.000000,0.056905,-0.410521,-0.467426,-821.414673,0.505867,-0.102215,-0.608082,-120.205833,0.847115,0.254537,-0.592578,-69.952446,1.132943,0.438843,-0.694100,-61.265240,1.581093,0.703659,-0.877434,-55.495396,1982,v10,10m V-Wind,m/s,temporal_spatial_mean,,365.000000,-0.478389,0.537350,0.634223,0.790664,0.000000,0.625150,0.932691
24675,904924,1.107864,0.737640,-0.370224,1.042914,0.891951,0.855249,0.233251,0.000000,0.979251,0.408680,-0.570572,-58.266132,1.900364,1.108200,-0.792164,-41.684853,2.686740,2.156048,-0.530691,-19.752243,2.978221,2.584502,-0.393719,-13.219945,3.534683,3.521620,-0.013063,-0.369565,1982,lai,Leaf Area Index,Index,native_spatial_distribution,Native grids; not paired pixelwise,,,,,,,,
365,365,1.136164,0.662398,-0.473766,0.286799,0.320314,1.116858,0.654795,0.000000,1.035601,0.541389,-0.494212,-47.722240,1.419498,0.977272,-0.442226,-31.153673,1.574005,1.158724,-0.415281,-26.383734,1.598887,1.186261,-0.412627,-25.807110,1.619166,1.208189,-0.410977,-25.381994,1982,lai,Leaf Area Index,Index,temporal_spatial_mean,,365.000000,-0.473766,0.473766,0.475122,0.999113,0.000000,0.998227,1.656637
24675,904930,286.569794,286.796997,0.227203,6.809911,7.011343,1.029579,0.024339,0.000000,286.446014,287.150482,0.704468,0.245934,292.151428,292.455902,0.304474,0.104218,296.132202,296.370514,0.238312,0.080475,297.161987,297.532745,0.370758,0.124766,298.054932,298.423706,0.368774,0.123727,1983,t2m,2m Temperature,K,native_spatial_distribution,Native grids; not paired pixelwise,,,,,,,,
365,365,285.930023,285.696198,-0.233826,7.587081,7.062091,0.930805,0.106849,0.030924,286.446259,286.146332,-0.299927,-0.104706,293.181793,292.494263,-0.687531,-0.234507,296.271149,295.362305,-0.908844,-0.306761,296.738068,295.627808,-1.110260,-0.374155,297.320496,296.206757,-1.113739,-0.374592,1983,t2m,2m Temperature,K,temporal_spatial_mean,,365.000000,-0.233824,0.588933,0.715432,0.998306,0.000000,0.996615,0.094296
24675,904930,280.459076,280.901001,0.441925,7.195051,7.641334,1.062026,0.039982,0.000000,279.435669,279.888367,0.452698,0.162004,286.653900,287.680267,1.026367,0.358051,291.233154,292.060059,0.826904,0.283932,292.665405,293.419556,0.754150,0.257683,293.798157,294.452667,0.654510,0.222776,1983,d2m,2m Dewpoint,K,native_spatial_distribution,Native grids; not paired pixelwise,,,,,,,,
365,365,279.883789,280.574310,0.690521,6.746105,6.228322,0.923247,0.079452,0.199648,279.517914,280.693817,1.175903,0.420690,286.024902,286.350616,0.325714,0.113876,289.132050,288.969482,-0.162567,-0.056226,289.723267,289.487549,-0.235718,-0.081360,290.267853,289.923615,-0.344238,-0.118593,1983,d2m,2m Dewpoint,K,temporal_spatial_mean,,365.000000,0.690559,0.807491,0.993212,0.997126,0.000000,0.994260,0.147228
24675,904930,955.965637,957.067627,1.101990,72.554428,73.982971,1.019689,0.034899,0.000000,983.680481,986.885498,3.205017,0.325819,1014.756470,1015.004150,0.247681,0.024408,1016.361816,1016.442444,0.080627,0.007933,1017.027283,1016.901550,-0.125732,-0.012363,1017.792969,1017.616577,-0.176392,-0.017331,1983,sp,Surface Pressure,hPa,native_spatial_distribution,Native grids; not paired pixelwise,,,,,,,,
365,365,955.228943,96613.367188,95658.140625,3.115134,269.223633,86.424400,1.000000,0.000000,955.325867,96605.789062,95650.460938,10012.338867,957.251465,96791.367188,95834.117188,10011.383789,959.238892,96939.312500,95980.070312,10005.856445,960.364258,97028.343750,96067.976562,10003.286133,962.524231,97275.539062,96313.015625,10006.295898,1983,sp,Surface Pressure,hPa,temporal_spatial_mean,,365.000000,95658.140625,95658.140625,95658.500000,0.968174,0.000000,0.937361,30707.662109
24675,904930,0.377316,0.273181,-0.104135,1.224235,1.296647,1.059149,0.052815,0.000000,0.373868,0.314514,-0.059354,-15.875573,0.905677,0.902782,-0.002895,-0.319604,1.677812,1.732429,0.054616,3.255211,2.414909,2.258570,-0.156338,-6.473887,3.765677,3.646419,-0.119259,-3.166990,1983,u10,10m U-Wind,m/s,native_spatial_distribution,Native grids; not paired pixelwise,,,,,,,,
365,365,0.381061,0.107183,-0.273877,0.731921,0.591968,0.808786,0.219178,0.000000,0.353409,0.051998,-0.301411,-85.286797,0.867872,0.441269,-0.426603,-49.155067,1.256929,0.879346,-0.377584,-30.040167,1.622745,1.099826,-0.522919,-32.224335,2.222606,1.704377,-0.518228,-23.316250,1983,u10,10m U-Wind,m/s,temporal_spatial_mean,,365.000000,-0.273877,0.371920,0.462586,0.862224,0.000000,0.743430,0.632015
24675,904930,-0.000498,-0.174874,-0.174376,1.330899,1.465601,1.101211,0.105171,0.000000,0.238702,0.088450,-0.150252,-62.945271,0.681925,0.530385,-0.151540,-22.222399,1.068961,1.008916,-0.060046,-5.617191,1.239128,1.298758,0.059630,4.812248,1.643290,1.969042,0.325752,19.823191,1983,v10,10m V-Wind,m/s,native_spatial_distribution,Native grids; not paired pixelwise,,,,,,,,
365,365,0.007918,-0.346894,-0.354812,0.614967,0.531998,0.865084,0.279452,0.000000,-0.000058,-0.307789,-0.307730,-529541.000000,0.457499,0.023648,-0.433850,-94.830956,0.787379,0.284118,-0.503261,-63.916012,0.940433,0.465948,-0.474485,-50.453892,1.407968,0.730343,-0.677625,-48.127892,1983,v10,10m V-Wind,m/s,temporal_spatial_mean,,365.000000,-0.354812,0.467244,0.555108,0.731982,0.000000,0.535798,0.902664
24675,904924,1.107864,0.737615,-0.370249,1.042914,0.891972,0.855269,0.233251,0.000000,0.979251,0.408680,-0.570572,-58.266132,1.900364,1.108200,-0.792164,-41.684853,2.686740,2.156048,-0.530691,-19.752243,2.978221,2.584502,-0.393719,-13.219945,3.534683,3.521620,-0.013063,-0.369565,1983,lai,Leaf Area Index,Index,native_spatial_distribution,Native grids; not paired pixelwise,,,,,,,,
365,365,1.136164,0.662380,-0.473784,0.286799,0.320331,1.116917,0.654795,0.000000,1.035601,0.541376,-0.494225,-47.723492,1.419498,0.977272,-0.442226,-31.153673,1.574005,1.158732,-0.415273,-26.383221,1.598887,1.186281,-0.412607,-25.805866,1.619166,1.208193,-0.410973,-25.381746,1983,lai,Leaf Area Index,Index,temporal_spatial_mean,,365.000000,-0.473784,0.473784,0.475141,0.999115,0.000000,0.998231,1.656702
24675,904930,286.459045,286.657806,0.198761,6.981508,7.160313,1.025611,0.022519,0.000000,286.527405,287.111938,0.584534,0.204006,292.363647,292.576416,0.212769,0.072775,296.141998,296.332611,0.190613,0.064365,296.982239,297.243103,0.260864,0.087838,297.729645,298.057312,0.327667,0.110055,1984,t2m,2m Temperature,K,native_spatial_distribution,Native grids; not paired pixelwise,,,,,,,,
366,366,285.814240,285.501343,-0.312897,7.207248,6.768316,0.939099,0.095628,0.070340,285.641479,285.349365,-0.292114,-0.102266,292.802643,291.930908,-0.871735,-0.297721,295.500366,294.747894,-0.752472,-0.254643,296.077728,295.129181,-0.948547,-0.320371,296.539124,295.653412,-0.885712,-0.298683,1984,t2m,2m Temperature,K,temporal_spatial_mean,,366.000000,-0.312897,0.597547,0.718646,0.997685,0.000000,0.995375,0.099712
24675,904930,280.121765,280.520721,0.398956,7.487878,7.952037,1.061988,0.039178,0.000000,279.200500,279.617676,0.417175,0.149418,286.524261,287.527130,1.002869,0.350012,291.254364,292.077332,0.822968,0.282560,292.516449,293.315491,0.799042,0.273161,293.487061,294.166565,0.679504,0.231528,1984,d2m,2m Dewpoint,K,native_spatial_distribution,Native grids; not paired pixelwise,,,,,,,,
366,366,279.537750,280.205231,0.667480,6.577935,6.021681,0.915436,0.084699,0.144793,278.544830,279.501373,0.956543,0.343407,286.135193,286.120850,-0.014343,-0.005013,288.417694,288.201904,-0.215790,-0.074818,289.045410,288.853394,-0.192017,-0.066431,290.010406,289.662811,-0.347595,-0.119856,1984,d2m,2m Dewpoint,K,temporal_spatial_mean,,366.000000,0.667455,0.814797,1.001537,0.996867,0.000000,0.993745,0.152257
24675,904930,956.799988,957.951416,1.151428,72.523369,73.997787,1.020330,0.034274,0.000000,984.380798,987.692261,3.311462,0.336401,1015.574646,1015.980286,0.405640,0.039942,1017.530151,1017.656250,0.126099,0.012393,1017.940491,1018.021545,0.081055,0.007963,1018.601624,1018.505554,-0.096069,-0.009431,1984,sp,Surface Pressure,hPa,native_spatial_distribution,Native grids; not paired pixelwise,,,,,,,,
366,366,956.016724,96692.062500,95736.046875,2.985162,257.039673,86.105759,1.000000,0.000000,956.015625,96679.218750,95723.203125,10012.723633,957.688354,96830.070312,95872.382812,10010.811523,959.748413,96996.875000,96037.125000,10006.489258,961.007324,97136.007812,96175.000000,10007.728516,963.641663,97452.039062,96488.398438,10012.892578,1984,sp,Surface Pressure,hPa,temporal_spatial_mean,,366.000000,95736.062500,95736.062500,95736.398438,0.969877,0.000000,0.940662,32070.750000
24675,904930,0.361043,0.215485,-0.145558,1.391397,1.444791,1.038374,0.074891,0.000000,0.516058,0.389585,-0.126472,-24.507408,0.998499,0.932051,-0.066448,-6.654810,1.732123,1.727950,-0.004173,-0.240934,2.466941,2.264919,-0.202023,-8.189192,3.655620,3.522287,-0.133332,-3.647323,1984,u10,10m U-Wind,m/s,native_spatial_distribution,Native grids; not paired pixelwise,,,,,,,,
366,366,0.380067,0.099630,-0.280437,0.702664,0.555960,0.791218,0.224044,0.000000,0.360242,0.011233,-0.349009,-96.881836,0.869976,0.484516,-0.385460,-44.306973,1.307450,0.851430,-0.456020,-34.878578,1.552458,1.111128,-0.441330,-28.427841,1.939603,1.437899,-0.501704,-25.866318,1984,u10,10m U-Wind,m/s,temporal_spatial_mean,,366.000000,-0.280437,0.377150,0.447708,0.871656,0.000000,0.759785,0.637159
24675,904930,-0.079128,-0.265907,-0.186779,1.556330,1.665760,1.070313,0.118595,0.000000,0.276560,0.139633,-0.136927,-49.510838,0.570535,0.492535,-0.078001,-13.671483,0.945649,0.901093,-0.044555,-4.711632,1.271170,1.198609,-0.072561,-5.708190,1.928441,2.024319,0.095878,4.971795,1984,v10,10m V-Wind,m/s,native_spatial_distribution,Native grids; not paired pixelwise,,,,,,,,
366,366,-0.059752,-0.472811,-0.413059,0.688768,0.509479,0.739695,0.297814,0.000000,-0.052043,-0.451925,-0.399882,-768.364258,0.453517,-0.096866,-0.550383,-121.358727,0.823778,0.161048,-0.662730,-80.450119,1.007716,0.300588,-0.707129,-70.171410,1.311043,0.501434,-0.809608,-61.753021,1984,v10,10m V-Wind,m/s,temporal_spatial_mean,,366.000000,-0.413059,0.486021,0.591850,0.789800,0.000000,0.623785,0.859287
24675,904924,1.107101,0.736696,-0.370405,1.042036,0.890818,0.854882,0.233520,0.000000,0.978737,0.408281,-0.570456,-58.284882,1.899256,1.106878,-0.792378,-41.720428,2.683667,2.152638,-0.531029,-19.787422,2.975115,2.580269,-0.394845,-13.271598,3.533020,3.518519,-0.014501,-0.410438,1984,lai,Leaf Area Index,Index,native_spatial_distribution,Native grids; not paired pixelwise,,,,,,,,
366,366,1.135380,0.661580,-0.473801,0.286799,0.320252,1.116642,0.655738,0.000000,1.034590,0.538970,-0.495621,-47.905025,1.417773,0.976069,-0.441704,-31.154764,1.574003,1.158585,-0.415419,-26.392488,1.598859,1.186167,-0.412691,-25.811626,1.619156,1.208158,-0.410998,-25.383482,1984,lai,Leaf Area Index,Index,temporal_spatial_mean,,366.000000,-0.473801,0.473801,0.475152,0.999110,0.000000,0.998220,1.656742
24675,904930,286.181641,286.455505,0.273865,7.323835,7.495054,1.023378,0.025039,0.000000,286.411255,287.099731,0.688477,0.240380,292.325378,292.521088,0.195709,0.066949,296.276367,296.500732,0.224365,0.075728,297.182037,297.536224,0.354187,0.119182,297.968811,298.316101,0.347290,0.116552,1985,t2m,2m Temperature,K,native_spatial_distribution,Native grids; not paired pixelwise,,,,,,,,
365,365,285.490021,285.205963,-0.284058,7.830794,7.274708,0.928987,0.073973,0.270996,287.129150,286.527161,-0.601990,-0.209658,292.548584,291.814331,-0.734253,-0.250985,295.102295,294.469360,-0.632935,-0.214480,295.876801,294.986664,-0.890137,-0.300847,296.559631,295.534149,-1.025482,-0.345793,1985,t2m,2m Temperature,K,temporal_spatial_mean,,365.000000,-0.284070,0.719646,0.840608,0.997220,0.000000,0.994448,0.107346
24675,904930,279.772797,280.076752,0.303955,7.981914,8.515100,1.066799,0.038643,0.000000,279.038025,279.270660,0.232635,0.083371,286.501404,287.493469,0.992065,0.346269,291.622986,292.436981,0.813995,0.279126,292.950714,293.699493,0.748779,0.255599,293.864044,294.546143,0.682098,0.232114,1985,d2m,2m Dewpoint,K,native_spatial_distribution,Native grids; not paired pixelwise,,,,,,,,
365,365,279.150909,279.766724,0.615814,6.934546,6.362089,0.917448,0.084932,0.143755,280.489624,280.883484,0.393860,0.140419,285.337311,285.442963,0.105652,0.037027,287.908997,287.616760,-0.292236,-0.101503,288.407196,288.232697,-0.174500,-0.060505,288.801422,288.475586,-0.325836,-0.112824,1985,d2m,2m Dewpoint,K,temporal_spatial_mean,,365.000000,0.615825,0.759105,0.995418,0.996782,0.000000,0.993575,0.143545
24675,904930,957.010071,958.149841,1.139771,72.342651,73.831512,1.020581,0.034141,0.000000,984.309814,987.586426,3.276611,0.332884,1015.754333,1016.131104,0.376770,0.037093,1017.639771,1017.742554,0.102783,0.010100,1018.193970,1018.127686,-0.066284,-0.006510,1018.908264,1018.782104,-0.126160,-0.012382,1985,sp,Surface Pressure,hPa,native_spatial_distribution,Native grids; not paired pixelwise,,,,,,,,
365,365,956.222107,96720.000000,95763.781250,2.620083,232.750275,88.833183,1.000000,0.000000,956.141113,96714.656250,95758.515625,10015.103516,957.619385,96840.000000,95882.382812,10012.577148,959.670471,97021.421875,96061.750000,10009.868164,960.821655,97124.960938,96164.140625,10008.531250,963.029358,97310.750000,96347.718750,10004.650391,1985,sp,Surface Pressure,hPa,temporal_spatial_mean,,365.000000,95763.773438,95763.773438,95764.046875,0.965186,0.000000,0.931583,36550.011719
24675,904930,0.516356,0.352528,-0.163828,1.348472,1.391378,1.031819,0.088245,0.000000,0.682706,0.522164,-0.160542,-23.515520,1.201036,1.064728,-0.136307,-11.349158,2.017425,1.904592,-0.112832,-5.592895,2.702111,2.441459,-0.260652,-9.646238,3.498411,3.444284,-0.054127,-1.547188,1985,u10,10m U-Wind,m/s,native_spatial_distribution,Native grids; not paired pixelwise,,,,,,,,
365,365,0.538508,0.166036,-0.372471,0.817455,0.621265,0.759999,0.254795,0.000000,0.448325,0.081992,-0.366333,-81.711525,1.001904,0.544911,-0.456993,-45.612457,1.683667,1.010514,-0.673153,-39.981377,2.076385,1.377747,-0.698638,-33.646862,2.772897,1.866789,-0.906108,-32.677315,1985,u10,10m U-Wind,m/s,temporal_spatial_mean,,365.000000,-0.372471,0.441925,0.531491,0.896371,0.000000,0.803480,0.650178
24675,904930,-0.060947,-0.180515,-0.119568,1.410412,1.498267,1.062291,0.063593,0.000000,0.214658,0.140837,-0.073821,-34.390015,0.629433,0.568716,-0.060716,-9.646220,1.007861,1.033172,0.025311,2.511394,1.207154,1.288023,0.080869,6.699131,1.712636,1.788532,0.075896,4.431504,1985,v10,10m V-Wind,m/s,native_spatial_distribution,Native grids; not paired pixelwise,,,,,,,,
365,365,-0.055951,-0.472914,-0.416964,0.657530,0.484500,0.736848,0.364384,0.000000,0.016494,-0.416364,-0.432859,-2624.268799,0.424841,-0.126114,-0.550955,-129.684982,0.700697,0.082303,-0.618394,-88.254097,0.921898,0.223471,-0.698428,-75.759735,1.240953,0.517189,-0.723764,-58.323219,1985,v10,10m V-Wind,m/s,temporal_spatial_mean,,365.000000,-0.416964,0.524448,0.623314,0.710079,0.000000,0.504212,0.947963
24675,904924,1.107864,0.737631,-0.370233,1.042914,0.891958,0.855256,0.233251,0.000000,0.979251,0.408680,-0.570572,-58.266132,1.900364,1.108200,-0.792164,-41.684853,2.686740,2.156048,-0.530691,-19.752243,2.978221,2.584502,-0.393719,-13.219945,3.534683,3.521620,-0.013063,-0.369565,1985,lai,Leaf Area Index,Index,native_spatial_distribution,Native grids; not paired pixelwise,,,,,,,,
365,365,1.136164,0.662401,-0.473763,0.286799,0.320310,1.116845,0.654795,0.000000,1.035601,0.541359,-0.494242,-47.725124,1.419498,0.977272,-0.442226,-31.153673,1.574005,1.158718,-0.415287,-26.384090,1.598887,1.186267,-0.412620,-25.806717,1.619166,1.208202,-0.410964,-25.381229,1985,lai,Leaf Area Index,Index,temporal_spatial_mean,,365.000000,-0.473763,0.473763,0.475118,0.999113,0.000000,0.998226,1.656624
24675,904930,286.913544,287.209534,0.295990,6.949059,7.137158,1.027068,0.028975,0.000000,287.097839,287.736694,0.638855,0.222522,292.590179,292.873718,0.283539,0.096906,296.631165,296.845825,0.214661,0.072366,297.424957,297.739868,0.314911,0.105879,298.096039,298.458618,0.362579,0.121632,1986,t2m,2m Temperature,K,native_spatial_distribution,Native grids; not paired pixelwise,,,,,,,,
365,365,286.252350,285.872162,-0.380188,6.812371,6.445559,0.946155,0.090411,0.101214,286.495697,286.422791,-0.072906,-0.025448,292.813721,291.954620,-0.859100,-0.293395,295.380249,294.545837,-0.834412,-0.282487,295.881317,295.128662,-0.752655,-0.254377,296.305756,295.483459,-0.822296,-0.277516,1986,t2m,2m Temperature,K,temporal_spatial_mean,,365.000000,-0.380189,0.655094,0.773321,0.996368,0.000000,0.992750,0.113517
24675,904930,280.710815,281.056458,0.345642,7.435911,7.902674,1.062771,0.039707,0.000000,279.946930,280.239624,0.292694,0.104553,286.942352,287.870453,0.928101,0.323445,291.844360,292.630463,0.786102,0.269357,293.076782,293.791931,0.715149,0.244014,293.917847,294.570648,0.652802,0.222103,1986,d2m,2m Dewpoint,K,native_spatial_distribution,Native grids; not paired pixelwise,,,,,,,,
365,365,280.119354,280.615143,0.495789,6.185035,5.661256,0.915315,0.076712,0.233280,279.945923,281.101654,1.155731,0.412841,286.050934,285.927277,-0.123657,-0.043229,288.191528,287.917328,-0.274200,-0.095145,288.741241,288.259583,-0.481659,-0.166813,289.306000,288.701538,-0.604462,-0.208935,1986,d2m,2m Dewpoint,K,temporal_spatial_mean,,365.000000,0.495829,0.733025,0.892423,0.996056,0.000000,0.992127,0.144288
24675,904930,957.098694,958.258911,1.160217,72.346481,73.806374,1.020179,0.034602,0.000000,984.549866,987.890625,3.340759,0.339318,1015.967896,1016.341431,0.373535,0.036766,1017.587036,1017.675598,0.088562,0.008703,1018.107666,1018.030518,-0.077148,-0.007578,1018.780273,1018.608643,-0.171631,-0.016847,1986,sp,Surface Pressure,hPa,native_spatial_distribution,Native grids; not paired pixelwise,,,,,,,,
365,365,956.310791,96715.882812,95759.570312,2.611404,221.839493,84.950264,1.000000,0.000000,956.172791,96703.781250,95747.609375,10013.630859,957.895142,96854.382812,95896.484375,10011.166992,959.599060,97008.484375,96048.882812,10009.272461,960.526917,97075.367188,96114.843750,10006.470703,962.899780,97258.617188,96295.718750,10000.596680,1986,sp,Surface Pressure,hPa,temporal_spatial_mean,,365.000000,95759.562500,95759.562500,95759.804688,0.959443,0.000000,0.920531,36669.847656
24675,904930,0.414724,0.274031,-0.140693,1.298608,1.348306,1.038271,0.075091,0.000000,0.552459,0.421212,-0.131247,-23.756889,1.047027,0.945159,-0.101869,-9.729336,1.746090,1.692728,-0.053362,-3.056113,2.344591,2.172512,-0.172080,-7.339437,3.407673,3.372940,-0.034733,-1.019253,1986,u10,10m U-Wind,m/s,native_spatial_distribution,Native grids; not paired pixelwise,,,,,,,,
365,365,0.433439,0.104414,-0.329026,0.649692,0.534404,0.822549,0.309589,0.000000,0.438147,0.052653,-0.385495,-87.982918,0.795555,0.381039,-0.414516,-52.104038,1.262900,0.773547,-0.489353,-38.748375,1.582590,1.085104,-0.497486,-31.434931,2.084356,1.688504,-0.395852,-18.991587,1986,u10,10m U-Wind,m/s,temporal_spatial_mean,,365.000000,-0.329026,0.373919,0.452836,0.879735,0.000000,0.773934,0.697001
24675,904930,-0.001439,-0.129685,-0.128246,1.345150,1.431817,1.064429,0.081560,0.000000,0.234917,0.131529,-0.103388,-44.010513,0.631917,0.553156,-0.078761,-12.463770,1.040644,1.092536,0.051892,4.986485,1.328513,1.318389,-0.010124,-0.762052,1.933532,1.994901,0.061369,3.173948,1986,v10,10m V-Wind,m/s,native_spatial_distribution,Native grids; not paired pixelwise,,,,,,,,
365,365,0.006230,-0.334987,-0.341217,0.668968,0.552527,0.825940,0.257534,0.000000,0.002909,-0.312452,-0.315362,-10839.073242,0.467735,0.009844,-0.457892,-97.895462,0.874050,0.345914,-0.528136,-60.424038,1.070821,0.585442,-0.485379,-45.327744,1.645409,1.070786,-0.574623,-34.922821,1986,v10,10m V-Wind,m/s,temporal_spatial_mean,,365.000000,-0.341217,0.493763,0.590659,0.703900,0.000000,0.495476,0.882941
24675,904924,1.107864,0.737636,-0.370228,1.042914,0.891954,0.855252,0.233251,0.000000,0.979251,0.408680,-0.570572,-58.266132,1.900364,1.108200,-0.792164,-41.684853,2.686740,2.156048,-0.530691,-19.752243,2.978221,2.584502,-0.393719,-13.219945,3.534683,3.521620,-0.013063,-0.369565,1986,lai,Leaf Area Index,Index,native_spatial_distribution,Native grids; not paired pixelwise,,,,,,,,
365,365,1.136164,0.662411,-0.473754,0.286799,0.320303,1.116821,0.654795,0.000000,1.035601,0.541461,-0.494140,-47.715271,1.419498,0.977272,-0.442226,-31.153673,1.574005,1.158720,-0.415285,-26.383991,1.598887,1.186280,-0.412607,-25.805882,1.619166,1.208190,-0.410976,-25.381929,1986,lai,Leaf Area Index,Index,temporal_spatial_mean,,365.000000,-0.473753,0.473753,0.475108,0.999115,0.000000,0.998230,1.656588
24675,904930,286.993958,287.238281,0.244324,6.410234,6.589441,1.027956,0.027288,0.000000,286.899414,287.402618,0.503204,0.175394,292.008942,292.361267,0.352325,0.120656,296.230530,296.401062,0.170532,0.057567,297.158508,297.409119,0.250610,0.084336,297.959320,298.283203,0.323883,0.108700,1987,t2m,2m Temperature,K,native_spatial_distribution,Native grids; not paired pixelwise,,,,,,,,
365,365,286.417694,286.164307,-0.253387,7.045032,6.592661,0.935789,0.101370,0.046942,286.962311,286.772980,-0.189331,-0.065978,293.137390,292.812469,-0.324921,-0.110842,295.448578,294.576172,-0.872406,-0.295282,296.008392,294.999603,-1.008789,-0.340797,296.655975,295.657928,-0.998047,-0.336432,1987,t2m,2m Temperature,K,temporal_spatial_mean,,365.000000,-0.253363,0.581060,0.696798,0.997667,0.000000,0.995340,0.098906
24675,904930,280.366943,280.617096,0.250153,7.204422,7.781774,1.080138,0.041436,0.000000,279.540894,279.752747,0.211853,0.075786,286.211853,287.189545,0.977692,0.341597,291.206940,292.042267,0.835327,0.286850,292.499390,293.302673,0.803284,0.274627,293.619141,294.312653,0.693512,0.236194,1987,d2m,2m Dewpoint,K,native_spatial_distribution,Native grids; not paired pixelwise,,,,,,,,
365,365,279.859711,280.531586,0.671875,6.302770,5.703786,0.904965,0.101370,0.046942,279.407654,280.660187,1.252533,0.448282,286.283508,286.169617,-0.113892,-0.039783,288.109497,287.731354,-0.378143,-0.131250,289.264771,288.887085,-0.377686,-0.130567,289.606995,289.184967,-0.422028,-0.145724,1987,d2m,2m Dewpoint,K,temporal_spatial_mean,,365.000000,0.671876,0.874162,1.032639,0.996437,0.000000,0.992888,0.163839
24675,904930,956.776550,957.920715,1.144165,72.033241,73.532532,1.020814,0.038310,0.000000,984.222046,987.511780,3.289734,0.334247,1015.271729,1015.578064,0.306335,0.030173,1016.539124,1016.736023,0.196899,0.019370,1016.995605,1017.064758,0.069153,0.006800,1018.186523,1018.247681,0.061157,0.006006,1987,sp,Surface Pressure,hPa,native_spatial_distribution,Native grids; not paired pixelwise,,,,,,,,
365,365,956.025269,96691.664062,95735.640625,2.583201,227.964600,88.248878,1.000000,0.000000,955.806274,96679.601562,95723.796875,10014.979492,957.633362,96842.750000,95885.117188,10012.716797,959.562683,97023.226562,96063.664062,10011.191406,960.592957,97079.031250,96118.437500,10006.157227,961.942810,97174.156250,96212.210938,10001.864258,1987,sp,Surface Pressure,hPa,temporal_spatial_mean,,365.000000,95735.625000,95735.625000,95735.890625,0.964645,0.000000,0.930540,37060.949219
24675,904930,0.411062,0.278605,-0.132457,1.192913,1.220264,1.022928,0.060019,0.000000,0.457708,0.355270,-0.102438,-22.380705,0.929973,0.871380,-0.058593,-6.300553,1.681726,1.671992,-0.009734,-0.578826,2.416740,2.187936,-0.228804,-9.467467,3.545610,3.142055,-0.403555,-11.381814,1987,u10,10m U-Wind,m/s,native_spatial_distribution,Native grids; not paired pixelwise,,,,,,,,
365,365,0.431654,0.156499,-0.275155,0.756884,0.607267,0.802326,0.224658,0.000000,0.375505,0.072169,-0.303336,-80.780861,0.906697,0.432387,-0.474310,-52.311844,1.361746,1.038198,-0.323549,-23.759846,1.636160,1.308657,-0.327503,-20.016542,2.410560,1.744766,-0.665794,-27.619883,1987,u10,10m U-Wind,m/s,temporal_spatial_mean,,365.000000,-0.275155,0.361956,0.441829,0.894353,0.000000,0.799867,0.583747
24675,904930,-0.240565,-0.376895,-0.136330,1.371052,1.469197,1.071584,0.082381,0.000000,0.089683,-0.009973,-0.099656,-111.120827,0.410909,0.324122,-0.086788,-21.120867,0.765340,0.768296,0.002957,0.386300,1.032173,1.049707,0.017534,1.698713,1.585938,1.712709,0.126771,7.993444,1987,v10,10m V-Wind,m/s,native_spatial_distribution,Native grids; not paired pixelwise,,,,,,,,
365,365,-0.217766,-0.568932,-0.351166,0.646337,0.572623,0.885952,0.257534,0.000000,-0.189324,-0.534042,-0.344717,-182.077438,0.263136,-0.171188,-0.434324,-165.056717,0.615889,0.204078,-0.411812,-66.864586,0.805511,0.301699,-0.503812,-62.545605,1.007086,0.508840,-0.498246,-49.474045,1987,v10,10m V-Wind,m/s,temporal_spatial_mean,,365.000000,-0.351166,0.475587,0.559902,0.750425,0.000000,0.563138,0.866270
24675,904924,1.107864,0.737616,-0.370248,1.042914,0.891970,0.855268,0.233251,0.000000,0.979251,0.408680,-0.570572,-58.266132,1.900364,1.108200,-0.792164,-41.684853,2.686740,2.156048,-0.530691,-19.752243,2.978221,2.584502,-0.393719,-13.219945,3.534683,3.521620,-0.013063,-0.369565,1987,lai,Leaf Area Index,Index,native_spatial_distribution,Native grids; not paired pixelwise,,,,,,,,
365,365,1.136164,0.662384,-0.473781,0.286799,0.320314,1.116858,0.654795,0.000000,1.035601,0.541381,-0.494219,-47.722973,1.419498,0.977272,-0.442226,-31.153673,1.574005,1.158703,-0.415302,-26.385067,1.598887,1.186250,-0.412637,-25.807783,1.619166,1.208171,-0.410995,-25.383121,1987,lai,Leaf Area Index,Index,temporal_spatial_mean,,365.000000,-0.473780,0.473780,0.475136,0.999114,0.000000,0.998229,1.656685
24675,904930,286.646210,286.846466,0.200256,6.706711,6.903503,1.029343,0.023343,0.000000,286.494507,286.994781,0.500275,0.174619,291.979401,292.243286,0.263885,0.090378,296.161804,296.296051,0.134247,0.045329,297.063690,297.277039,0.213348,0.071819,297.971558,298.276306,0.304749,0.102274,1988,t2m,2m Temperature,K,native_spatial_distribution,Native grids; not paired pixelwise,,,,,,,,
366,366,286.005432,285.622284,-0.383148,7.679109,7.233682,0.941995,0.103825,0.038623,286.194458,285.682678,-0.511780,-0.178822,292.900024,292.140808,-0.759216,-0.259207,296.174561,295.096558,-1.078003,-0.363976,296.739807,295.695862,-1.043945,-0.351805,297.217377,296.256500,-0.960876,-0.323291,1988,t2m,2m Temperature,K,temporal_spatial_mean,,366.000000,-0.383135,0.635182,0.756424,0.997957,0.000000,0.995918,0.098504
24675,904930,279.606628,279.849670,0.243042,7.640501,8.149310,1.066594,0.037165,0.000000,278.375702,278.382843,0.007141,0.002565,286.177124,287.121918,0.944794,0.330143,291.214935,292.003021,0.788086,0.270620,292.664001,293.428101,0.764099,0.261084,293.737457,294.424622,0.687164,0.233938,1988,d2m,2m Dewpoint,K,native_spatial_distribution,Native grids; not paired pixelwise,,,,,,,,
366,366,279.049438,279.741455,0.692017,6.839759,6.354891,0.929110,0.087432,0.121891,278.718170,279.976868,1.258698,0.451602,285.160522,285.578064,0.417542,0.146423,288.256134,288.118591,-0.137543,-0.047715,289.163391,288.581726,-0.581665,-0.201154,289.836243,289.273712,-0.562531,-0.194086,1988,d2m,2m Dewpoint,K,temporal_spatial_mean,,366.000000,0.691980,0.831081,1.002659,0.996648,0.000000,0.993307,0.146593
24675,904930,957.120667,958.321594,1.200928,72.203705,73.680321,1.020451,0.035140,0.000000,984.203064,987.551392,3.348328,0.340207,1016.046570,1016.392639,0.346069,0.034060,1017.883911,1018.012451,0.128540,0.012628,1018.357300,1018.397461,0.040161,0.003944,1019.037659,1018.965149,-0.072510,-0.007116,1988,sp,Surface Pressure,hPa,native_spatial_distribution,Native grids; not paired pixelwise,,,,,,,,
366,366,956.305481,96723.484375,95767.179688,3.002365,264.843292,88.211555,1.000000,0.000000,956.240845,96717.398438,95761.156250,10014.334961,958.316956,96893.007812,95934.687500,10010.747070,960.075806,97070.945312,96110.867188,10010.758789,961.627441,97172.156250,96210.531250,10004.969727,963.450745,97340.781250,96377.328125,10003.347656,1988,sp,Surface Pressure,hPa,temporal_spatial_mean,,366.000000,95767.179688,95767.179688,95767.546875,0.970113,0.000000,0.941119,31897.369141
24675,904930,0.499162,0.314475,-0.184687,1.410629,1.453315,1.030260,0.094464,0.000000,0.676836,0.514645,-0.162191,-23.963060,1.200972,1.072365,-0.128607,-10.708576,2.093746,1.951057,-0.142688,-6.814976,2.668047,2.365965,-0.302082,-11.322208,3.544683,3.462489,-0.082194,-2.318806,1988,u10,10m U-Wind,m/s,native_spatial_distribution,Native grids; not paired pixelwise,,,,,,,,
366,366,0.514075,0.176508,-0.337566,0.654910,0.550891,0.841169,0.226776,0.000000,0.475233,0.172941,-0.302292,-63.609257,0.920861,0.551438,-0.369423,-40.117146,1.392563,0.853873,-0.538690,-38.683334,1.607809,1.110200,-0.497609,-30.949526,2.098642,1.505528,-0.593115,-28.261826,1988,u10,10m U-Wind,m/s,temporal_spatial_mean,,366.000000,-0.337566,0.393297,0.472925,0.862955,0.000000,0.744692,0.722122
24675,904930,-0.087156,-0.254067,-0.166911,1.437684,1.548049,1.076766,0.091641,0.000000,0.251892,0.130406,-0.121486,-48.229404,0.597778,0.509405,-0.088373,-14.783650,0.870784,0.896164,0.025381,2.914714,1.100613,1.158685,0.058071,5.276274,1.615032,1.683036,0.068004,4.210683,1988,v10,10m V-Wind,m/s,native_spatial_distribution,Native grids; not paired pixelwise,,,,,,,,
366,366,-0.077343,-0.485806,-0.408463,0.731332,0.549689,0.751627,0.330601,0.000000,0.000559,-0.439129,-0.439688,-78640.148438,0.446213,-0.112882,-0.559095,-125.297745,0.795878,0.197204,-0.598674,-75.221855,1.005329,0.354679,-0.650650,-64.720123,1.378471,0.560087,-0.818384,-59.368954,1988,v10,10m V-Wind,m/s,temporal_spatial_mean,,366.000000,-0.408463,0.489752,0.595054,0.808146,0.000000,0.653099,0.813658
24675,904924,1.107101,0.736676,-0.370425,1.042036,0.890835,0.854898,0.233520,0.000000,0.978737,0.408281,-0.570456,-58.284882,1.899256,1.106878,-0.792378,-41.720428,2.683667,2.152638,-0.531029,-19.787422,2.975115,2.580269,-0.394845,-13.271598,3.533020,3.518519,-0.014501,-0.410438,1988,lai,Leaf Area Index,Index,native_spatial_distribution,Native grids; not paired pixelwise,,,,,,,,
366,366,1.135380,0.661560,-0.473820,0.286799,0.320259,1.116668,0.655738,0.000000,1.034590,0.538954,-0.495636,-47.906502,1.417773,0.976069,-0.441704,-31.154764,1.574003,1.158575,-0.415428,-26.393103,1.598859,1.186152,-0.412706,-25.812559,1.619156,1.208129,-0.411026,-25.385233,1988,lai,Leaf Area Index,Index,temporal_spatial_mean,,366.000000,-0.473820,0.473820,0.475172,0.999110,0.000000,0.998221,1.656811
24675,904930,286.427795,286.666901,0.239105,7.259474,7.428170,1.023238,0.023818,0.000000,286.449097,287.050537,0.601440,0.209964,292.355164,292.613556,0.258392,0.088383,296.611450,296.779938,0.168488,0.056804,297.425720,297.744110,0.318390,0.107049,298.119934,298.479370,0.359436,0.120568,1989,t2m,2m Temperature,K,native_spatial_distribution,Native grids; not paired pixelwise,,,,,,,,
365,365,285.742310,285.374207,-0.368103,7.789832,7.373057,0.946498,0.073973,0.270996,287.100647,286.343872,-0.756775,-0.263592,292.623535,291.865967,-0.757568,-0.258888,295.285004,294.707062,-0.577942,-0.195723,296.294952,295.381836,-0.913116,-0.308178,296.855713,295.825592,-1.030121,-0.347011,1989,t2m,2m Temperature,K,temporal_spatial_mean,,365.000000,-0.368054,0.695139,0.827811,0.996726,0.000000,0.993462,0.106268
24675,904930,279.657867,280.077911,0.420044,8.112213,8.579800,1.057640,0.042966,0.000000,278.637512,278.976044,0.338531,0.121495,286.492004,287.534973,1.042969,0.364048,291.992218,292.782990,0.790771,0.270819,293.209869,294.001709,0.791840,0.270059,294.082306,294.802582,0.720276,0.244923,1989,d2m,2m Dewpoint,K,native_spatial_distribution,Native grids; not paired pixelwise,,,,,,,,
365,365,279.056152,279.779785,0.723633,7.051841,6.653256,0.943478,0.068493,0.359160,279.468201,280.445465,0.977264,0.349687,285.635132,285.961151,0.326019,0.114138,288.193085,288.224426,0.031342,0.010875,288.824738,288.739258,-0.085480,-0.029596,289.539917,289.320984,-0.218933,-0.075614,1989,d2m,2m Dewpoint,K,temporal_spatial_mean,,365.000000,0.723623,0.812240,1.048523,0.995557,0.000000,0.991134,0.148688
24675,904930,957.501953,958.634033,1.132080,72.312241,73.774292,1.020219,0.033602,0.000000,985.050537,988.313904,3.263367,0.331289,1016.144897,1016.472046,0.327148,0.032195,1017.834167,1017.979614,0.145447,0.014290,1018.462524,1018.386414,-0.076111,-0.007473,1019.193848,1019.044373,-0.149475,-0.014666,1989,sp,Surface Pressure,hPa,native_spatial_distribution,Native grids; not paired pixelwise,,,,,,,,
365,365,956.722961,96764.382812,95807.656250,2.832275,254.007507,89.683205,1.000000,0.000000,956.503296,96743.226562,95786.726562,10014.260742,958.250244,96908.218750,95949.968750,10013.039062,959.961853,97057.117188,96097.156250,10010.518555,961.527710,97198.679688,96237.148438,10008.775391,965.627136,97520.289062,96554.664062,9999.166016,1989,sp,Surface Pressure,hPa,temporal_spatial_mean,,365.000000,95807.648438,95807.648438,95807.984375,0.969584,0.000000,0.940093,33827.214844
24675,904930,0.441948,0.260722,-0.181227,1.313338,1.381303,1.051750,0.091277,0.000000,0.601105,0.424207,-0.176897,-29.428715,1.108394,0.979045,-0.129349,-11.669973,1.815392,1.712257,-0.103135,-5.681129,2.403379,2.163048,-0.240332,-9.999738,3.462069,3.442925,-0.019144,-0.552966,1989,u10,10m U-Wind,m/s,native_spatial_distribution,Native grids; not paired pixelwise,,,,,,,,
365,365,0.468318,0.127343,-0.340976,0.692532,0.540977,0.781158,0.260274,0.000000,0.469185,0.070774,-0.398411,-84.915604,0.934379,0.459476,-0.474903,-50.825497,1.326920,0.823135,-0.503785,-37.966492,1.678345,1.103561,-0.574785,-34.247093,2.250445,1.624027,-0.626418,-27.835279,1989,u10,10m U-Wind,m/s,temporal_spatial_mean,,365.000000,-0.340976,0.409320,0.486195,0.870341,0.000000,0.757493,0.702054
24675,904930,-0.052603,-0.203102,-0.150499,1.467392,1.572056,1.071327,0.086787,0.000000,0.199052,0.123842,-0.075210,-37.784222,0.632107,0.520123,-0.111984,-17.716051,1.100060,1.017919,-0.082140,-7.466877,1.267408,1.354986,0.087578,6.910041,1.633979,1.714937,0.080958,4.954684,1989,v10,10m V-Wind,m/s,native_spatial_distribution,Native grids; not paired pixelwise,,,,,,,,
365,365,-0.044449,-0.458164,-0.413715,0.638886,0.474049,0.741993,0.378082,0.000000,0.030016,-0.466271,-0.496286,-1653.415527,0.406743,-0.129421,-0.536164,-131.818802,0.730868,0.139132,-0.591736,-80.963425,0.920033,0.286255,-0.633779,-68.886497,1.199595,0.584406,-0.615189,-51.283043,1989,v10,10m V-Wind,m/s,temporal_spatial_mean,,365.000000,-0.413715,0.494635,0.583850,0.764664,0.000000,0.584711,0.913856
24675,904924,1.107864,0.737623,-0.370241,1.042914,0.891965,0.855262,0.233251,0.000000,0.979251,0.408680,-0.570572,-58.266132,1.900364,1.108200,-0.792164,-41.684853,2.686740,2.156048,-0.530691,-19.752243,2.978221,2.584502,-0.393719,-13.219945,3.534683,3.521620,-0.013063,-0.369565,1989,lai,Leaf Area Index,Index,native_spatial_distribution,Native grids; not paired pixelwise,,,,,,,,
365,365,1.136164,0.662392,-0.473772,0.286799,0.320310,1.116845,0.654795,0.000000,1.035601,0.541366,-0.494235,-47.724472,1.419498,0.977272,-0.442226,-31.153673,1.574005,1.158716,-0.415289,-26.384241,1.598887,1.186250,-0.412637,-25.807775,1.619166,1.208177,-0.410989,-25.382740,1989,lai,Leaf Area Index,Index,temporal_spatial_mean,,365.000000,-0.473772,0.473772,0.475127,0.999114,0.000000,0.998228,1.656654
24675,904930,287.166870,287.404785,0.237915,6.954119,7.148802,1.027995,0.023893,0.000000,287.276093,287.862091,0.585999,0.203984,292.940857,293.268951,0.328094,0.112000,296.871277,297.134277,0.263000,0.088591,297.718842,298.031891,0.313049,0.105149,298.457733,298.778259,0.320526,0.107394,1990,t2m,2m Temperature,K,native_spatial_distribution,Native grids; not paired pixelwise,,,,,,,,
365,365,286.487427,286.020844,-0.466583,7.024415,6.829554,0.972259,0.117808,0.012558,286.474579,286.065735,-0.408844,-0.142716,293.892426,293.065887,-0.826538,-0.281238,295.591980,294.976227,-0.615753,-0.208312,296.070099,295.228516,-0.841583,-0.284251,296.570526,295.600250,-0.970276,-0.327165,1990,t2m,2m Temperature,K,temporal_spatial_mean,,365.000000,-0.466567,0.592801,0.708584,0.997432,0.000000,0.994870,0.100874
24675,904930,280.437256,280.925507,0.488251,7.826989,8.276586,1.057442,0.042782,0.000000,279.876099,280.511322,0.635223,0.226966,286.951202,287.927979,0.976776,0.340398,292.041840,292.899902,0.858063,0.293815,293.270508,294.078796,0.808289,0.275612,294.193970,294.913391,0.719421,0.244540,1990,d2m,2m Dewpoint,K,native_spatial_distribution,Native grids; not paired pixelwise,,,,,,,,
365,365,279.836487,280.488312,0.651825,6.406249,6.157073,0.961104,0.071233,0.312940,279.545166,280.499420,0.954254,0.341360,286.392517,286.646454,0.253937,0.088667,288.518768,288.657928,0.139160,0.048233,288.910461,288.954010,0.043549,0.015073,289.425781,289.461273,0.035492,0.012263,1990,d2m,2m Dewpoint,K,temporal_spatial_mean,,365.000000,0.651870,0.729443,0.900591,0.995892,0.000000,0.991802,0.140580
24675,904930,957.148560,958.339844,1.191284,72.637756,74.073997,1.019773,0.033463,0.000000,984.478577,987.837402,3.358826,0.341178,1016.247192,1016.591614,0.344421,0.033891,1018.428040,1018.494202,0.066162,0.006496,1018.983276,1019.035706,0.052429,0.005145,1019.744751,1019.613831,-0.130920,-0.012839,1990,sp,Surface Pressure,hPa,native_spatial_distribution,Native grids; not paired pixelwise,,,,,,,,
365,365,956.307800,96716.460938,95760.156250,2.729968,240.920380,88.250275,1.000000,0.000000,956.217590,96690.992188,95734.773438,10011.818359,957.904541,96847.125000,95889.218750,10010.310547,959.617126,97035.851562,96076.234375,10011.933594,961.041077,97125.953125,96164.914062,10006.327148,963.938965,97403.007812,96439.070312,10004.686523,1990,sp,Surface Pressure,hPa,temporal_spatial_mean,,365.000000,95760.140625,95760.140625,95760.445312,0.967573,0.000000,0.936198,35077.503906
24675,904930,0.385992,0.192647,-0.193345,1.515810,1.566074,1.033160,0.109839,0.000000,0.631115,0.451372,-0.179744,-28.480328,1.162688,1.007384,-0.155304,-13.357288,1.905776,1.817100,-0.088677,-4.653042,2.469320,2.271823,-0.197497,-7.998017,3.632675,3.636244,0.003569,0.098251,1990,u10,10m U-Wind,m/s,native_spatial_distribution,Native grids; not paired pixelwise,,,,,,,,
365,365,0.413675,0.044533,-0.369142,0.672908,0.529745,0.787248,0.271233,0.000000,0.403348,0.028103,-0.375246,-93.032608,0.829346,0.391568,-0.437778,-52.785912,1.266416,0.768496,-0.497920,-39.317265,1.507234,0.969874,-0.537360,-35.652039,1.959157,1.348263,-0.610893,-31.181448,1990,u10,10m U-Wind,m/s,temporal_spatial_mean,,365.000000,-0.369142,0.408832,0.483033,0.892614,0.000000,0.796760,0.717829
24675,904930,0.082640,-0.101771,-0.184411,1.583253,1.675407,1.058206,0.104873,0.000000,0.403252,0.288834,-0.114418,-28.373901,0.781212,0.710361,-0.070851,-9.069402,1.144847,1.178416,0.033570,2.932233,1.585471,1.495539,-0.089932,-5.672278,2.252416,2.179693,-0.072723,-3.228663,1990,v10,10m V-Wind,m/s,native_spatial_distribution,Native grids; not paired pixelwise,,,,,,,,
365,365,0.090995,-0.404505,-0.495500,0.548529,0.502991,0.916981,0.372603,0.000000,0.148454,-0.408413,-0.556867,-375.109985,0.478031,-0.053937,-0.531968,-111.283142,0.787127,0.288516,-0.498612,-63.345741,0.922333,0.409218,-0.513114,-55.632248,1.176473,0.534867,-0.641606,-54.536381,1990,v10,10m V-Wind,m/s,temporal_spatial_mean,,365.000000,-0.495500,0.538777,0.637514,0.712165,0.000000,0.507178,1.162225
24675,904924,1.107864,0.737614,-0.370250,1.042914,0.891973,0.855270,0.233251,0.000000,0.979251,0.408680,-0.570572,-58.266132,1.900364,1.108200,-0.792164,-41.684853,2.686740,2.156048,-0.530691,-19.752243,2.978221,2.584502,-0.393719,-13.219945,3.534683,3.521620,-0.013063,-0.369565,1990,lai,Leaf Area Index,Index,native_spatial_distribution,Native grids; not paired pixelwise,,,,,,,,
365,365,1.136164,0.662388,-0.473776,0.286799,0.320319,1.116875,0.654795,0.000000,1.035601,0.541359,-0.494242,-47.725132,1.419498,0.977272,-0.442226,-31.153673,1.574005,1.158705,-0.415300,-26.384893,1.598887,1.186265,-0.412622,-25.806812,1.619166,1.208193,-0.410973,-25.381752,1990,lai,Leaf Area Index,Index,temporal_spatial_mean,,365.000000,-0.473776,0.473776,0.475132,0.999114,0.000000,0.998229,1.656672
24675,904930,286.932465,287.248718,0.316254,6.879938,7.023882,1.020922,0.028874,0.000000,287.137512,287.529663,0.392151,0.136572,292.445435,292.880615,0.435181,0.148807,296.664551,296.993073,0.328522,0.110738,297.620941,298.034729,0.413788,0.139032,298.448792,298.838806,0.390015,0.130681,1991,t2m,2m Temperature,K,native_spatial_distribution,Native grids; not paired pixelwise,,,,,,,,
365,365,286.277405,285.956512,-0.320892,7.162820,6.733329,0.940039,0.098630,0.057357,286.715363,286.268097,-0.447266,-0.155996,293.176178,292.544708,-0.631470,-0.215389,295.622864,294.885071,-0.737793,-0.249572,296.014343,295.232330,-0.782013,-0.264181,296.679749,295.526978,-1.152771,-0.388557,1991,t2m,2m Temperature,K,temporal_spatial_mean,,365.000000,-0.320883,0.640263,0.748534,0.997171,0.000000,0.994350,0.104503
24675,904930,280.462585,280.901825,0.439240,7.712162,8.211807,1.064787,0.048888,0.000000,279.659515,280.199768,0.540253,0.193182,286.597229,287.610077,1.012848,0.353405,292.090149,292.944214,0.854065,0.292398,293.411591,294.228729,0.817139,0.278496,294.329468,295.079803,0.750336,0.254931,1991,d2m,2m Dewpoint,K,native_spatial_distribution,Native grids; not paired pixelwise,,,,,,,,
365,365,279.875641,280.507996,0.632355,6.428401,5.970269,0.928733,0.068493,0.359160,279.416779,280.384857,0.968079,0.346464,286.235748,285.991699,-0.244049,-0.085262,288.475006,288.217438,-0.257568,-0.089286,288.758148,288.692596,-0.065552,-0.022701,289.521515,289.270325,-0.251190,-0.086760,1991,d2m,2m Dewpoint,K,temporal_spatial_mean,,365.000000,0.632344,0.772812,0.974010,0.995584,0.000000,0.991188,0.151517
24675,904930,957.154846,958.297852,1.143005,72.513054,73.971069,1.020107,0.033799,0.000000,984.634766,987.961975,3.327209,0.337913,1015.905273,1016.249451,0.344177,0.033879,1018.076599,1018.139893,0.063293,0.006217,1018.602417,1018.616821,0.014404,0.001414,1019.338867,1019.197693,-0.141174,-0.013850,1991,sp,Surface Pressure,hPa,native_spatial_distribution,Native grids; not paired pixelwise,,,,,,,,
365,365,956.363342,96725.523438,95769.156250,3.034671,256.747467,84.604706,1.000000,0.000000,956.471497,96723.406250,95766.937500,10012.524414,958.279602,96898.406250,95940.125000,10011.704102,960.299561,97060.031250,96099.734375,10007.265625,961.201294,97128.203125,96167.000000,10004.875977,962.889832,97294.351562,96331.460938,10004.411133,1991,sp,Surface Pressure,hPa,temporal_spatial_mean,,365.000000,95769.164062,95769.164062,95769.500000,0.967462,0.000000,0.935983,31558.443359
24675,904930,0.376756,0.218140,-0.158616,1.414929,1.464377,1.034947,0.070912,0.000000,0.531060,0.403533,-0.127527,-24.013720,1.071694,0.978451,-0.093243,-8.700547,1.912376,1.818687,-0.093689,-4.899088,2.522213,2.297230,-0.224982,-8.920035,3.619575,3.424230,-0.195345,-5.396908,1991,u10,10m U-Wind,m/s,native_spatial_distribution,Native grids; not paired pixelwise,,,,,,,,
365,365,0.399114,0.059689,-0.339424,0.729368,0.550226,0.754387,0.279452,0.000000,0.392933,0.041340,-0.351593,-89.479126,0.842062,0.374233,-0.467830,-55.557598,1.316384,0.744884,-0.571499,-43.414349,1.661264,1.063036,-0.598229,-36.010441,2.151165,1.566226,-0.584939,-27.191732,1991,u10,10m U-Wind,m/s,temporal_spatial_mean,,365.000000,-0.339424,0.394215,0.476378,0.900782,0.000000,0.811409,0.653139
24675,904930,0.032471,-0.129541,-0.162013,1.430424,1.532559,1.071402,0.075911,0.000000,0.329014,0.235218,-0.093796,-28.508129,0.721176,0.611225,-0.109952,-15.246181,1.066213,1.036059,-0.030154,-2.828162,1.285519,1.249449,-0.036070,-2.805851,1.778571,1.755326,-0.023245,-1.306927,1991,v10,10m V-Wind,m/s,native_spatial_distribution,Native grids; not paired pixelwise,,,,,,,,
365,365,0.042916,-0.390278,-0.433194,0.652927,0.519432,0.795543,0.380822,0.000000,0.087962,-0.376491,-0.464454,-528.013367,0.494053,-0.091431,-0.585484,-118.506378,0.800521,0.216873,-0.583648,-72.908516,1.046935,0.457552,-0.589383,-56.296005,1.470965,0.954559,-0.516406,-35.106602,1991,v10,10m V-Wind,m/s,temporal_spatial_mean,,365.000000,-0.433194,0.519104,0.614009,0.747120,0.000000,0.558189,0.940394
24675,904924,1.107864,0.737614,-0.370250,1.042914,0.891973,0.855270,0.233251,0.000000,0.979251,0.408680,-0.570572,-58.266132,1.900364,1.108200,-0.792164,-41.684853,2.686740,2.156048,-0.530691,-19.752243,2.978221,2.584502,-0.393719,-13.219945,3.534683,3.521620,-0.013063,-0.369565,1991,lai,Leaf Area Index,Index,native_spatial_distribution,Native grids; not paired pixelwise,,,,,,,,
365,365,1.136164,0.662384,-0.473780,0.286799,0.320311,1.116849,0.654795,0.000000,1.035601,0.541387,-0.494213,-47.722385,1.419498,0.977272,-0.442226,-31.153673,1.574005,1.158689,-0.415316,-26.385937,1.598887,1.186234,-0.412653,-25.808773,1.619166,1.208139,-0.411027,-25.385103,1991,lai,Leaf Area Index,Index,temporal_spatial_mean,,365.000000,-0.473780,0.473780,0.475135,0.999114,0.000000,0.998230,1.656683
24675,904930,286.653564,287.047028,0.393463,7.007435,7.158173,1.021511,0.036120,0.000000,286.623474,287.445374,0.821899,0.286752,292.499390,292.835022,0.335632,0.114746,296.367798,296.636322,0.268524,0.090605,297.308777,297.664581,0.355804,0.119675,298.026031,298.392090,0.366058,0.122828,1992,t2m,2m Temperature,K,native_spatial_distribution,Native grids; not paired pixelwise,,,,,,,,
366,366,285.977722,285.812500,-0.165222,6.777852,6.428012,0.948385,0.071038,0.314508,286.335022,286.114044,-0.220978,-0.077175,292.738403,292.221985,-0.516418,-0.176410,294.668030,294.242249,-0.425781,-0.144495,295.136414,294.574341,-0.562073,-0.190445,295.487213,294.910553,-0.576660,-0.195156,1992,t2m,2m Temperature,K,temporal_spatial_mean,,366.000000,-0.165212,0.529264,0.636748,0.997065,0.000000,0.994138,0.093945
24675,904930,280.328552,280.861938,0.533386,7.640654,8.093292,1.059241,0.042180,0.000000,279.564941,280.202332,0.637390,0.227994,286.998260,288.057556,1.059296,0.369095,291.521088,292.391602,0.870514,0.298611,292.767731,293.629791,0.862061,0.294452,293.725586,294.521667,0.796082,0.271029,1992,d2m,2m Dewpoint,K,native_spatial_distribution,Native grids; not paired pixelwise,,,,,,,,
366,366,279.732452,280.498718,0.766266,6.003847,5.580904,0.929555,0.101093,0.047427,279.489197,280.223328,0.734131,0.262669,285.651642,286.045746,0.394104,0.137967,287.870331,288.048187,0.177856,0.061784,288.421997,288.480408,0.058411,0.020252,289.233917,288.917725,-0.316193,-0.109321,1992,d2m,2m Dewpoint,K,temporal_spatial_mean,,366.000000,0.766257,0.840965,1.046218,0.995097,0.000000,0.990219,0.174258
24675,904930,956.644592,957.762329,1.117737,72.264168,73.730431,1.020290,0.034273,0.000000,984.158264,987.465576,3.307312,0.336055,1015.295044,1015.604431,0.309387,0.030473,1016.975830,1017.090393,0.114563,0.011265,1017.338196,1017.420532,0.082336,0.008093,1018.081909,1017.922668,-0.159241,-0.015641,1992,sp,Surface Pressure,hPa,native_spatial_distribution,Native grids; not paired pixelwise,,,,,,,,
366,366,955.882996,96673.507812,95717.625000,2.440940,212.726334,87.149361,1.000000,0.000000,955.689087,96664.421875,95708.734375,10014.630859,957.641846,96826.843750,95869.203125,10010.965820,959.055542,96958.218750,95999.164062,10009.759766,959.738708,97030.750000,96071.007812,10010.121094,961.008545,97115.570312,96154.562500,10005.588867,1992,sp,Surface Pressure,hPa,temporal_spatial_mean,,366.000000,95717.617188,95717.617188,95717.859375,0.959575,0.000000,0.920784,39213.531250
24675,904930,0.342937,0.208816,-0.134121,1.218638,1.273324,1.044875,0.068786,0.000000,0.473171,0.356675,-0.116496,-24.620283,0.950381,0.841658,-0.108722,-11.439871,1.576615,1.541320,-0.035295,-2.238657,2.172347,2.002074,-0.170272,-7.838175,3.110384,3.146062,0.035679,1.147089,1992,u10,10m U-Wind,m/s,native_spatial_distribution,Native grids; not paired pixelwise,,,,,,,,
366,366,0.361705,0.052007,-0.309697,0.758291,0.576671,0.760487,0.229508,0.000000,0.354791,-0.017384,-0.372174,-104.899681,0.868848,0.408760,-0.460088,-52.953808,1.329385,0.877773,-0.451612,-33.971508,1.618693,1.134324,-0.484369,-29.923439,2.321710,1.509272,-0.812438,-34.993107,1992,u10,10m U-Wind,m/s,temporal_spatial_mean,,366.000000,-0.309697,0.410683,0.497220,0.864700,0.000000,0.747706,0.655711
24675,904930,-0.047673,-0.170993,-0.123321,1.250393,1.350646,1.080177,0.085140,0.000000,0.164834,0.089580,-0.075254,-45.654545,0.537089,0.479015,-0.058074,-10.812696,0.949456,0.992738,0.043282,4.558609,1.192639,1.226834,0.034195,2.867177,1.733124,1.814736,0.081612,4.708982,1992,v10,10m V-Wind,m/s,native_spatial_distribution,Native grids; not paired pixelwise,,,,,,,,
366,366,-0.040427,-0.384477,-0.344050,0.658410,0.538625,0.818069,0.275956,0.000000,0.000522,-0.404983,-0.405505,-77644.921875,0.476553,-0.010534,-0.487087,-102.210365,0.760442,0.296201,-0.464241,-61.048885,0.915396,0.464676,-0.450721,-49.237774,1.217586,0.817803,-0.399783,-32.834064,1992,v10,10m V-Wind,m/s,temporal_spatial_mean,,366.000000,-0.344050,0.471157,0.557666,0.748655,0.000000,0.560484,0.846989
24675,904924,1.107101,0.736673,-0.370428,1.042036,0.890837,0.854901,0.233520,0.000000,0.978737,0.408281,-0.570456,-58.284882,1.899256,1.106878,-0.792378,-41.720428,2.683667,2.152638,-0.531029,-19.787422,2.975115,2.580269,-0.394845,-13.271598,3.533020,3.518519,-0.014501,-0.410438,1992,lai,Leaf Area Index,Index,native_spatial_distribution,Native grids; not paired pixelwise,,,,,,,,
366,366,1.135380,0.661571,-0.473809,0.286799,0.320268,1.116697,0.655738,0.000000,1.034590,0.538958,-0.495633,-47.906178,1.417773,0.976070,-0.441704,-31.154749,1.574003,1.158609,-0.415394,-26.390936,1.598859,1.186197,-0.412662,-25.809755,1.619156,1.208172,-0.410984,-25.382607,1992,lai,Leaf Area Index,Index,temporal_spatial_mean,,366.000000,-0.473809,0.473809,0.475162,0.999111,0.000000,0.998223,1.656775
24675,904930,286.325439,286.649078,0.323639,7.380237,7.492553,1.015219,0.026864,0.000000,286.501434,287.341827,0.840393,0.293329,292.548279,292.790161,0.241882,0.082681,296.541199,296.749878,0.208679,0.070371,297.459290,297.745636,0.286346,0.096264,298.221832,298.561951,0.340118,0.114049,1993,t2m,2m Temperature,K,native_spatial_distribution,Native grids; not paired pixelwise,,,,,,,,
365,365,285.652496,285.549622,-0.102875,7.282253,6.741751,0.925778,0.073973,0.270996,286.215057,285.687866,-0.527191,-0.184194,292.741852,292.138641,-0.603210,-0.206055,295.053467,294.346313,-0.707153,-0.239670,295.665039,294.999390,-0.665649,-0.225136,296.405945,295.553833,-0.852112,-0.287481,1993,t2m,2m Temperature,K,temporal_spatial_mean,,365.000000,-0.102837,0.583019,0.700968,0.998079,0.000000,0.996161,0.096257
24675,904930,280.040710,280.492035,0.451324,7.795029,8.276434,1.061758,0.038272,0.000000,279.149292,279.648315,0.499023,0.178766,286.760071,287.859436,1.099365,0.383375,291.572266,292.437592,0.865326,0.296779,292.924622,293.730286,0.805664,0.275041,293.907532,294.633209,0.725677,0.246907,1993,d2m,2m Dewpoint,K,native_spatial_distribution,Native grids; not paired pixelwise,,,,,,,,
365,365,279.451599,280.258820,0.807220,6.589404,6.091590,0.924452,0.076712,0.233280,279.178955,280.120148,0.941193,0.337129,285.656525,285.819366,0.162842,0.057006,288.398193,288.384857,-0.013336,-0.004624,288.915222,288.693726,-0.221497,-0.076665,289.326263,289.189484,-0.136780,-0.047275,1993,d2m,2m Dewpoint,K,temporal_spatial_mean,,365.000000,0.807214,0.867431,1.057758,0.997267,0.000000,0.994541,0.160524
24675,904930,956.847839,957.969299,1.121460,72.362221,73.841385,1.020441,0.034681,0.000000,984.431641,987.680847,3.249207,0.330059,1015.601440,1015.940674,0.339233,0.033402,1017.171631,1017.263977,0.092346,0.009079,1017.520081,1017.571106,0.051025,0.005015,1018.141541,1017.979004,-0.162537,-0.015964,1993,sp,Surface Pressure,hPa,native_spatial_distribution,Native grids; not paired pixelwise,,,,,,,,
365,365,956.086914,96697.992188,95741.906250,2.525277,218.139450,86.382378,1.000000,0.000000,956.112183,96699.968750,95743.859375,10013.873047,957.703064,96846.687500,95888.984375,10012.391602,959.310669,96978.640625,96019.328125,10009.200195,960.429626,97036.507812,96076.078125,10003.448242,961.875916,97207.445312,96245.570312,10006.027344,1993,sp,Surface Pressure,hPa,temporal_spatial_mean,,365.000000,95741.906250,95741.906250,95742.156250,0.963843,0.000000,0.928994,37913.523438
24675,904930,0.391112,0.262755,-0.128358,1.264068,1.331391,1.053259,0.078889,0.000000,0.550898,0.428844,-0.122054,-22.155525,1.026355,0.931627,-0.094728,-9.229558,1.617973,1.616095,-0.001878,-0.116065,2.231617,2.083982,-0.147635,-6.615604,3.320787,3.362412,0.041625,1.253483,1993,u10,10m U-Wind,m/s,native_spatial_distribution,Native grids; not paired pixelwise,,,,,,,,
365,365,0.413631,0.064288,-0.349343,0.670728,0.486450,0.725256,0.293151,0.000000,0.386622,0.004349,-0.382273,-98.875114,0.821384,0.337334,-0.484050,-58.931000,1.277505,0.713676,-0.563829,-44.135174,1.565392,0.983107,-0.582285,-37.197411,2.079116,1.333881,-0.745234,-35.843815,1993,u10,10m U-Wind,m/s,temporal_spatial_mean,,365.000000,-0.349343,0.406890,0.489214,0.872298,0.000000,0.760904,0.729378
24675,904930,-0.054883,-0.201965,-0.147082,1.255490,1.361580,1.084501,0.084354,0.000000,0.171343,0.082394,-0.088949,-51.912773,0.571466,0.468989,-0.102477,-17.932302,0.856226,0.912783,0.056557,6.605355,1.173792,1.222411,0.048619,4.142050,1.774350,1.871996,0.097646,5.503191,1993,v10,10m V-Wind,m/s,native_spatial_distribution,Native grids; not paired pixelwise,,,,,,,,
365,365,-0.043785,-0.414648,-0.370862,0.639503,0.466152,0.728928,0.350685,0.000000,0.010300,-0.405247,-0.415547,-4034.332764,0.414988,-0.155784,-0.570772,-137.539429,0.713431,0.170473,-0.542959,-76.105217,0.964843,0.396823,-0.568019,-58.871693,1.232479,0.728180,-0.504299,-40.917427,1993,v10,10m V-Wind,m/s,temporal_spatial_mean,,365.000000,-0.370862,0.490075,0.588988,0.699239,0.000000,0.488935,0.921008
24675,904924,1.107864,0.737618,-0.370246,1.042914,0.891969,0.855266,0.233251,0.000000,0.979251,0.408680,-0.570572,-58.266132,1.900364,1.108200,-0.792164,-41.684853,2.686740,2.156048,-0.530691,-19.752243,2.978221,2.584502,-0.393719,-13.219945,3.534683,3.521620,-0.013063,-0.369565,1993,lai,Leaf Area Index,Index,native_spatial_distribution,Native grids; not paired pixelwise,,,,,,,,
365,365,1.136164,0.662392,-0.473772,0.286799,0.320309,1.116840,0.654795,0.000000,1.035601,0.541414,-0.494186,-47.719784,1.419498,0.977272,-0.442226,-31.153673,1.574005,1.158689,-0.415316,-26.385954,1.598887,1.186239,-0.412648,-25.808468,1.619166,1.208171,-0.410995,-25.383131,1993,lai,Leaf Area Index,Index,temporal_spatial_mean,,365.000000,-0.473772,0.473772,0.475127,0.999115,0.000000,0.998231,1.656655
24675,904930,286.932312,287.135864,0.203552,7.087810,7.258920,1.024141,0.021011,0.000000,287.078186,287.565796,0.487610,0.169853,292.764099,292.972107,0.208008,0.071050,296.772858,296.995209,0.222351,0.074923,297.712006,298.061920,0.349915,0.117535,298.522095,298.960266,0.438171,0.146780,1994,t2m,2m Temperature,K,native_spatial_distribution,Native grids; not paired pixelwise,,,,,,,,
365,365,286.261505,285.893066,-0.368439,7.465316,7.066751,0.946611,0.120548,0.009887,287.089355,286.267487,-0.821869,-0.286276,293.381409,292.693939,-0.687469,-0.234326,295.744141,294.719604,-1.024536,-0.346427,295.973083,295.092377,-0.880707,-0.297563,296.760468,295.849518,-0.910950,-0.306965,1994,t2m,2m Temperature,K,temporal_spatial_mean,,365.000000,-0.368469,0.617460,0.730533,0.997734,0.000000,0.995474,0.097857
24675,904930,280.166046,280.610596,0.444550,7.917042,8.326237,1.051685,0.041775,0.000000,279.147736,279.642914,0.495178,0.177389,286.722412,287.659943,0.937531,0.326982,292.075562,292.848022,0.772461,0.264473,293.494812,294.226227,0.731415,0.249209,294.371307,295.068024,0.696716,0.236679,1994,d2m,2m Dewpoint,K,native_spatial_distribution,Native grids; not paired pixelwise,,,,,,,,
365,365,279.586517,280.337494,0.750977,6.605374,6.322088,0.957113,0.087671,0.120960,279.598663,280.748230,1.149567,0.411149,286.039368,286.727356,0.687988,0.240522,287.958282,288.069153,0.110870,0.038502,288.447357,288.686707,0.239349,0.082979,289.270599,289.151367,-0.119232,-0.041218,1994,d2m,2m Dewpoint,K,temporal_spatial_mean,,365.000000,0.750987,0.795087,0.949004,0.996930,0.000000,0.993870,0.143672
24675,904930,957.099182,958.270264,1.171082,72.490974,73.942528,1.020024,0.033915,0.000000,984.767090,988.086426,3.319336,0.337068,1015.847168,1016.178040,0.330872,0.032571,1017.907104,1017.967834,0.060730,0.005966,1018.438477,1018.460693,0.022217,0.002181,1019.231506,1019.092590,-0.138916,-0.013629,1994,sp,Surface Pressure,hPa,native_spatial_distribution,Native grids; not paired pixelwise,,,,,,,,
365,365,956.293213,96713.273438,95756.976562,2.725826,241.516373,88.603012,1.000000,0.000000,956.322571,96717.140625,95760.820312,10013.443359,957.829468,96852.343750,95894.515625,10011.648438,959.461060,96978.898438,96019.437500,10007.643555,960.542908,97116.093750,96155.554688,10010.541992,963.090332,97366.187500,96403.093750,10009.766602,1994,sp,Surface Pressure,hPa,temporal_spatial_mean,,365.000000,95756.984375,95756.984375,95757.281250,0.966493,0.000000,0.934109,35129.640625
24675,904930,0.371227,0.208247,-0.162979,1.430695,1.467060,1.025418,0.066982,0.000000,0.542655,0.394037,-0.148618,-27.387226,1.124483,0.984490,-0.139993,-12.449523,1.862532,1.857836,-0.004696,-0.252124,2.663714,2.343176,-0.320538,-12.033484,3.621452,3.510223,-0.111229,-3.071404,1994,u10,10m U-Wind,m/s,native_spatial_distribution,Native grids; not paired pixelwise,,,,,,,,
365,365,0.394738,0.105655,-0.289082,0.661187,0.528603,0.799475,0.276712,0.000000,0.391634,0.067740,-0.323894,-82.703278,0.788299,0.381129,-0.407170,-51.651749,1.155531,0.706067,-0.449464,-38.896759,1.550511,1.100745,-0.449766,-29.007587,2.160897,1.665705,-0.495192,-22.916052,1994,u10,10m U-Wind,m/s,temporal_spatial_mean,,365.000000,-0.289082,0.374961,0.445514,0.860753,0.000000,0.740895,0.673809
24675,904930,0.015266,-0.137960,-0.153227,1.509615,1.606482,1.064167,0.090280,0.000000,0.326662,0.215510,-0.111152,-34.026661,0.705663,0.607718,-0.097945,-13.879864,1.088503,1.039289,-0.049215,-4.521309,1.271294,1.334960,0.063666,5.007969,1.838772,1.981551,0.142779,7.764930,1994,v10,10m V-Wind,m/s,native_spatial_distribution,Native grids; not paired pixelwise,,,,,,,,
365,365,0.022863,-0.386850,-0.409713,0.623996,0.503706,0.807227,0.339726,0.000000,0.079468,-0.318614,-0.398083,-500.931976,0.418332,-0.045528,-0.463860,-110.883102,0.784218,0.246568,-0.537649,-68.558701,1.001364,0.391408,-0.609955,-60.912464,1.449541,0.567071,-0.882470,-60.879257,1994,v10,10m V-Wind,m/s,temporal_spatial_mean,,365.000000,-0.409713,0.472564,0.571619,0.770268,0.000000,0.593313,0.916062
24675,904924,1.107864,0.737640,-0.370224,1.042914,0.891951,0.855249,0.233251,0.000000,0.979251,0.408680,-0.570572,-58.266132,1.900364,1.108200,-0.792164,-41.684853,2.686740,2.156048,-0.530691,-19.752243,2.978221,2.584502,-0.393719,-13.219945,3.534683,3.521620,-0.013063,-0.369565,1994,lai,Leaf Area Index,Index,native_spatial_distribution,Native grids; not paired pixelwise,,,,,,,,
365,365,1.136164,0.662404,-0.473760,0.286799,0.320308,1.116838,0.654795,0.000000,1.035601,0.541411,-0.494190,-47.720093,1.419498,0.977272,-0.442226,-31.153673,1.574005,1.158713,-0.415292,-26.384415,1.598887,1.186260,-0.412627,-25.807148,1.619166,1.208190,-0.410976,-25.381968,1994,lai,Leaf Area Index,Index,temporal_spatial_mean,,365.000000,-0.473760,0.473760,0.475115,0.999113,0.000000,0.998226,1.656612
24675,904930,286.821991,287.021973,0.199982,7.097674,7.212240,1.016141,0.019256,0.000001,287.017822,287.531372,0.513550,0.178926,292.590881,292.683960,0.093079,0.031812,296.677124,296.850891,0.173767,0.058571,297.601105,297.853760,0.252655,0.084897,298.373108,298.711731,0.338623,0.113490,1995,t2m,2m Temperature,K,native_spatial_distribution,Native grids; not paired pixelwise,,,,,,,,
365,365,286.137787,285.843262,-0.294525,7.287378,6.822750,0.936242,0.115068,0.015863,285.891388,285.904114,0.012726,0.004451,293.067596,292.543060,-0.524536,-0.178981,296.065277,295.127930,-0.937347,-0.316602,296.519104,295.484192,-1.034912,-0.349020,297.052765,296.042023,-1.010742,-0.340257,1995,t2m,2m Temperature,K,temporal_spatial_mean,,365.000000,-0.294516,0.643751,0.775571,0.996994,0.000000,0.993997,0.106427
24675,904930,280.294922,280.638550,0.343628,7.620864,8.102098,1.063147,0.036354,0.000000,279.136414,279.449951,0.313538,0.112324,286.901184,287.828766,0.927582,0.323311,291.717468,292.612640,0.895172,0.306863,293.109863,293.941681,0.831818,0.283790,294.109589,294.871826,0.762238,0.259168,1995,d2m,2m Dewpoint,K,native_spatial_distribution,Native grids; not paired pixelwise,,,,,,,,
365,365,279.698944,280.397552,0.698608,6.530858,6.087233,0.932073,0.079452,0.199648,278.869049,280.004425,1.135376,0.407136,286.065033,286.317963,0.252930,0.088417,288.460510,288.412598,-0.047913,-0.016610,289.250031,288.992767,-0.257263,-0.088941,289.805420,289.449005,-0.356415,-0.122984,1995,d2m,2m Dewpoint,K,temporal_spatial_mean,,365.000000,0.698598,0.789317,0.987799,0.996341,0.000000,0.992696,0.151251
24675,904930,956.248169,957.403076,1.154907,72.175308,73.659096,1.020558,0.034890,0.000000,983.584167,986.919434,3.335266,0.339093,1014.918640,1015.251465,0.332825,0.032793,1016.561951,1016.703918,0.141968,0.013965,1016.997925,1017.073730,0.075806,0.007454,1017.639771,1017.651917,0.012146,0.001194,1995,sp,Surface Pressure,hPa,native_spatial_distribution,Native grids; not paired pixelwise,,,,,,,,
365,365,955.489746,96642.320312,95686.828125,2.554997,227.584595,89.074295,1.000000,0.000000,955.527405,96630.429688,95674.898438,10012.784180,957.316956,96784.656250,95827.335938,10009.991211,958.588257,96949.554688,95990.968750,10013.785156,959.590515,96993.671875,96034.078125,10007.818359,960.767334,97128.304688,96167.539062,10009.451172,1995,sp,Surface Pressure,hPa,temporal_spatial_mean,,365.000000,95686.835938,95686.835938,95687.093750,0.953788,0.000000,0.909711,37450.953125
24675,904930,0.426960,0.305741,-0.121219,1.269987,1.341267,1.056127,0.064690,0.000000,0.535452,0.426400,-0.109051,-20.366219,1.015404,0.977852,-0.037552,-3.698272,1.777643,1.772798,-0.004845,-0.272540,2.404324,2.223613,-0.180711,-7.516067,3.575844,3.511631,-0.064213,-1.795738,1995,u10,10m U-Wind,m/s,native_spatial_distribution,Native grids; not paired pixelwise,,,,,,,,
365,365,0.432824,0.124159,-0.308665,0.743200,0.588913,0.792401,0.205479,0.000000,0.327687,0.094314,-0.233374,-71.218353,0.898222,0.453148,-0.445074,-49.550510,1.406855,0.916404,-0.490450,-34.861469,1.735076,1.204508,-0.530568,-30.578932,2.464729,1.703134,-0.761595,-30.899742,1995,u10,10m U-Wind,m/s,temporal_spatial_mean,,365.000000,-0.308665,0.369600,0.457267,0.897169,0.000000,0.804912,0.615267
24675,904930,-0.099341,-0.224372,-0.125030,1.300388,1.419347,1.091479,0.090787,0.000000,0.173174,0.069613,-0.103561,-59.801571,0.550977,0.490645,-0.060332,-10.949923,0.824677,0.844472,0.019795,2.400364,1.035690,1.098309,0.062619,6.046075,1.509826,1.819784,0.309958,20.529367,1995,v10,10m V-Wind,m/s,native_spatial_distribution,Native grids; not paired pixelwise,,,,,,,,
365,365,-0.094630,-0.430663,-0.336033,0.707957,0.531855,0.751253,0.298630,0.000000,-0.064438,-0.411737,-0.347298,-538.960632,0.369900,-0.100648,-0.470549,-127.209595,0.806827,0.195742,-0.611086,-75.739311,1.013301,0.405797,-0.607504,-59.952946,1.457218,0.839561,-0.617657,-42.386036,1995,v10,10m V-Wind,m/s,temporal_spatial_mean,,365.000000,-0.336033,0.493343,0.572321,0.756168,0.000000,0.571790,0.808411
24675,904924,1.107864,0.737609,-0.370255,1.042914,0.891977,0.855274,0.233251,0.000000,0.979251,0.408680,-0.570572,-58.266132,1.900364,1.108200,-0.792164,-41.684853,2.686740,2.156048,-0.530691,-19.752243,2.978221,2.584502,-0.393719,-13.219945,3.534683,3.521620,-0.013063,-0.369565,1995,lai,Leaf Area Index,Index,native_spatial_distribution,Native grids; not paired pixelwise,,,,,,,,
365,365,1.136164,0.662383,-0.473781,0.286799,0.320323,1.116890,0.654795,0.000000,1.035601,0.541412,-0.494188,-47.719986,1.419498,0.977272,-0.442226,-31.153673,1.574005,1.158707,-0.415298,-26.384796,1.598887,1.186263,-0.412624,-25.806948,1.619166,1.208177,-0.410989,-25.382778,1995,lai,Leaf Area Index,Index,temporal_spatial_mean,,365.000000,-0.473781,0.473781,0.475137,0.999116,0.000000,0.998232,1.656689
24675,904930,286.323151,286.541260,0.218109,7.379978,7.441168,1.008291,0.024069,0.000000,286.609558,287.153381,0.543823,0.189744,292.521240,292.581268,0.060028,0.020521,296.441833,296.497986,0.056152,0.018942,297.286041,297.420258,0.134216,0.045147,297.914948,298.171722,0.256775,0.086191,1996,t2m,2m Temperature,K,native_spatial_distribution,Native grids; not paired pixelwise,,,,,,,,
366,366,285.608429,285.312500,-0.295929,7.646883,7.224179,0.944722,0.114754,0.016074,285.806061,285.533325,-0.272736,-0.095427,293.560974,292.672211,-0.888763,-0.302753,295.562988,294.684021,-0.878967,-0.297387,295.789734,295.051056,-0.738678,-0.249731,296.179291,295.376190,-0.803101,-0.271154,1996,t2m,2m Temperature,K,temporal_spatial_mean,,366.000000,-0.295945,0.642888,0.771127,0.997028,0.000000,0.994065,0.100842
24675,904930,279.658966,279.930420,0.271454,7.882797,8.402460,1.065924,0.037767,0.000000,278.544769,278.750183,0.205414,0.073745,286.876129,287.762024,0.885895,0.308807,291.318756,292.138214,0.819458,0.281293,292.589203,293.436127,0.846924,0.289458,293.529236,294.288635,0.759399,0.258713,1996,d2m,2m Dewpoint,K,native_spatial_distribution,Native grids; not paired pixelwise,,,,,,,,
366,366,279.046082,279.722290,0.676208,7.088021,6.637003,0.936369,0.071038,0.314508,278.114868,279.467407,1.352539,0.486324,286.225586,286.368042,0.142456,0.049771,288.202118,288.178345,-0.023773,-0.008249,288.745331,288.594818,-0.150513,-0.052126,289.251343,289.165894,-0.085449,-0.029542,1996,d2m,2m Dewpoint,K,temporal_spatial_mean,,366.000000,0.676223,0.788563,0.986568,0.996677,0.000000,0.993366,0.139188
24675,904930,956.761902,957.909241,1.147339,72.489967,73.952057,1.020169,0.034864,0.000000,983.916931,987.234802,3.317871,0.337210,1015.794800,1016.189514,0.394714,0.038858,1017.703308,1017.801147,0.097839,0.009614,1018.200500,1018.161499,-0.039001,-0.003830,1018.940857,1018.807556,-0.133301,-0.013082,1996,sp,Surface Pressure,hPa,native_spatial_distribution,Native grids; not paired pixelwise,,,,,,,,
366,366,955.992004,96696.156250,95740.164062,2.971057,258.111206,86.875221,1.000000,0.000000,955.989380,96689.000000,95733.007812,10014.024414,957.878418,96846.109375,95888.234375,10010.480469,959.426270,97021.062500,96061.632812,10012.403320,960.985596,97106.015625,96145.031250,10004.835938,964.149780,97381.507812,96417.359375,10000.247070,1996,sp,Surface Pressure,hPa,temporal_spatial_mean,,366.000000,95740.164062,95740.164062,95740.500000,0.971296,0.000000,0.943416,32224.392578
24675,904930,0.455426,0.337143,-0.118283,1.390437,1.441337,1.036607,0.080719,0.000000,0.591951,0.474968,-0.116984,-19.762362,1.047491,1.019235,-0.028256,-2.697499,1.872114,1.825341,-0.046773,-2.498415,2.625934,2.388373,-0.237561,-9.046722,3.688253,3.867281,0.179029,4.854020,1996,u10,10m U-Wind,m/s,native_spatial_distribution,Native grids; not paired pixelwise,,,,,,,,
366,366,0.462497,0.119056,-0.343441,0.735021,0.575177,0.782531,0.229508,0.000000,0.388688,0.063641,-0.325047,-83.626701,0.945466,0.465718,-0.479748,-50.741951,1.436914,0.879689,-0.557224,-38.779240,1.784863,1.128955,-0.655909,-36.748398,2.271381,1.724659,-0.546722,-24.070013,1996,u10,10m U-Wind,m/s,temporal_spatial_mean,,366.000000,-0.343441,0.412274,0.499089,0.875123,0.000000,0.765841,0.679013
24675,904930,-0.005888,-0.160834,-0.154946,1.474403,1.598884,1.084428,0.083436,0.000000,0.283653,0.175090,-0.108563,-38.273235,0.697356,0.604014,-0.093342,-13.385123,1.074820,1.180642,0.105822,9.845598,1.393040,1.469796,0.076755,5.509920,2.139395,2.183504,0.044108,2.061722,1996,v10,10m V-Wind,m/s,native_spatial_distribution,Native grids; not paired pixelwise,,,,,,,,
366,366,-0.003753,-0.441063,-0.437310,0.702468,0.536618,0.763904,0.336066,0.000000,0.016729,-0.471249,-0.487978,-2916.977051,0.451134,-0.122612,-0.573746,-127.178566,0.837827,0.259231,-0.578596,-69.059151,1.137524,0.483294,-0.654230,-57.513512,1.619000,0.880970,-0.738030,-45.585564,1996,v10,10m V-Wind,m/s,temporal_spatial_mean,,366.000000,-0.437310,0.529825,0.618682,0.782440,0.000000,0.612212,0.880727
24675,904924,1.107101,0.736694,-0.370407,1.042036,0.890819,0.854883,0.233520,0.000000,0.978737,0.408281,-0.570456,-58.284882,1.899256,1.106878,-0.792378,-41.720428,2.683667,2.152638,-0.531029,-19.787422,2.975115,2.580269,-0.394845,-13.271598,3.533020,3.518519,-0.014501,-0.410438,1996,lai,Leaf Area Index,Index,native_spatial_distribution,Native grids; not paired pixelwise,,,,,,,,
366,366,1.135380,0.661576,-0.473805,0.286799,0.320258,1.116661,0.655738,0.000000,1.034590,0.538958,-0.495632,-47.906143,1.417773,0.976072,-0.441701,-31.154589,1.574003,1.158591,-0.415413,-26.392111,1.598859,1.186194,-0.412665,-25.809980,1.619156,1.208158,-0.410998,-25.383459,1996,lai,Leaf Area Index,Index,temporal_spatial_mean,,366.000000,-0.473805,0.473805,0.475157,0.999109,0.000000,0.998219,1.656758
24675,904930,286.545074,286.884552,0.339478,7.180604,7.264777,1.011722,0.032513,0.000000,286.420685,287.182434,0.761749,0.265955,292.428345,292.641693,0.213348,0.072957,296.669952,296.879395,0.209442,0.070598,297.649963,297.943726,0.293762,0.098694,298.476593,298.796967,0.320374,0.107336,1997,t2m,2m Temperature,K,native_spatial_distribution,Native grids; not paired pixelwise,,,,,,,,
365,365,285.889801,285.796631,-0.093170,7.329142,6.925464,0.944922,0.065753,0.409573,285.648987,285.623657,-0.025330,-0.008867,293.273804,292.805023,-0.468781,-0.159844,295.246368,294.831116,-0.415253,-0.140646,295.652161,295.335999,-0.316162,-0.106937,296.910370,296.040161,-0.870209,-0.293088,1997,t2m,2m Temperature,K,temporal_spatial_mean,,365.000000,-0.093195,0.579216,0.709644,0.996730,0.000000,0.993471,0.096825
24675,904930,280.282257,280.512390,0.230133,7.631882,8.195448,1.073844,0.036931,0.000000,279.000793,279.388794,0.388000,0.139068,286.913788,287.802795,0.889008,0.309852,291.746429,292.580902,0.834473,0.286027,293.219604,293.991516,0.771912,0.263254,294.307465,295.017914,0.710449,0.241397,1997,d2m,2m Dewpoint,K,native_spatial_distribution,Native grids; not paired pixelwise,,,,,,,,
365,365,279.701355,280.362915,0.661560,6.660668,6.188834,0.929161,0.076712,0.233280,278.872833,279.972168,1.099335,0.394206,286.884064,286.723846,-0.160217,-0.055847,288.439026,288.312012,-0.127014,-0.044035,288.983459,288.581146,-0.402313,-0.139217,289.646271,289.078796,-0.567474,-0.195920,1997,d2m,2m Dewpoint,K,temporal_spatial_mean,,365.000000,0.661556,0.802474,0.988933,0.996146,0.000000,0.992308,0.148474
24675,904930,956.533081,957.643005,1.109924,72.100212,73.600609,1.020810,0.034744,0.000000,983.794006,987.007629,3.213623,0.326656,1015.006714,1015.390930,0.384216,0.037854,1016.965332,1017.074219,0.108887,0.010707,1017.733398,1017.633118,-0.100281,-0.009853,1018.590881,1018.398315,-0.192566,-0.018905,1997,sp,Surface Pressure,hPa,native_spatial_distribution,Native grids; not paired pixelwise,,,,,,,,
365,365,955.733398,96650.562500,95694.828125,2.969177,261.748627,88.155281,1.000000,0.000000,955.660645,96651.835938,95696.171875,10013.614258,957.697815,96814.156250,95856.460938,10009.050781,959.636780,97008.632812,96048.992188,10008.889648,960.778503,97090.710938,96129.929688,10005.420898,962.812012,97269.945312,96307.132812,10002.693359,1997,sp,Surface Pressure,hPa,temporal_spatial_mean,,365.000000,95694.835938,95694.835938,95695.187500,0.964931,0.000000,0.931092,32229.533203
24675,904930,0.560832,0.375519,-0.185313,1.368496,1.413185,1.032655,0.080900,0.000000,0.657980,0.510863,-0.147117,-22.358845,1.216910,1.068959,-0.147951,-12.157930,2.103295,1.963782,-0.139513,-6.633075,2.816936,2.517050,-0.299886,-10.645831,3.793553,3.607087,-0.186467,-4.915357,1997,u10,10m U-Wind,m/s,native_spatial_distribution,Native grids; not paired pixelwise,,,,,,,,
365,365,0.571812,0.204540,-0.367272,0.719028,0.591863,0.823142,0.287671,0.000000,0.565707,0.153812,-0.411895,-72.810646,1.047587,0.584021,-0.463566,-44.250843,1.493621,1.007848,-0.485774,-32.523228,1.807100,1.317437,-0.489664,-27.096655,2.481406,1.763875,-0.717531,-28.916319,1997,u10,10m U-Wind,m/s,temporal_spatial_mean,,365.000000,-0.367272,0.404843,0.487050,0.898773,0.000000,0.807793,0.677372
24675,904930,-0.141966,-0.252145,-0.110179,1.515456,1.641715,1.083314,0.067666,0.000000,0.140288,0.067102,-0.073185,-52.167995,0.553419,0.481639,-0.071780,-12.970288,1.059687,1.009028,-0.050660,-4.780612,1.294525,1.440277,0.145752,11.259107,1.457029,1.917612,0.460583,31.611132,1997,v10,10m V-Wind,m/s,native_spatial_distribution,Native grids; not paired pixelwise,,,,,,,,
365,365,-0.132679,-0.408980,-0.276301,0.709179,0.554758,0.782253,0.268493,0.000000,-0.072145,-0.313171,-0.241026,-334.084625,0.401184,-0.018981,-0.420165,-104.731316,0.708452,0.214416,-0.494036,-69.734596,0.864878,0.359854,-0.505024,-58.392540,1.169074,0.672497,-0.496578,-42.476135,1997,v10,10m V-Wind,m/s,temporal_spatial_mean,,365.000000,-0.276301,0.419172,0.527051,0.774295,0.000000,0.599533,0.743185
24675,904924,1.107864,0.737618,-0.370245,1.042914,0.891969,0.855266,0.233251,0.000000,0.979251,0.408680,-0.570572,-58.266132,1.900364,1.108200,-0.792164,-41.684853,2.686740,2.156048,-0.530691,-19.752243,2.978221,2.584502,-0.393719,-13.219945,3.534683,3.521620,-0.013063,-0.369565,1997,lai,Leaf Area Index,Index,native_spatial_distribution,Native grids; not paired pixelwise,,,,,,,,
365,365,1.136164,0.662387,-0.473777,0.286799,0.320321,1.116882,0.654795,0.000000,1.035601,0.541356,-0.494245,-47.725452,1.419498,0.977272,-0.442226,-31.153673,1.574005,1.158721,-0.415284,-26.383877,1.598887,1.186267,-0.412620,-25.806709,1.619166,1.208179,-0.410987,-25.382629,1997,lai,Leaf Area Index,Index,temporal_spatial_mean,,365.000000,-0.473777,0.473777,0.475133,0.999114,0.000000,0.998229,1.656675
24675,904930,287.437134,287.651062,0.213928,6.724697,6.829795,1.015629,0.024217,0.000000,287.399261,287.925812,0.526550,0.183212,293.084412,293.238037,0.153625,0.052417,296.923492,297.078796,0.155304,0.052304,297.864380,298.043488,0.179108,0.060131,298.579437,298.834961,0.255524,0.085580,1998,t2m,2m Temperature,K,native_spatial_distribution,Native grids; not paired pixelwise,,,,,,,,
365,365,286.824493,286.499878,-0.324615,7.162238,6.807450,0.950464,0.095890,0.069697,286.789917,286.674042,-0.115875,-0.040404,293.719330,293.098602,-0.620728,-0.211334,296.261658,295.501251,-0.760406,-0.256667,296.643799,295.968170,-0.675629,-0.227758,297.497559,296.539001,-0.958557,-0.322207,1998,t2m,2m Temperature,K,temporal_spatial_mean,,365.000000,-0.324604,0.542398,0.653256,0.997995,0.000000,0.995995,0.091208
24675,904930,281.189575,281.368073,0.178497,7.221856,7.822085,1.083113,0.035887,0.000000,280.436218,280.658539,0.222321,0.079277,287.049530,287.878448,0.828918,0.288772,292.004272,292.866516,0.862244,0.295285,293.310974,294.137329,0.826355,0.281733,294.314758,295.013397,0.698639,0.237378,1998,d2m,2m Dewpoint,K,native_spatial_distribution,Native grids; not paired pixelwise,,,,,,,,
365,365,280.650696,281.084900,0.434204,6.298922,5.877756,0.933137,0.076712,0.233280,280.288849,281.525879,1.237030,0.441341,287.276672,287.202454,-0.074219,-0.025835,289.225830,288.867157,-0.358673,-0.124011,289.511688,289.141937,-0.369751,-0.127715,290.081665,289.615417,-0.466248,-0.160730,1998,d2m,2m Dewpoint,K,temporal_spatial_mean,,365.000000,0.434194,0.647761,0.796543,0.996373,0.000000,0.992759,0.126457
24675,904930,956.238281,957.340454,1.102173,72.448753,73.932259,1.020477,0.035012,0.000000,983.622559,986.916443,3.293884,0.334873,1015.020081,1015.377747,0.357666,0.035237,1016.959412,1016.970703,0.011292,0.001110,1017.657776,1017.570374,-0.087402,-0.008589,1018.486816,1018.454224,-0.032593,-0.003200,1998,sp,Surface Pressure,hPa,native_spatial_distribution,Native grids; not paired pixelwise,,,,,,,,
365,365,955.474670,96638.617188,95683.140625,2.916707,252.490280,86.566910,1.000000,0.000000,955.373108,96605.421875,95650.046875,10011.800781,957.339661,96807.484375,95850.148438,10012.135742,959.557190,96989.718750,96030.164062,10007.757812,960.500549,97083.179688,96122.679688,10007.561523,962.872131,97308.914062,96346.039062,10006.109375,1998,sp,Surface Pressure,hPa,temporal_spatial_mean,,365.000000,95683.148438,95683.148438,95683.476562,0.960942,0.000000,0.923409,32805.316406
24675,904930,0.396637,0.270703,-0.125935,1.412482,1.426588,1.009987,0.054242,0.000000,0.436131,0.355130,-0.081001,-18.572536,0.992518,0.972520,-0.019998,-2.014894,1.877233,1.838594,-0.038639,-2.058312,2.730367,2.377988,-0.352379,-12.905923,4.016095,3.640304,-0.375792,-9.357138,1998,u10,10m U-Wind,m/s,native_spatial_distribution,Native grids; not paired pixelwise,,,,,,,,
365,365,0.395124,0.085960,-0.309165,0.615622,0.523923,0.851046,0.304110,0.000000,0.427345,0.030931,-0.396414,-92.762108,0.812980,0.401623,-0.411356,-50.598606,1.113999,0.813567,-0.300432,-26.968815,1.353804,1.011167,-0.342636,-25.309160,1.832216,1.417553,-0.414663,-22.631762,1998,u10,10m U-Wind,m/s,temporal_spatial_mean,,365.000000,-0.309165,0.383049,0.467096,0.822987,0.000000,0.677307,0.758738
24675,904930,-0.024304,-0.151311,-0.127007,1.547601,1.695766,1.095738,0.089929,0.000000,0.313127,0.183244,-0.129883,-41.479294,0.717129,0.648654,-0.068475,-9.548491,1.146839,1.206493,0.059655,5.201665,1.302902,1.478194,0.175292,13.453972,1.730329,2.030501,0.300172,17.347685,1998,v10,10m V-Wind,m/s,native_spatial_distribution,Native grids; not paired pixelwise,,,,,,,,
365,365,-0.021343,-0.453992,-0.432648,0.681982,0.552062,0.809496,0.342466,0.000000,0.042399,-0.441748,-0.484147,-1141.876465,0.409413,-0.085787,-0.495200,-120.953636,0.798913,0.243524,-0.555389,-69.518089,1.045376,0.434213,-0.611164,-58.463516,1.527098,0.742725,-0.784373,-51.363617,1998,v10,10m V-Wind,m/s,temporal_spatial_mean,,365.000000,-0.432648,0.505308,0.603776,0.786874,0.000000,0.619171,0.885326
24675,904924,1.107864,0.737604,-0.370259,1.042914,0.891980,0.855277,0.233251,0.000000,0.979251,0.408680,-0.570572,-58.266132,1.900364,1.108200,-0.792164,-41.684853,2.686740,2.156048,-0.530691,-19.752243,2.978221,2.584502,-0.393719,-13.219945,3.534683,3.521620,-0.013063,-0.369565,1998,lai,Leaf Area Index,Index,native_spatial_distribution,Native grids; not paired pixelwise,,,,,,,,
365,365,1.136164,0.662357,-0.473807,0.286799,0.320327,1.116905,0.654795,0.000000,1.035601,0.541354,-0.494247,-47.725643,1.419498,0.977272,-0.442226,-31.153673,1.574005,1.158685,-0.415320,-26.386187,1.598887,1.186230,-0.412657,-25.809036,1.619166,1.208140,-0.411026,-25.385050,1998,lai,Leaf Area Index,Index,temporal_spatial_mean,,365.000000,-0.473807,0.473807,0.475163,0.999115,0.000000,0.998230,1.656779
24675,904930,287.165802,287.325226,0.159424,6.683324,6.825010,1.021200,0.022199,0.000000,287.118622,287.482605,0.363983,0.126771,292.857941,292.964844,0.106903,0.036503,296.626373,296.826508,0.200134,0.067470,297.484253,297.760468,0.276215,0.092850,298.173553,298.527130,0.353577,0.118581,1999,t2m,2m Temperature,K,native_spatial_distribution,Native grids; not paired pixelwise,,,,,,,,
365,365,286.545410,286.102325,-0.443085,6.760010,6.428192,0.950915,0.093151,0.084223,286.409821,285.936401,-0.473419,-0.165294,292.881409,292.090759,-0.790649,-0.269955,295.474854,294.570740,-0.904114,-0.305987,295.875671,295.275116,-0.600555,-0.202976,297.369598,296.040894,-1.328705,-0.446819,1999,t2m,2m Temperature,K,temporal_spatial_mean,,365.000000,-0.443100,0.579878,0.687419,0.998089,0.000000,0.996181,0.101689
24675,904930,280.236664,280.372742,0.136078,7.422132,8.061185,1.086101,0.038943,0.000000,279.196930,279.439758,0.242828,0.086974,286.247925,287.024475,0.776550,0.271286,291.448151,292.354309,0.906158,0.310916,292.755432,293.635742,0.880310,0.300698,293.650970,294.462616,0.811646,0.276398,1999,d2m,2m Dewpoint,K,native_spatial_distribution,Native grids; not paired pixelwise,,,,,,,,
365,365,279.726959,280.277374,0.550415,6.410324,5.917678,0.923148,0.082192,0.169891,279.250488,280.216553,0.966064,0.345949,285.591919,285.846344,0.254425,0.089087,288.557617,288.166290,-0.391327,-0.135615,289.212067,288.591553,-0.620514,-0.214553,289.838562,289.198395,-0.640167,-0.220870,1999,d2m,2m Dewpoint,K,temporal_spatial_mean,,365.000000,0.550413,0.753579,0.902222,0.996463,0.000000,0.992938,0.140745
24675,904930,957.351807,958.498535,1.146729,72.334778,73.803169,1.020300,0.034114,0.000000,984.764587,988.061707,3.297119,0.334813,1016.291199,1016.541260,0.250061,0.024605,1017.880188,1018.014160,0.133972,0.013162,1018.473145,1018.490662,0.017517,0.001720,1019.575439,1019.654419,0.078979,0.007746,1999,sp,Surface Pressure,hPa,native_spatial_distribution,Native grids; not paired pixelwise,,,,,,,,
365,365,956.532532,96733.585938,95777.054688,2.675220,233.384979,87.239532,1.000000,0.000000,956.322571,96711.312500,95754.992188,10012.833984,958.356262,96897.234375,95938.875000,10010.774414,959.933777,97036.421875,96076.484375,10008.657227,960.796143,97105.156250,96144.359375,10006.738281,964.368530,97423.000000,96458.632812,10002.257812,1999,sp,Surface Pressure,hPa,temporal_spatial_mean,,365.000000,95777.062500,95777.062500,95777.343750,0.966924,0.000000,0.934943,35801.664062
24675,904930,0.427063,0.267766,-0.159297,1.422374,1.454985,1.022927,0.077252,0.000000,0.565125,0.409625,-0.155501,-27.516109,1.121816,1.007164,-0.114652,-10.220205,1.927933,1.849172,-0.078760,-4.085207,2.543002,2.291818,-0.251184,-9.877478,3.877994,3.710756,-0.167238,-4.312493,1999,u10,10m U-Wind,m/s,native_spatial_distribution,Native grids; not paired pixelwise,,,,,,,,
365,365,0.445612,0.152466,-0.293146,0.682046,0.532819,0.781207,0.221918,0.000000,0.368373,0.099998,-0.268374,-72.854050,0.883424,0.484878,-0.398545,-45.113731,1.306905,0.895073,-0.411831,-31.511957,1.561215,1.067122,-0.494092,-31.647938,2.131713,1.474841,-0.656872,-30.814281,1999,u10,10m U-Wind,m/s,temporal_spatial_mean,,365.000000,-0.293146,0.362235,0.437603,0.885400,0.000000,0.783933,0.641603
24675,904930,-0.104790,-0.264396,-0.159605,1.596575,1.722084,1.078612,0.089638,0.000000,0.283557,0.178532,-0.105025,-37.038361,0.576757,0.527526,-0.049231,-8.535895,0.953591,0.984588,0.030998,3.250654,1.279974,1.261443,-0.018531,-1.447770,1.912863,2.011880,0.099017,5.176386,1999,v10,10m V-Wind,m/s,native_spatial_distribution,Native grids; not paired pixelwise,,,,,,,,
365,365,-0.081072,-0.502773,-0.421701,0.691886,0.519939,0.751481,0.304110,0.000000,-0.082433,-0.497173,-0.414740,-503.124908,0.379159,-0.134267,-0.513427,-135.411850,0.812595,0.153379,-0.659216,-81.124756,0.979589,0.355391,-0.624198,-63.720390,1.309860,0.528210,-0.781649,-59.674282,1999,v10,10m V-Wind,m/s,temporal_spatial_mean,,365.000000,-0.421701,0.501875,0.603614,0.781851,0.000000,0.611290,0.872419
24675,904924,1.107864,0.737606,-0.370258,1.042914,0.891979,0.855276,0.233251,0.000000,0.979251,0.408680,-0.570572,-58.266132,1.900364,1.108200,-0.792164,-41.684853,2.686740,2.156048,-0.530691,-19.752243,2.978221,2.584502,-0.393719,-13.219945,3.534683,3.521620,-0.013063,-0.369565,1999,lai,Leaf Area Index,Index,native_spatial_distribution,Native grids; not paired pixelwise,,,,,,,,
365,365,1.136164,0.662359,-0.473805,0.286799,0.320321,1.116883,0.654795,0.000000,1.035601,0.541340,-0.494261,-47.726978,1.419498,0.977272,-0.442226,-31.153673,1.574005,1.158668,-0.415337,-26.387278,1.598887,1.186211,-0.412676,-25.810190,1.619166,1.208136,-0.411030,-25.385286,1999,lai,Leaf Area Index,Index,temporal_spatial_mean,,365.000000,-0.473805,0.473805,0.475161,0.999114,0.000000,0.998229,1.656772
24675,904930,286.852203,287.013947,0.161743,6.993359,7.132497,1.019896,0.023466,0.000000,286.979675,287.494751,0.515076,0.179482,292.672485,292.676758,0.004272,0.001460,296.577942,296.708984,0.131042,0.044185,297.454590,297.680298,0.225708,0.075880,298.178223,298.452484,0.274261,0.091979,2000,t2m,2m Temperature,K,native_spatial_distribution,Native grids; not paired pixelwise,,,,,,,,
366,366,286.180756,285.742310,-0.438446,7.372370,6.885689,0.933986,0.079235,0.200906,286.825012,286.374939,-0.450073,-0.156916,293.281494,292.422516,-0.858978,-0.292885,295.645142,294.638702,-1.006439,-0.340421,296.441956,295.595703,-0.846252,-0.285470,296.963165,295.928558,-1.034607,-0.348396,2000,t2m,2m Temperature,K,temporal_spatial_mean,,366.000000,-0.438443,0.799538,0.909931,0.996071,0.000000,0.992158,0.123424
24675,904930,280.132355,280.276611,0.144257,7.541348,8.111180,1.075561,0.037671,0.000000,279.213104,279.327454,0.114349,0.040954,286.556824,287.448975,0.892151,0.311335,291.396271,292.228607,0.832336,0.285637,292.817596,293.604218,0.786621,0.268639,293.726318,294.455292,0.728973,0.248181,2000,d2m,2m Dewpoint,K,native_spatial_distribution,Native grids; not paired pixelwise,,,,,,,,
366,366,279.563141,280.080566,0.517426,6.491567,6.022231,0.927701,0.062842,0.465688,279.291260,280.462372,1.171112,0.419316,285.874756,286.088257,0.213501,0.074683,288.002502,287.782349,-0.220154,-0.076442,288.582764,288.259033,-0.323730,-0.112179,289.451965,289.083649,-0.368317,-0.127246,2000,d2m,2m Dewpoint,K,temporal_spatial_mean,,366.000000,0.517421,0.676743,0.888539,0.996144,0.000000,0.992303,0.136876
24675,904930,957.561157,958.686829,1.125671,72.460472,73.934723,1.020346,0.034121,0.000000,985.136169,988.394775,3.258606,0.330777,1016.436584,1016.803528,0.366943,0.036101,1018.236572,1018.348755,0.112183,0.011017,1018.575012,1018.658142,0.083130,0.008161,1019.012024,1018.957764,-0.054260,-0.005325,2000,sp,Surface Pressure,hPa,native_spatial_distribution,Native grids; not paired pixelwise,,,,,,,,
366,366,956.773560,96762.820312,95806.046875,2.946078,251.839722,85.483047,1.000000,0.000000,956.722168,96754.890625,95798.171875,10013.165039,958.637756,96910.640625,95952.000000,10009.203125,960.599792,97098.640625,96138.039062,10008.125977,962.273804,97221.367188,96259.093750,10003.294922,963.990234,97326.289062,96362.296875,9996.190430,2000,sp,Surface Pressure,hPa,temporal_spatial_mean,,366.000000,95806.046875,95806.046875,95806.367188,0.978389,0.000000,0.957245,32519.968750
24675,904930,0.446699,0.321030,-0.125669,1.381578,1.440741,1.042822,0.074079,0.000000,0.595880,0.465400,-0.130480,-21.897078,1.081537,1.020629,-0.060908,-5.631632,1.960797,1.929907,-0.030890,-1.575385,2.627409,2.452897,-0.174512,-6.641995,3.583150,3.587376,0.004225,0.117920,2000,u10,10m U-Wind,m/s,native_spatial_distribution,Native grids; not paired pixelwise,,,,,,,,
366,366,0.462705,0.136640,-0.326065,0.651692,0.469740,0.720800,0.284153,0.000000,0.431021,0.084158,-0.346863,-80.474808,0.892726,0.409609,-0.483118,-54.117119,1.325970,0.795795,-0.530175,-39.983944,1.654822,1.023839,-0.630983,-38.129951,1.878794,1.416405,-0.462389,-24.610949,2000,u10,10m U-Wind,m/s,temporal_spatial_mean,,366.000000,-0.326065,0.380520,0.466900,0.871669,0.000000,0.759806,0.716444
24675,904930,-0.080723,-0.215978,-0.135255,1.468374,1.577011,1.073984,0.065006,0.000000,0.200052,0.118219,-0.081833,-40.905922,0.558084,0.515668,-0.042416,-7.600246,1.020152,1.070773,0.050620,4.962023,1.439639,1.394476,-0.045163,-3.137107,2.246399,2.254445,0.008046,0.358169,2000,v10,10m V-Wind,m/s,native_spatial_distribution,Native grids; not paired pixelwise,,,,,,,,
366,366,-0.069514,-0.462615,-0.393100,0.729165,0.522675,0.716813,0.338798,0.000000,-0.034479,-0.396669,-0.362190,-1050.467773,0.492592,-0.123558,-0.616150,-125.083168,0.804424,0.160736,-0.643689,-80.018524,0.984550,0.283530,-0.701021,-71.202126,1.205652,0.633660,-0.571992,-47.442509,2000,v10,10m V-Wind,m/s,temporal_spatial_mean,,366.000000,-0.393100,0.499607,0.587829,0.805339,0.000000,0.648571,0.806167
24675,904924,1.107101,0.736666,-0.370435,1.042036,0.890843,0.854906,0.233520,0.000000,0.978737,0.408281,-0.570456,-58.284882,1.899256,1.106878,-0.792378,-41.720428,2.683667,2.152638,-0.531029,-19.787422,2.975115,2.580269,-0.394845,-13.271598,3.533020,3.518519,-0.014501,-0.410438,2000,lai,Leaf Area Index,Index,native_spatial_distribution,Native grids; not paired pixelwise,,,,,,,,
366,366,1.135380,0.661548,-0.473832,0.286799,0.320283,1.116750,0.655738,0.000000,1.034590,0.538941,-0.495649,-47.907791,1.417773,0.976069,-0.441704,-31.154757,1.574003,1.158607,-0.415396,-26.391064,1.598859,1.186192,-0.412667,-25.810081,1.619156,1.208166,-0.410989,-25.382944,2000,lai,Leaf Area Index,Index,temporal_spatial_mean,,366.000000,-0.473832,0.473832,0.475186,0.999111,0.000000,0.998223,1.656858
24675,904930,287.132446,287.322632,0.190186,6.612633,6.698913,1.013048,0.027606,0.000000,287.152924,287.530212,0.377289,0.131390,292.475464,292.589264,0.113800,0.038909,296.545258,296.687714,0.142456,0.048039,297.433685,297.640167,0.206482,0.069421,298.224365,298.486511,0.262146,0.087902,2001,t2m,2m Temperature,K,native_spatial_distribution,Native grids; not paired pixelwise,,,,,,,,
365,365,286.519684,286.170197,-0.349487,7.267441,6.711185,0.923459,0.112329,0.019926,286.895721,286.496368,-0.399353,-0.139198,293.295746,292.560089,-0.735657,-0.250824,295.798920,295.036346,-0.762573,-0.257801,296.303101,295.446320,-0.856781,-0.289157,297.320984,296.273804,-1.047180,-0.352205,2001,t2m,2m Temperature,K,temporal_spatial_mean,,365.000000,-0.349517,0.695927,0.814875,0.997617,0.000000,0.995240,0.112127
24675,904930,280.523621,280.666229,0.142609,7.365652,7.943956,1.078514,0.034119,0.000000,279.725708,279.912231,0.186523,0.066681,286.561218,287.422485,0.861267,0.300553,291.471619,292.262939,0.791321,0.271492,292.875916,293.638733,0.762817,0.260458,293.832275,294.581177,0.748901,0.254874,2001,d2m,2m Dewpoint,K,native_spatial_distribution,Native grids; not paired pixelwise,,,,,,,,
365,365,279.997345,280.518372,0.521027,6.253272,5.814005,0.929754,0.076712,0.233280,279.762207,280.559143,0.796936,0.284862,285.891968,286.120300,0.228333,0.079867,288.405365,288.285004,-0.120361,-0.041733,289.200562,288.836304,-0.364258,-0.125953,289.860260,289.569183,-0.291077,-0.100420,2001,d2m,2m Dewpoint,K,temporal_spatial_mean,,365.000000,0.521018,0.660827,0.864268,0.996114,0.000000,0.992243,0.138210
24675,904930,957.477600,958.610901,1.133301,72.500603,73.975266,1.020340,0.033185,0.000000,984.945801,988.268921,3.323120,0.337391,1016.457153,1016.774658,0.317505,0.031236,1018.310364,1018.416931,0.106567,0.010465,1018.709900,1018.851257,0.141357,0.013876,1019.251831,1019.269165,0.017334,0.001701,2001,sp,Surface Pressure,hPa,native_spatial_distribution,Native grids; not paired pixelwise,,,,,,,,
365,365,956.657349,96741.070312,95784.414062,2.702021,228.051697,84.400429,1.000000,0.000000,956.715576,96738.359375,95781.640625,10011.505859,958.447815,96902.679688,95944.234375,10010.375977,959.936157,97027.750000,96067.812500,10007.729492,960.859497,97094.843750,96133.984375,10004.999023,963.539429,97283.000000,96319.460938,9996.420898,2001,sp,Surface Pressure,hPa,temporal_spatial_mean,,365.000000,95784.406250,95784.406250,95784.679688,0.961429,0.000000,0.924345,35449.277344
24675,904930,0.407491,0.255024,-0.152467,1.462723,1.510050,1.032355,0.091688,0.000000,0.622728,0.463134,-0.159594,-25.628202,1.120739,1.022743,-0.097997,-8.743934,2.012532,1.921303,-0.091229,-4.533040,2.606541,2.409163,-0.197378,-7.572425,3.560738,3.450269,-0.110470,-3.102441,2001,u10,10m U-Wind,m/s,native_spatial_distribution,Native grids; not paired pixelwise,,,,,,,,
365,365,0.426910,0.096707,-0.330204,0.673530,0.511798,0.759875,0.282192,0.000000,0.398407,0.034100,-0.364307,-91.440895,0.873167,0.407563,-0.465604,-53.323639,1.260506,0.793439,-0.467067,-37.053955,1.590003,1.080281,-0.509722,-32.057957,2.190590,1.437644,-0.752946,-34.371834,2001,u10,10m U-Wind,m/s,temporal_spatial_mean,,365.000000,-0.330204,0.397578,0.471678,0.873389,0.000000,0.762809,0.700307
24675,904930,-0.041203,-0.192127,-0.150924,1.462403,1.570849,1.074156,0.088055,0.000000,0.251863,0.183955,-0.067908,-26.962162,0.623846,0.583777,-0.040069,-6.422878,1.002520,1.035948,0.033428,3.334357,1.385423,1.365967,-0.019456,-1.404355,1.974583,1.980323,0.005740,0.290685,2001,v10,10m V-Wind,m/s,native_spatial_distribution,Native grids; not paired pixelwise,,,,,,,,
365,365,-0.025128,-0.433149,-0.408021,0.665675,0.498105,0.748271,0.347945,0.000000,0.040252,-0.385285,-0.425537,-1057.179688,0.495590,-0.112550,-0.608140,-122.710205,0.836073,0.179088,-0.656985,-78.579849,0.960992,0.333671,-0.627321,-65.278511,1.138509,0.651918,-0.486591,-42.739334,2001,v10,10m V-Wind,m/s,temporal_spatial_mean,,365.000000,-0.408021,0.528505,0.624562,0.705171,0.000000,0.497266,0.938238
24675,904924,1.107864,0.737608,-0.370256,1.042914,0.891977,0.855274,0.233251,0.000000,0.979251,0.408680,-0.570572,-58.266132,1.900364,1.108200,-0.792164,-41.684853,2.686740,2.156048,-0.530691,-19.752243,2.978221,2.584502,-0.393719,-13.219945,3.534683,3.521620,-0.013063,-0.369565,2001,lai,Leaf Area Index,Index,native_spatial_distribution,Native grids; not paired pixelwise,,,,,,,,
365,365,1.136164,0.662359,-0.473805,0.286799,0.320325,1.116896,0.654795,0.000000,1.035601,0.541342,-0.494259,-47.726807,1.419498,0.977272,-0.442226,-31.153673,1.574005,1.158675,-0.415330,-26.386803,1.598887,1.186211,-0.412676,-25.810190,1.619166,1.208136,-0.411030,-25.385286,2001,lai,Leaf Area Index,Index,temporal_spatial_mean,,365.000000,-0.473805,0.473805,0.475161,0.999115,0.000000,0.998230,1.656772
24675,904930,286.947876,287.053375,0.105499,6.995508,7.143543,1.021162,0.019685,0.000000,287.123108,287.371460,0.248352,0.086497,292.615723,292.732544,0.116821,0.039923,296.759308,296.881531,0.122223,0.041186,297.678040,297.972321,0.294281,0.098859,298.503998,298.814026,0.310028,0.103861,2002,t2m,2m Temperature,K,native_spatial_distribution,Native grids; not paired pixelwise,,,,,,,,
365,365,286.260345,285.717499,-0.542847,7.280480,6.876647,0.944532,0.136986,0.002095,285.834381,285.637512,-0.196869,-0.068875,293.596405,292.465424,-1.130981,-0.385216,296.165253,295.145508,-1.019745,-0.344316,296.693054,295.456604,-1.236450,-0.416744,297.088135,295.851166,-1.236969,-0.416364,2002,t2m,2m Temperature,K,temporal_spatial_mean,,365.000000,-0.542860,0.783809,0.920453,0.996111,0.000000,0.992236,0.126428
24675,904930,280.098389,280.246643,0.148254,7.934390,8.541958,1.076574,0.040897,0.000000,279.362000,279.618439,0.256439,0.091795,286.474548,287.325165,0.850616,0.296926,291.908142,292.722900,0.814758,0.279115,293.299408,294.067322,0.767914,0.261819,294.282623,294.968628,0.686005,0.233111,2002,d2m,2m Dewpoint,K,native_spatial_distribution,Native grids; not paired pixelwise,,,,,,,,
365,365,279.528564,279.990204,0.461639,6.581989,6.202662,0.942369,0.071233,0.312940,279.168732,279.898132,0.729401,0.261276,286.074249,286.387512,0.313263,0.109504,288.245331,288.205292,-0.040039,-0.013891,288.914246,288.570007,-0.344238,-0.119149,289.741058,289.288300,-0.452759,-0.156263,2002,d2m,2m Dewpoint,K,temporal_spatial_mean,,365.000000,0.461629,0.653793,0.815830,0.996221,0.000000,0.992456,0.123949
24675,904930,957.430298,958.561218,1.130920,72.427238,73.909523,1.020466,0.033523,0.000000,984.850952,988.149414,3.298462,0.334920,1016.261719,1016.583130,0.321411,0.031627,1018.273499,1018.376404,0.102905,0.010106,1018.724426,1018.775574,0.051147,0.005021,1019.337463,1019.283752,-0.053711,-0.005269,2002,sp,Surface Pressure,hPa,native_spatial_distribution,Native grids; not paired pixelwise,,,,,,,,
365,365,956.614563,96744.007812,95787.390625,2.603900,242.958969,93.305809,1.000000,0.000000,956.489136,96743.125000,95786.632812,10014.398438,958.344788,96905.031250,95946.687500,10011.708984,960.147766,97070.234375,96110.085938,10009.926758,960.977295,97137.664062,96176.687500,10008.216797,962.097595,97300.312500,96338.218750,10013.352539,2002,sp,Surface Pressure,hPa,temporal_spatial_mean,,365.000000,95787.398438,95787.398438,95787.703125,0.960520,0.000000,0.922598,36786.250000
24675,904930,0.462456,0.261747,-0.200709,1.428543,1.487290,1.041124,0.102437,0.000000,0.674480,0.474737,-0.199743,-29.614380,1.225846,1.061178,-0.164668,-13.432986,2.020227,1.900523,-0.119704,-5.925292,2.585757,2.288430,-0.297327,-11.498644,3.536492,3.502631,-0.033861,-0.957465,2002,u10,10m U-Wind,m/s,native_spatial_distribution,Native grids; not paired pixelwise,,,,,,,,
365,365,0.488257,0.096946,-0.391311,0.750530,0.601424,0.801332,0.295890,0.000000,0.446336,0.030403,-0.415933,-93.188347,0.970645,0.414434,-0.556211,-57.303219,1.434215,0.894031,-0.540184,-37.664082,1.872905,1.217410,-0.655495,-34.998840,2.421717,1.686996,-0.734721,-30.338850,2002,u10,10m U-Wind,m/s,temporal_spatial_mean,,365.000000,-0.391310,0.431695,0.510717,0.905319,0.000000,0.819603,0.680475
24675,904930,-0.037586,-0.201328,-0.163741,1.491627,1.601466,1.073637,0.081580,0.000000,0.296974,0.203346,-0.093628,-31.527451,0.662671,0.586366,-0.076304,-11.514686,0.954674,0.960020,0.005345,0.559913,1.166826,1.177758,0.010933,0.936970,1.683250,1.749785,0.066535,3.952755,2002,v10,10m V-Wind,m/s,native_spatial_distribution,Native grids; not paired pixelwise,,,,,,,,
365,365,-0.028703,-0.469263,-0.440560,0.685751,0.557966,0.813657,0.301370,0.000000,-0.036403,-0.478172,-0.441768,-1213.542358,0.460302,-0.056136,-0.516438,-112.195389,0.828442,0.220966,-0.607476,-73.327469,1.043692,0.426126,-0.617567,-59.171329,1.566185,0.825981,-0.740204,-47.261597,2002,v10,10m V-Wind,m/s,temporal_spatial_mean,,365.000000,-0.440560,0.547634,0.647777,0.726635,0.000000,0.527998,0.944625
24675,904924,1.107864,0.737605,-0.370259,1.042914,0.891980,0.855277,0.233251,0.000000,0.979251,0.408680,-0.570572,-58.266132,1.900364,1.108200,-0.792164,-41.684853,2.686740,2.156048,-0.530691,-19.752243,2.978221,2.584502,-0.393719,-13.219945,3.534683,3.521620,-0.013063,-0.369565,2002,lai,Leaf Area Index,Index,native_spatial_distribution,Native grids; not paired pixelwise,,,,,,,,
365,365,1.136164,0.662370,-0.473795,0.286799,0.320328,1.116906,0.654795,0.000000,1.035601,0.541334,-0.494267,-47.727543,1.419498,0.977272,-0.442226,-31.153673,1.574005,1.158698,-0.415307,-26.385347,1.598887,1.186241,-0.412646,-25.808319,1.619166,1.208155,-0.411011,-25.384138,2002,lai,Leaf Area Index,Index,temporal_spatial_mean,,365.000000,-0.473795,0.473795,0.475151,0.999115,0.000000,0.998231,1.656737
24675,904930,286.959747,287.103851,0.144104,6.969878,7.168199,1.028454,0.022866,0.000000,287.030670,287.508057,0.477386,0.166319,292.587677,292.722870,0.135193,0.046206,296.706299,296.847290,0.140991,0.047519,297.634247,297.874878,0.240631,0.080848,298.496979,298.796478,0.299500,0.100336,2003,t2m,2m Temperature,K,native_spatial_distribution,Native grids; not paired pixelwise,,,,,,,,
365,365,286.299500,285.922974,-0.376526,7.495200,7.111936,0.948865,0.109589,0.024892,286.686127,286.230377,-0.455750,-0.158972,293.189331,292.584167,-0.605164,-0.206407,296.455048,295.677612,-0.777435,-0.262244,296.826447,295.945038,-0.881409,-0.296944,297.227020,296.365509,-0.861511,-0.289850,2003,t2m,2m Temperature,K,temporal_spatial_mean,,365.000000,-0.376550,0.623872,0.731181,0.997693,0.000000,0.995391,0.097553
24675,904930,280.263672,280.475891,0.212219,7.743146,8.289810,1.070600,0.038231,0.000000,279.301208,279.356628,0.055420,0.019842,286.779633,287.718231,0.938599,0.327289,291.837006,292.641937,0.804932,0.275815,293.182007,293.960236,0.778229,0.265442,294.178650,294.864136,0.685486,0.233017,2003,d2m,2m Dewpoint,K,native_spatial_distribution,Native grids; not paired pixelwise,,,,,,,,
365,365,279.692017,280.276489,0.584473,6.696824,6.321969,0.944025,0.079452,0.199648,279.741089,280.521851,0.780762,0.279102,286.081818,286.270538,0.188721,0.065967,288.598816,288.286560,-0.312256,-0.108197,289.271454,289.093018,-0.178436,-0.061685,289.741882,289.527466,-0.214417,-0.074003,2003,d2m,2m Dewpoint,K,temporal_spatial_mean,,365.000000,0.584491,0.721832,0.903516,0.996053,0.000000,0.992122,0.134917
24675,904930,956.860657,957.978516,1.117859,72.209442,73.683853,1.020419,0.033915,0.000000,984.069275,987.321472,3.252197,0.330485,1015.715576,1016.018921,0.303345,0.029865,1017.315063,1017.423462,0.108398,0.010655,1017.879578,1017.864014,-0.015564,-0.001529,1018.569336,1018.499268,-0.070068,-0.006879,2003,sp,Surface Pressure,hPa,native_spatial_distribution,Native grids; not paired pixelwise,,,,,,,,
365,365,956.064209,96687.296875,95731.234375,2.713036,230.361923,84.909264,1.000000,0.000000,956.090149,96686.929688,95730.835938,10012.742188,957.614685,96835.570312,95877.953125,10012.164062,959.801514,96997.976562,96038.171875,10006.044922,960.959106,97092.484375,96131.523438,10003.706055,962.393677,97218.265625,96255.875000,10001.715820,2003,sp,Surface Pressure,hPa,temporal_spatial_mean,,365.000000,95731.242188,95731.242188,95731.507812,0.964293,0.000000,0.929860,35285.746094
24675,904930,0.471435,0.314519,-0.156916,1.306206,1.365752,1.045587,0.096506,0.000000,0.611711,0.452090,-0.159622,-26.094290,1.067401,1.006073,-0.061328,-5.745559,1.904348,1.761283,-0.143065,-7.512546,2.575777,2.260091,-0.315686,-12.255970,3.474355,3.494308,0.019953,0.574294,2003,u10,10m U-Wind,m/s,native_spatial_distribution,Native grids; not paired pixelwise,,,,,,,,
365,365,0.486574,0.164594,-0.321980,0.721552,0.592285,0.820850,0.210959,0.000000,0.422526,0.104103,-0.318424,-75.361847,0.938745,0.541043,-0.397702,-42.365307,1.418402,0.920573,-0.497829,-35.097900,1.704962,1.254094,-0.450868,-26.444454,2.526448,1.725451,-0.800996,-31.704445,2003,u10,10m U-Wind,m/s,temporal_spatial_mean,,365.000000,-0.321980,0.387360,0.468174,0.884401,0.000000,0.782165,0.648843
24675,904930,-0.028842,-0.163124,-0.134282,1.409017,1.538272,1.091734,0.087546,0.000000,0.240357,0.152493,-0.087865,-36.555885,0.615758,0.536240,-0.079518,-12.913851,1.009502,1.041905,0.032403,3.209824,1.260433,1.407020,0.146587,11.629886,1.582527,1.943800,0.361272,22.828812,2003,v10,10m V-Wind,m/s,native_spatial_distribution,Native grids; not paired pixelwise,,,,,,,,
365,365,-0.018616,-0.384429,-0.365813,0.676658,0.524326,0.774876,0.282192,0.000000,0.011479,-0.350381,-0.361860,-3152.447021,0.465627,-0.012823,-0.478450,-102.753891,0.862382,0.199693,-0.662689,-76.844070,1.010164,0.416293,-0.593871,-58.789589,1.211762,0.821388,-0.390374,-32.215385,2003,v10,10m V-Wind,m/s,temporal_spatial_mean,,365.000000,-0.365813,0.486071,0.579823,0.747497,0.000000,0.558752,0.856892
24675,904924,1.107864,0.737627,-0.370237,1.042914,0.891961,0.855259,0.233251,0.000000,0.979251,0.408680,-0.570572,-58.266132,1.900364,1.108200,-0.792164,-41.684853,2.686740,2.156048,-0.530691,-19.752243,2.978221,2.584502,-0.393719,-13.219945,3.534683,3.521620,-0.013063,-0.369565,2003,lai,Leaf Area Index,Index,native_spatial_distribution,Native grids; not paired pixelwise,,,,,,,,
365,365,1.136164,0.662387,-0.473777,0.286799,0.320314,1.116857,0.654795,0.000000,1.035601,0.541349,-0.494251,-47.726040,1.419498,0.977272,-0.442226,-31.153673,1.574005,1.158704,-0.415301,-26.384998,1.598887,1.186250,-0.412637,-25.807766,1.619166,1.208165,-0.411001,-25.383484,2003,lai,Leaf Area Index,Index,temporal_spatial_mean,,365.000000,-0.473777,0.473777,0.475132,0.999113,0.000000,0.998227,1.656673
24675,904930,286.803192,287.311829,0.508636,6.971154,6.970448,0.999899,0.043528,0.000000,287.015656,287.706696,0.691040,0.240767,292.402313,292.797516,0.395203,0.135157,296.499237,296.841034,0.341797,0.115277,297.400726,297.714508,0.313782,0.105508,298.206451,298.542328,0.335876,0.112632,2004,t2m,2m Temperature,K,native_spatial_distribution,Native grids; not paired pixelwise,,,,,,,,
366,338,286.129700,286.039124,-0.090576,7.192922,6.868801,0.954939,0.075678,0.249348,286.755829,286.812927,0.057098,0.019912,293.270325,292.388184,-0.882141,-0.300795,294.696991,294.105774,-0.591217,-0.200619,295.586212,294.821960,-0.764252,-0.258555,296.754425,295.731506,-1.022919,-0.344702,2004,t2m,2m Temperature,K,temporal_spatial_mean,,338.000000,-0.482307,0.709187,0.829061,0.997200,0.000000,0.994408,0.113781
24675,904930,280.328674,281.050598,0.721924,7.513839,7.904381,1.051976,0.054672,0.000000,279.651733,280.404663,0.752930,0.269238,286.667053,287.828369,1.161316,0.405110,291.353302,292.423279,1.069977,0.367244,292.635406,293.636780,1.001373,0.342191,293.599274,294.518951,0.919678,0.313243,2004,d2m,2m Dewpoint,K,native_spatial_distribution,Native grids; not paired pixelwise,,,,,,,,
366,338,279.759186,280.684021,0.924835,6.474564,6.252452,0.965695,0.074935,0.259504,279.773682,281.616882,1.843201,0.658818,285.817444,286.300110,0.482666,0.168872,287.727600,288.149536,0.421936,0.146644,288.555725,288.775787,0.220062,0.076263,289.600983,289.441345,-0.159637,-0.055123,2004,d2m,2m Dewpoint,K,temporal_spatial_mean,,338.000000,0.633326,0.716297,0.878695,0.996715,0.000000,0.993440,0.133735
24675,904930,957.591431,958.628540,1.037109,72.475868,73.959099,1.020465,0.034123,0.000000,985.182190,988.448303,3.266113,0.331524,1016.426147,1016.618225,0.192078,0.018897,1018.271484,1018.294556,0.023071,0.002266,1018.726807,1018.785461,0.058655,0.005758,1019.252014,1019.249634,-0.002380,-0.000234,2004,sp,Surface Pressure,hPa,native_spatial_distribution,Native grids; not paired pixelwise,,,,,,,,
366,338,956.802673,96758.984375,95802.179688,2.864314,244.337570,85.304054,1.000000,0.000000,956.801636,96767.726562,95810.921875,10013.666016,958.823364,96933.726562,95974.906250,10009.655273,960.318481,97054.867188,96094.546875,10006.529297,961.409180,97150.320312,96188.914062,10004.992188,963.779846,97347.335938,96383.554688,10000.577148,2004,sp,Surface Pressure,hPa,temporal_spatial_mean,,338.000000,95802.226562,95802.226562,95802.531250,0.972849,0.000000,0.946436,33875.214844
24675,904930,0.421287,0.245986,-0.175301,1.377267,1.436653,1.043119,0.090871,0.000000,0.588833,0.431488,-0.157344,-26.721407,1.079545,0.971431,-0.108114,-10.014751,1.836241,1.813478,-0.022763,-1.239647,2.600259,2.347589,-0.252669,-9.717084,3.512566,3.311097,-0.201469,-5.735663,2004,u10,10m U-Wind,m/s,native_spatial_distribution,Native grids; not paired pixelwise,,,,,,,,
366,338,0.439963,0.061406,-0.378557,0.718752,0.554883,0.772008,0.242911,0.000000,0.367515,-0.008806,-0.376322,-102.396194,0.905676,0.412633,-0.493043,-54.439259,1.433303,0.840473,-0.592830,-41.361080,1.732128,1.076117,-0.656011,-37.873119,2.139066,1.494155,-0.644911,-30.149178,2004,u10,10m U-Wind,m/s,temporal_spatial_mean,,338.000000,-0.366022,0.430652,0.508369,0.872290,0.000000,0.760890,0.716507
24675,904930,-0.098508,-0.203396,-0.104889,1.443431,1.566774,1.085451,0.076305,0.000000,0.232536,0.146475,-0.086061,-37.009716,0.533003,0.547257,0.014254,2.674367,0.921931,1.034209,0.112278,12.178562,1.216453,1.308515,0.092062,7.568078,1.814887,2.012990,0.198103,10.915446,2004,v10,10m V-Wind,m/s,native_spatial_distribution,Native grids; not paired pixelwise,,,,,,,,
366,338,-0.087208,-0.498872,-0.411664,0.711255,0.538137,0.756601,0.334578,0.000000,-0.013906,-0.499917,-0.486010,-3494.856689,0.455431,-0.157980,-0.613412,-134.688065,0.832149,0.176587,-0.655562,-78.779381,0.999512,0.363417,-0.636095,-63.640537,1.339318,0.791640,-0.547678,-40.892311,2004,v10,10m V-Wind,m/s,temporal_spatial_mean,,338.000000,-0.431793,0.536170,0.634963,0.764731,0.000000,0.584814,0.879240
24675,904924,1.107101,0.764015,-0.343086,1.042036,0.923962,0.886689,0.221661,0.000000,0.978737,0.419850,-0.558887,-57.102879,1.899256,1.144608,-0.754648,-39.733879,2.683667,2.246401,-0.437266,-16.293606,2.975115,2.697013,-0.278101,-9.347579,3.533020,3.614816,0.081796,2.315178,2004,lai,Leaf Area Index,Index,native_spatial_distribution,Native grids; not paired pixelwise,,,,,,,,
366,338,1.135380,0.684772,-0.450608,0.286799,0.322241,1.123578,0.627219,0.000000,1.034590,0.602663,-0.431927,-41.748650,1.417773,1.008410,-0.409364,-28.873695,1.574003,1.162887,-0.411116,-26.119141,1.598859,1.187591,-0.411268,-25.722572,1.619156,1.208711,-0.410445,-25.349327,2004,lai,Leaf Area Index,Index,temporal_spatial_mean,,338.000000,-0.470505,0.470505,0.471826,0.999126,0.000000,0.998252,1.630582
24675,904930,287.212311,288.030243,0.817932,6.754102,6.647106,0.984158,0.056625,0.000000,287.385681,288.289703,0.904022,0.314568,292.762299,293.402527,0.640228,0.218685,296.726349,297.251007,0.524658,0.176816,297.563171,298.102448,0.539276,0.181231,298.243683,298.811798,0.568115,0.190487,2005,t2m,2m Temperature,K,native_spatial_distribution,Native grids; not paired pixelwise,,,,,,,,
365,333,286.571136,286.880157,0.309021,7.377392,6.759727,0.916276,0.086783,0.134311,286.215332,287.332825,1.117493,0.390438,293.721344,293.282593,-0.438751,-0.149377,295.903625,295.256714,-0.646912,-0.218622,296.979919,295.920441,-1.059479,-0.356751,297.680084,296.251617,-1.428467,-0.479866,2005,t2m,2m Temperature,K,temporal_spatial_mean,,333.000000,-0.457721,0.689944,0.805603,0.997945,0.000000,0.995894,0.111153
24675,904930,280.344971,281.439056,1.094086,7.391006,7.666067,1.037216,0.058133,0.000000,279.310974,280.584412,1.273438,0.455921,286.533783,287.903564,1.369781,0.478052,291.516327,292.799438,1.283112,0.440151,292.772614,294.009521,1.236908,0.422481,293.702667,294.839813,1.137146,0.387176,2005,d2m,2m Dewpoint,K,native_spatial_distribution,Native grids; not paired pixelwise,,,,,,,,
365,333,279.822571,281.329712,1.507141,6.488702,6.021193,0.927950,0.129787,0.005004,279.130341,282.049316,2.918976,1.045739,286.335510,287.058319,0.722809,0.252434,288.245544,288.717834,0.472290,0.163850,288.996033,288.994171,-0.001862,-0.000644,289.637054,289.486481,-0.150574,-0.051987,2005,d2m,2m Dewpoint,K,temporal_spatial_mean,,333.000000,0.862558,0.904506,1.077142,0.996602,0.000000,0.993215,0.167954
24675,904930,956.749084,957.878296,1.129211,72.171288,73.540443,1.018971,0.034560,0.000000,984.346436,987.680054,3.333618,0.338663,1015.379517,1015.445862,0.066345,0.006534,1016.744202,1016.835999,0.091797,0.009029,1017.157410,1017.165161,0.007751,0.000762,1017.999878,1018.144104,0.144226,0.014168,2005,sp,Surface Pressure,hPa,native_spatial_distribution,Native grids; not paired pixelwise,,,,,,,,
365,333,955.987000,96685.625000,95729.640625,3.058041,268.971802,87.955605,1.000000,0.000000,955.746094,96652.937500,95697.187500,10012.825195,957.549561,96818.796875,95861.250000,10011.100586,959.862488,97027.679688,96067.820312,10008.498047,961.551086,97187.039062,96225.484375,10007.318359,965.045349,97425.804688,96460.757812,9995.463867,2005,sp,Surface Pressure,hPa,temporal_spatial_mean,,333.000000,95729.593750,95729.593750,95729.968750,0.975762,0.000000,0.952112,31195.406250
24675,904930,0.362615,0.179644,-0.182971,1.243623,1.335405,1.073802,0.097115,0.000000,0.474086,0.314450,-0.159636,-33.672413,0.914500,0.862383,-0.052117,-5.698962,1.674818,1.605803,-0.069015,-4.120727,2.306877,2.082103,-0.224774,-9.743643,3.494420,3.383898,-0.110523,-3.162828,2005,u10,10m U-Wind,m/s,native_spatial_distribution,Native grids; not paired pixelwise,,,,,,,,
365,333,0.376228,0.049766,-0.326462,0.751973,0.554458,0.737339,0.246756,0.000000,0.276511,-0.020238,-0.296750,-107.319221,0.778307,0.324769,-0.453538,-58.272434,1.387562,0.854733,-0.532829,-38.400391,1.837132,1.152033,-0.685099,-37.291756,2.314407,1.632387,-0.682020,-29.468449,2005,u10,10m U-Wind,m/s,temporal_spatial_mean,,333.000000,-0.272808,0.358234,0.439458,0.887666,0.000000,0.787951,0.607408
24675,904930,-0.134621,-0.302301,-0.167680,1.357271,1.539657,1.134377,0.095847,0.000000,0.158907,0.049123,-0.109784,-69.087151,0.475264,0.435463,-0.039801,-8.374444,0.844805,0.898706,0.053900,6.380202,1.152034,1.196636,0.044602,3.871602,1.697082,1.834142,0.137060,8.076204,2005,v10,10m V-Wind,m/s,native_spatial_distribution,Native grids; not paired pixelwise,,,,,,,,
365,333,-0.119223,-0.507367,-0.388144,0.682889,0.504588,0.738902,0.357909,0.000000,-0.038444,-0.483668,-0.445224,-1158.110962,0.396062,-0.180849,-0.576911,-145.661758,0.724459,0.062470,-0.661990,-91.377045,0.877037,0.307303,-0.569734,-64.961235,1.145276,0.536124,-0.609152,-53.188251,2005,v10,10m V-Wind,m/s,temporal_spatial_mean,,333.000000,-0.381479,0.509450,0.597286,0.721193,0.000000,0.520119,0.901830
24675,904924,1.107864,0.771621,-0.336243,1.042914,0.933480,0.895069,0.218968,0.000000,0.979251,0.423103,-0.556148,-56.793224,1.900364,1.155618,-0.744746,-39.189667,2.686740,2.274584,-0.412156,-15.340381,2.978221,2.730158,-0.248063,-8.329229,3.534683,3.637043,0.102360,2.895868,2005,lai,Leaf Area Index,Index,native_spatial_distribution,Native grids; not paired pixelwise,,,,,,,,
365,333,1.136164,0.691843,-0.444321,0.286799,0.320092,1.116085,0.621622,0.000000,1.035601,0.614899,-0.420702,-40.623970,1.419498,1.010764,-0.408734,-28.794243,1.574005,1.163471,-0.410535,-26.082161,1.598887,1.188110,-0.410778,-25.691465,1.619166,1.208746,-0.410420,-25.347605,2005,lai,Leaf Area Index,Index,temporal_spatial_mean,,333.000000,-0.472041,0.472041,0.473489,0.999195,0.000000,0.998390,1.660572
24675,904930,287.573883,287.617065,0.043182,6.590771,6.746986,1.023702,0.022958,0.000000,287.637604,287.909454,0.271851,0.094511,293.167419,293.086853,-0.080566,-0.027481,296.820160,296.911743,0.091583,0.030855,297.709930,297.882599,0.172668,0.057999,298.374207,298.649689,0.275482,0.092328,2006,t2m,2m Temperature,K,native_spatial_distribution,Native grids; not paired pixelwise,,,,,,,,
365,365,286.962677,286.444275,-0.518402,6.918850,6.553497,0.947195,0.087671,0.120960,286.930237,286.544647,-0.385590,-0.134384,293.665741,292.819427,-0.846313,-0.288189,295.960571,295.108887,-0.851685,-0.287770,297.282349,295.888245,-1.394104,-0.468949,298.020416,296.666718,-1.353699,-0.454230,2006,t2m,2m Temperature,K,temporal_spatial_mean,,365.000000,-0.518415,0.711376,0.846419,0.996535,0.000000,0.993083,0.122335
24675,904930,280.166779,280.761932,0.595154,7.453423,7.907009,1.060856,0.048106,0.000000,279.056244,279.927368,0.871124,0.312168,286.295166,287.556183,1.261017,0.440460,291.367798,292.310486,0.942688,0.323539,292.790253,293.738007,0.947754,0.323697,293.827942,294.673340,0.845398,0.287719,2006,d2m,2m Dewpoint,K,native_spatial_distribution,Native grids; not paired pixelwise,,,,,,,,
365,365,279.690704,280.674774,0.984070,6.268822,5.898595,0.940942,0.084932,0.143755,279.396393,280.680145,1.283752,0.459474,285.611053,286.532257,0.921204,0.322538,288.110413,288.313782,0.203369,0.070587,288.720398,288.918457,0.198059,0.068599,289.802032,289.760651,-0.041382,-0.014279,2006,d2m,2m Dewpoint,K,temporal_spatial_mean,,365.000000,0.984041,1.005056,1.156466,0.996863,0.000000,0.993735,0.184479
24675,904930,956.841675,957.987122,1.145447,72.231400,73.694115,1.020250,0.034877,0.000000,983.938965,987.219055,3.280090,0.333363,1015.745850,1016.076172,0.330322,0.032520,1017.541809,1017.612549,0.070740,0.006952,1018.061768,1018.028442,-0.033325,-0.003273,1018.709229,1018.653503,-0.055725,-0.005470,2006,sp,Surface Pressure,hPa,native_spatial_distribution,Native grids; not paired pixelwise,,,,,,,,
365,365,956.041077,96693.859375,95737.820312,3.113811,272.066742,87.374207,1.000000,0.000000,956.022339,96694.656250,95738.632812,10014.266602,958.203735,96882.476562,95924.273438,10010.842773,959.877441,97011.687500,96051.812500,10006.674805,960.969055,97123.703125,96162.734375,10006.849609,963.674500,97367.773438,96404.101562,10003.802734,2006,sp,Surface Pressure,hPa,temporal_spatial_mean,,365.000000,95737.820312,95737.820312,95738.203125,0.973935,0.000000,0.948550,30746.314453
24675,904930,0.498831,0.349512,-0.149318,1.366058,1.396934,1.022603,0.066275,0.000000,0.562239,0.453031,-0.109208,-19.423702,1.075929,1.029079,-0.046850,-4.354352,2.109255,1.908039,-0.201216,-9.539686,2.786507,2.416018,-0.370488,-13.295801,3.590582,3.463479,-0.127104,-3.539915,2006,u10,10m U-Wind,m/s,native_spatial_distribution,Native grids; not paired pixelwise,,,,,,,,
365,365,0.506284,0.159371,-0.346913,0.695081,0.560811,0.806828,0.252055,0.000000,0.495029,0.119048,-0.375980,-75.951218,0.953165,0.535830,-0.417335,-43.784126,1.437696,0.938526,-0.499171,-34.720165,1.610630,1.059335,-0.551296,-34.228573,2.088282,1.545361,-0.542921,-25.998438,2006,u10,10m U-Wind,m/s,temporal_spatial_mean,,365.000000,-0.346913,0.400498,0.474277,0.888969,0.000000,0.790266,0.682334
24675,904930,-0.032500,-0.161068,-0.128568,1.469779,1.600164,1.088711,0.082061,0.000000,0.241817,0.145173,-0.096643,-39.965530,0.641376,0.582181,-0.059194,-9.229284,1.056972,1.166081,0.109108,10.322734,1.300314,1.512055,0.211741,16.283844,1.927401,2.138437,0.211036,10.949238,2006,v10,10m V-Wind,m/s,native_spatial_distribution,Native grids; not paired pixelwise,,,,,,,,
365,365,-0.023903,-0.465405,-0.441502,0.724721,0.560266,0.773078,0.331507,0.000000,0.015916,-0.458223,-0.474139,-2978.917236,0.471212,-0.108816,-0.580028,-123.092773,0.916813,0.245514,-0.671300,-73.220963,1.163685,0.442990,-0.720695,-61.932175,1.452035,0.906498,-0.545537,-37.570518,2006,v10,10m V-Wind,m/s,temporal_spatial_mean,,365.000000,-0.441502,0.518819,0.605478,0.821896,0.000000,0.675513,0.835463
24675,904924,1.107864,0.737604,-0.370260,1.042914,0.891981,0.855278,0.233251,0.000000,0.979251,0.408680,-0.570572,-58.266132,1.900364,1.108200,-0.792164,-41.684853,2.686740,2.156048,-0.530691,-19.752243,2.978221,2.584502,-0.393719,-13.219945,3.534683,3.521620,-0.013063,-0.369565,2006,lai,Leaf Area Index,Index,native_spatial_distribution,Native grids; not paired pixelwise,,,,,,,,
365,365,1.136164,0.662359,-0.473805,0.286799,0.320336,1.116935,0.654795,0.000000,1.035601,0.541334,-0.494266,-47.727512,1.419498,0.977272,-0.442226,-31.153673,1.574005,1.158705,-0.415300,-26.384945,1.598887,1.186247,-0.412641,-25.807997,1.619166,1.208160,-0.411006,-25.383837,2006,lai,Leaf Area Index,Index,temporal_spatial_mean,,365.000000,-0.473805,0.473805,0.475162,0.999116,0.000000,0.998232,1.656776
24675,904930,287.186920,287.206543,0.019623,6.767059,6.969708,1.029946,0.024388,0.000000,287.375916,287.576447,0.200531,0.069780,292.690796,292.596649,-0.094147,-0.032166,296.687805,296.802795,0.114990,0.038758,297.629486,297.903625,0.274139,0.092108,298.444092,298.868378,0.424286,0.142166,2007,t2m,2m Temperature,K,native_spatial_distribution,Native grids; not paired pixelwise,,,,,,,,
365,365,286.522614,285.908020,-0.614594,7.564855,7.071225,0.934747,0.101370,0.046942,287.383179,286.565277,-0.817902,-0.284603,293.555939,292.450439,-1.105499,-0.376589,296.224548,295.087097,-1.137451,-0.383983,296.788910,295.606842,-1.182068,-0.398286,297.001770,295.980896,-1.020874,-0.343727,2007,t2m,2m Temperature,K,temporal_spatial_mean,,365.000000,-0.614574,0.803205,0.933763,0.997658,0.000000,0.995322,0.123434
24675,904930,279.970001,280.611786,0.641785,7.683808,8.083396,1.052004,0.050870,0.000000,278.954926,279.806458,0.851532,0.305258,286.169250,287.328156,1.158905,0.404972,291.592316,292.516541,0.924225,0.316958,293.082367,293.937134,0.854767,0.291647,294.091827,294.876587,0.784760,0.266842,2007,d2m,2m Dewpoint,K,native_spatial_distribution,Native grids; not paired pixelwise,,,,,,,,
365,365,279.431488,280.352173,0.920685,6.770288,6.430079,0.949750,0.082192,0.169891,279.992279,280.958862,0.966583,0.345218,285.692474,286.185669,0.493195,0.172631,288.291138,288.650360,0.359222,0.124604,288.838501,289.250977,0.412476,0.142805,289.710968,289.931885,0.220917,0.076254,2007,d2m,2m Dewpoint,K,temporal_spatial_mean,,365.000000,0.920689,0.930668,1.098777,0.997199,0.000000,0.994405,0.162294
24675,904930,957.286743,958.440613,1.153870,72.436928,73.897820,1.020168,0.033075,0.000000,984.860718,988.147461,3.286743,0.333727,1016.050537,1016.320801,0.270264,0.026599,1017.982483,1018.123901,0.141418,0.013892,1018.495728,1018.587708,0.091980,0.009031,1019.309875,1019.294739,-0.015137,-0.001485,2007,sp,Surface Pressure,hPa,native_spatial_distribution,Native grids; not paired pixelwise,,,,,,,,
365,365,956.477051,96731.750000,95775.273438,2.583168,237.502197,91.942207,1.000000,0.000000,956.495483,96729.812500,95773.320312,10012.940430,958.073181,96868.015625,95909.945312,10010.711914,959.470764,97034.781250,96075.312500,10013.365234,960.916870,97136.796875,96175.882812,10008.761719,963.157043,97331.703125,96368.546875,10005.486328,2007,sp,Surface Pressure,hPa,temporal_spatial_mean,,365.000000,95775.273438,95775.273438,95775.562500,0.965434,0.000000,0.932062,37076.781250
24675,904930,0.383152,0.218084,-0.165068,1.508874,1.555456,1.030872,0.080186,0.000000,0.583761,0.432540,-0.151222,-25.904696,1.107911,1.024659,-0.083252,-7.514351,1.996190,1.949281,-0.046909,-2.349914,2.724721,2.414840,-0.309880,-11.372926,3.780913,3.587335,-0.193577,-5.119856,2007,u10,10m U-Wind,m/s,native_spatial_distribution,Native grids; not paired pixelwise,,,,,,,,
365,365,0.401594,0.115448,-0.286146,0.742546,0.597231,0.804302,0.197260,0.000001,0.280502,0.035504,-0.244998,-87.342636,0.854730,0.401970,-0.452760,-52.971100,1.468808,0.955270,-0.513538,-34.962898,1.759800,1.202668,-0.557132,-31.658825,2.361134,1.964805,-0.396329,-16.785551,2007,u10,10m U-Wind,m/s,temporal_spatial_mean,,365.000000,-0.286146,0.355297,0.438723,0.899112,0.000000,0.808402,0.590837
24675,904930,-0.125530,-0.313917,-0.188386,1.620501,1.726974,1.065704,0.106670,0.000000,0.264662,0.141662,-0.123000,-46.474342,0.586558,0.512994,-0.073564,-12.541694,0.933331,0.958626,0.025296,2.710245,1.221335,1.217722,-0.003612,-0.295775,1.733666,1.785761,0.052095,3.004887,2007,v10,10m V-Wind,m/s,native_spatial_distribution,Native grids; not paired pixelwise,,,,,,,,
365,365,-0.110776,-0.543285,-0.432509,0.672979,0.525979,0.781568,0.342466,0.000000,-0.024506,-0.531394,-0.506888,-2068.464844,0.397727,-0.175186,-0.572913,-144.046661,0.667718,0.115208,-0.552510,-82.746010,0.835932,0.282286,-0.553645,-66.230942,1.154379,0.594586,-0.559793,-48.492985,2007,v10,10m V-Wind,m/s,temporal_spatial_mean,,365.000000,-0.432509,0.506193,0.598045,0.789554,0.000000,0.623395,0.888653
24675,904924,1.107864,0.737610,-0.370254,1.042914,0.891975,0.855272,0.233251,0.000000,0.979251,0.408680,-0.570572,-58.266132,1.900364,1.108200,-0.792164,-41.684853,2.686740,2.156048,-0.530691,-19.752243,2.978221,2.584502,-0.393719,-13.219945,3.534683,3.521620,-0.013063,-0.369565,2007,lai,Leaf Area Index,Index,native_spatial_distribution,Native grids; not paired pixelwise,,,,,,,,
365,365,1.136164,0.662366,-0.473798,0.286799,0.320326,1.116901,0.654795,0.000000,1.035601,0.541342,-0.494259,-47.726765,1.419498,0.977272,-0.442226,-31.153673,1.574005,1.158691,-0.415314,-26.385786,1.598887,1.186247,-0.412640,-25.807962,1.619166,1.208146,-0.411020,-25.384663,2007,lai,Leaf Area Index,Index,temporal_spatial_mean,,365.000000,-0.473798,0.473798,0.475154,0.999115,0.000000,0.998230,1.656747
24675,904930,286.716309,286.715668,-0.000641,7.149751,7.356625,1.028934,0.028562,0.000000,286.820068,287.136932,0.316864,0.110475,292.845337,292.737000,-0.108337,-0.036995,296.667908,296.708862,0.040955,0.013805,297.574249,297.765564,0.191315,0.064291,298.287811,298.590546,0.302734,0.101491,2008,t2m,2m Temperature,K,native_spatial_distribution,Native grids; not paired pixelwise,,,,,,,,
366,365,286.043488,285.497711,-0.545776,7.377813,7.052114,0.955854,0.106363,0.027949,286.401733,285.628052,-0.773682,-0.270139,292.888977,292.071655,-0.817322,-0.279055,295.549927,294.670074,-0.879852,-0.297700,296.282227,295.311005,-0.971222,-0.327803,296.823090,295.736298,-1.086792,-0.366141,2008,t2m,2m Temperature,K,temporal_spatial_mean,,365.000000,-0.549266,0.722686,0.829671,0.997369,0.000000,0.994746,0.112306
24675,904930,279.453644,280.094574,0.640930,7.964457,8.304833,1.042737,0.041238,0.000000,278.242279,278.944275,0.701996,0.252297,286.238464,287.314056,1.075592,0.375768,291.394989,292.265259,0.870270,0.298656,292.817963,293.683594,0.865631,0.295621,293.867249,294.653473,0.786224,0.267544,2008,d2m,2m Dewpoint,K,native_spatial_distribution,Native grids; not paired pixelwise,,,,,,,,
366,365,278.913177,279.925110,1.011932,6.741901,6.545451,0.970861,0.086406,0.118676,278.329742,279.785004,1.455261,0.522855,285.365082,285.922607,0.557526,0.195373,288.044067,288.623627,0.579559,0.201205,288.494690,288.948669,0.453979,0.157361,288.979797,289.293793,0.313995,0.108657,2008,d2m,2m Dewpoint,K,temporal_spatial_mean,,365.000000,1.003639,1.013773,1.181475,0.996072,0.000000,0.992160,0.175052
24675,904930,956.924500,958.065857,1.141357,72.496590,73.967010,1.020283,0.035020,0.000000,984.214294,987.501465,3.287170,0.333989,1015.902649,1016.235962,0.333313,0.032810,1017.877136,1018.005127,0.127991,0.012574,1018.471741,1018.451233,-0.020508,-0.002014,1019.230957,1019.104126,-0.126831,-0.012444,2008,sp,Surface Pressure,hPa,native_spatial_distribution,Native grids; not paired pixelwise,,,,,,,,
366,365,956.122803,96709.421875,95753.296875,2.879665,249.760025,86.732330,1.000000,0.000000,955.865112,96697.656250,95741.789062,10016.245117,958.017944,96875.242188,95917.226562,10012.049805,959.764648,97035.468750,96075.703125,10010.339844,960.873535,97117.929688,96157.054688,10007.253906,963.292114,97288.109375,96324.820312,9999.543945,2008,sp,Surface Pressure,hPa,temporal_spatial_mean,,365.000000,95753.312500,95753.312500,95753.640625,0.963071,0.000000,0.927506,33369.464844
24675,904930,0.467345,0.302892,-0.164453,1.466213,1.503719,1.025580,0.090830,0.000000,0.633902,0.474850,-0.159052,-25.090937,1.134257,1.053811,-0.080446,-7.092398,2.009624,1.883749,-0.125875,-6.263614,2.718989,2.421550,-0.297439,-10.939337,3.735334,3.723287,-0.012047,-0.322522,2008,u10,10m U-Wind,m/s,native_spatial_distribution,Native grids; not paired pixelwise,,,,,,,,
366,365,0.478665,0.125165,-0.353500,0.712788,0.560494,0.786341,0.264174,0.000000,0.478826,0.057210,-0.421616,-88.051979,0.962941,0.517613,-0.445328,-46.246609,1.314684,0.895268,-0.419416,-31.902405,1.671304,1.173066,-0.498237,-29.811298,2.088297,1.425001,-0.663296,-31.762526,2008,u10,10m U-Wind,m/s,temporal_spatial_mean,,365.000000,-0.351967,0.419794,0.486300,0.888298,0.000000,0.789073,0.681894
24675,904930,-0.032448,-0.215150,-0.182702,1.546805,1.679554,1.085822,0.099478,0.000000,0.292006,0.177683,-0.114323,-39.150856,0.647277,0.584008,-0.063269,-9.774636,1.101089,1.122786,0.021697,1.970519,1.351625,1.442562,0.090937,6.727941,1.915372,2.018079,0.102707,5.362237,2008,v10,10m V-Wind,m/s,native_spatial_distribution,Native grids; not paired pixelwise,,,,,,,,
366,365,-0.021246,-0.504585,-0.483339,0.728080,0.600658,0.824989,0.335616,0.000000,0.068798,-0.473434,-0.542231,-788.152344,0.448627,-0.093109,-0.541736,-120.754242,0.820666,0.238719,-0.581947,-70.911568,1.015390,0.444592,-0.570798,-56.214687,1.632642,0.966562,-0.666080,-40.797661,2008,v10,10m V-Wind,m/s,temporal_spatial_mean,,365.000000,-0.487305,0.551506,0.654201,0.799077,0.000000,0.638524,0.902200
24675,904924,1.107101,0.737269,-0.369832,1.042036,0.891425,0.855465,0.233221,0.000000,0.978737,0.408484,-0.570253,-58.264179,1.899256,1.107678,-0.791578,-41.678318,2.683667,2.154981,-0.528686,-19.700146,2.975115,2.582558,-0.392556,-13.194666,3.533020,3.519651,-0.013370,-0.378417,2008,lai,Leaf Area Index,Index,native_spatial_distribution,Native grids; not paired pixelwise,,,,,,,,
366,365,1.135380,0.662065,-0.473316,0.286799,0.320551,1.117683,0.654795,0.000000,1.034590,0.541396,-0.493194,-47.670452,1.417773,0.977272,-0.440501,-31.069939,1.574003,1.158691,-0.415312,-26.385742,1.598859,1.186243,-0.412615,-25.806871,1.619156,1.208168,-0.410988,-25.382833,2008,lai,Leaf Area Index,Index,temporal_spatial_mean,,365.000000,-0.473732,0.473732,0.475086,0.999109,0.000000,0.998219,1.654882
24675,904930,286.740875,286.787720,0.046844,7.236230,7.425483,1.026154,0.025790,0.000000,286.839630,287.238831,0.399200,0.139172,292.864014,292.871094,0.007080,0.002418,296.806946,296.910065,0.103119,0.034743,297.712402,297.910431,0.198029,0.066517,298.370758,298.658539,0.287781,0.096451,2009,t2m,2m Temperature,K,native_spatial_distribution,Native grids; not paired pixelwise,,,,,,,,
365,363,286.069550,285.631378,-0.438171,7.339948,6.992034,0.952600,0.095589,0.065495,286.011200,285.731842,-0.279358,-0.097674,293.581726,293.234375,-0.347351,-0.118315,295.572083,294.760071,-0.812012,-0.274725,295.888153,295.101624,-0.786530,-0.265820,296.509460,295.820343,-0.689117,-0.232410,2009,t2m,2m Temperature,K,temporal_spatial_mean,,363.000000,-0.407130,0.697867,0.821732,0.996276,0.000000,0.992566,0.111828
24675,904930,279.746338,280.304749,0.558411,7.901778,8.313158,1.052062,0.043097,0.000000,278.540466,279.246887,0.706421,0.253615,286.516907,287.570282,1.053375,0.367649,291.591217,292.498322,0.907104,0.311088,292.911316,293.780243,0.868927,0.296652,293.897736,294.673340,0.775604,0.263903,2009,d2m,2m Dewpoint,K,native_spatial_distribution,Native grids; not paired pixelwise,,,,,,,,
365,363,279.188263,280.120514,0.932251,6.792808,6.524341,0.960478,0.101023,0.044225,279.410858,280.582611,1.171753,0.419366,286.461884,287.252777,0.790894,0.276090,287.897247,288.244141,0.346893,0.120492,288.373108,288.702728,0.329620,0.114303,289.131470,289.398254,0.266785,0.092271,2009,d2m,2m Dewpoint,K,temporal_spatial_mean,,363.000000,0.962092,0.978369,1.130831,0.996871,0.000000,0.993751,0.166319
24675,904930,957.005493,958.125122,1.119629,72.373817,73.839005,1.020245,0.034941,0.000000,984.342041,987.648560,3.306519,0.335912,1015.772339,1016.104736,0.332397,0.032724,1017.594055,1017.720642,0.126587,0.012440,1018.234619,1018.166504,-0.068115,-0.006690,1019.033325,1018.866882,-0.166443,-0.016333,2009,sp,Surface Pressure,hPa,native_spatial_distribution,Native grids; not paired pixelwise,,,,,,,,
365,363,956.243164,96721.070312,95764.828125,2.876812,248.685974,86.445000,1.000000,0.000000,956.410461,96718.320312,95761.906250,10012.637695,958.040771,96861.593750,95903.554688,10010.382812,959.672241,97033.640625,96073.968750,10011.123047,960.846558,97154.281250,96193.437500,10011.321289,962.607666,97305.148438,96342.539062,10008.495117,2009,sp,Surface Pressure,hPa,temporal_spatial_mean,,363.000000,95764.804688,95764.804688,95765.125000,0.961989,0.000000,0.925423,33268.246094
24675,904930,0.450924,0.295318,-0.155606,1.336211,1.381446,1.033854,0.084173,0.000000,0.565289,0.425743,-0.139545,-24.685637,1.031379,0.958677,-0.072702,-7.049026,1.842907,1.796622,-0.046285,-2.511530,2.672538,2.347954,-0.324584,-12.145151,3.568245,3.498311,-0.069934,-1.959896,2009,u10,10m U-Wind,m/s,native_spatial_distribution,Native grids; not paired pixelwise,,,,,,,,
365,363,0.463958,0.085897,-0.378061,0.717264,0.543793,0.758149,0.308412,0.000000,0.482416,0.032260,-0.450156,-93.312889,0.899786,0.419821,-0.479964,-53.342075,1.433925,0.800819,-0.633106,-44.151981,1.729988,1.148001,-0.581987,-33.641102,2.369250,1.662033,-0.707217,-29.849838,2009,u10,10m U-Wind,m/s,temporal_spatial_mean,,363.000000,-0.377985,0.454566,0.544325,0.843188,0.000000,0.710967,0.756862
24675,904930,-0.045229,-0.190970,-0.145741,1.480560,1.604342,1.083605,0.082988,0.000000,0.227299,0.116612,-0.110688,-48.696972,0.637815,0.544820,-0.092995,-14.580197,1.165361,1.153034,-0.012327,-1.057750,1.411187,1.584958,0.173771,12.313820,1.869046,2.127887,0.258841,13.848825,2009,v10,10m V-Wind,m/s,native_spatial_distribution,Native grids; not paired pixelwise,,,,,,,,
365,363,-0.038147,-0.473371,-0.435224,0.652334,0.493881,0.757099,0.377071,0.000000,0.035486,-0.425751,-0.461237,-1299.760864,0.468786,-0.115614,-0.584400,-124.662468,0.746902,0.081443,-0.665459,-89.095879,0.897043,0.240183,-0.656860,-73.224991,1.163177,0.756118,-0.407059,-34.995472,2009,v10,10m V-Wind,m/s,temporal_spatial_mean,,363.000000,-0.431156,0.522400,0.617727,0.734662,0.000000,0.539728,0.947921
24675,904924,1.107864,0.735384,-0.372480,1.042914,0.889154,0.852567,0.234022,0.000000,0.979251,0.407429,-0.571823,-58.393864,1.900364,1.105003,-0.795361,-41.853100,2.686740,2.147264,-0.539476,-20.079193,2.978221,2.574505,-0.403716,-13.555605,3.534683,3.514135,-0.020548,-0.581335,2009,lai,Leaf Area Index,Index,native_spatial_distribution,Native grids; not paired pixelwise,,,,,,,,
365,363,1.136164,0.660482,-0.475682,0.286799,0.320133,1.116228,0.658402,0.000000,1.035601,0.536547,-0.499053,-48.189762,1.419498,0.970681,-0.448816,-31.617968,1.574005,1.158946,-0.415059,-26.369595,1.598887,1.186412,-0.412475,-25.797644,1.619166,1.208216,-0.410950,-25.380339,2009,lai,Leaf Area Index,Index,temporal_spatial_mean,,363.000000,-0.473943,0.473943,0.475299,0.999106,0.000000,0.998214,1.658279
24675,904930,287.026459,287.035065,0.008606,6.499871,6.642181,1.021894,0.024870,0.000000,287.090210,287.341522,0.251312,0.087538,292.389343,292.269318,-0.120026,-0.041050,296.221771,296.245636,0.023865,0.008056,297.140320,297.286652,0.146332,0.049247,297.908051,298.154755,0.246704,0.082812,2010,t2m,2m Temperature,K,native_spatial_distribution,Native grids; not paired pixelwise,,,,,,,,
365,365,286.438690,286.054230,-0.384460,7.556985,6.901528,0.913265,0.115068,0.015863,286.871704,286.143829,-0.727875,-0.253728,293.109253,292.215576,-0.893677,-0.304895,296.330688,295.284851,-1.045837,-0.352929,296.821106,295.667145,-1.153961,-0.388773,297.286072,296.092163,-1.193909,-0.401603,2010,t2m,2m Temperature,K,temporal_spatial_mean,,365.000000,-0.384470,0.774554,0.884062,0.998043,0.000000,0.996090,0.116986
24675,904930,280.077728,280.657471,0.579742,7.044248,7.418305,1.053101,0.043511,0.000000,279.124756,279.829834,0.705078,0.252603,285.886169,286.925842,1.039673,0.363667,290.574158,291.573639,0.999481,0.343968,291.971100,292.964935,0.993835,0.340388,292.998352,293.918121,0.919769,0.313916,2010,d2m,2m Dewpoint,K,native_spatial_distribution,Native grids; not paired pixelwise,,,,,,,,
365,365,279.611633,280.645538,1.033905,6.713459,6.173872,0.919626,0.112329,0.019926,278.886719,280.458160,1.571442,0.563470,286.037079,286.364838,0.327759,0.114586,288.931183,289.108398,0.177216,0.061335,289.467590,289.482544,0.014954,0.005166,289.948761,289.737549,-0.211212,-0.072845,2010,d2m,2m Dewpoint,K,temporal_spatial_mean,,365.000000,1.033874,1.065513,1.281824,0.996586,0.000000,0.993183,0.190933
24675,904930,955.872742,957.028625,1.155884,72.228516,73.716431,1.020600,0.036223,0.000000,983.367554,986.641479,3.273926,0.332930,1014.334839,1014.864319,0.529480,0.052200,1016.252258,1016.395081,0.142822,0.014054,1016.571960,1016.682983,0.111023,0.010921,1018.112183,1018.168762,0.056580,0.005557,2010,sp,Surface Pressure,hPa,native_spatial_distribution,Native grids; not paired pixelwise,,,,,,,,
365,365,955.103943,96600.593750,95645.492188,2.877014,257.047546,89.345261,1.000000,0.000000,955.281067,96608.890625,95653.609375,10013.137695,956.695862,96739.156250,95782.460938,10011.797852,958.660339,96931.546875,95972.882812,10011.145508,959.668152,97016.078125,96056.406250,10009.335938,962.013184,97135.351562,96173.335938,9997.091797,2010,sp,Surface Pressure,hPa,temporal_spatial_mean,,365.000000,95645.492188,95645.492188,95645.828125,0.970917,0.000000,0.942679,33244.828125
24675,904930,0.621513,0.514963,-0.106550,1.368408,1.425690,1.041860,0.045644,0.000000,0.600269,0.535379,-0.064890,-10.810080,1.162341,1.195977,0.033637,2.893864,2.353426,2.222066,-0.131360,-5.581652,3.231615,2.923004,-0.308611,-9.549743,4.072658,3.906116,-0.166541,-4.089254,2010,u10,10m U-Wind,m/s,native_spatial_distribution,Native grids; not paired pixelwise,,,,,,,,
365,365,0.618872,0.319112,-0.299760,0.697233,0.592406,0.849653,0.221918,0.000000,0.642206,0.276807,-0.365399,-56.897442,1.029672,0.694137,-0.335535,-32.586594,1.533934,1.125091,-0.408843,-26.653240,1.836199,1.386574,-0.449625,-24.486706,2.379733,1.753816,-0.625917,-26.301996,2010,u10,10m U-Wind,m/s,temporal_spatial_mean,,365.000000,-0.299760,0.375287,0.458749,0.867320,0.000000,0.752244,0.657956
24675,904930,-0.168438,-0.269386,-0.100948,1.442760,1.582336,1.096742,0.071445,0.000000,0.151865,0.060735,-0.091131,-60.007652,0.486398,0.468184,-0.018215,-3.744807,0.975581,1.027696,0.052115,5.341951,1.317286,1.346997,0.029712,2.255535,1.906707,2.036401,0.129694,6.801982,2010,v10,10m V-Wind,m/s,native_spatial_distribution,Native grids; not paired pixelwise,,,,,,,,
365,365,-0.157457,-0.520684,-0.363227,0.823783,0.565247,0.686160,0.342466,0.000000,-0.048471,-0.493536,-0.445065,-918.203674,0.417755,-0.256135,-0.673890,-161.312363,0.775775,0.140939,-0.634836,-81.832451,1.098012,0.449068,-0.648944,-59.101719,1.547618,1.030189,-0.517429,-33.433880,2010,v10,10m V-Wind,m/s,temporal_spatial_mean,,365.000000,-0.363227,0.544723,0.651944,0.757049,0.000000,0.573123,0.791402
24675,904924,1.107864,0.737642,-0.370222,1.042914,0.891950,0.855248,0.233251,0.000000,0.979251,0.408680,-0.570572,-58.266132,1.900364,1.108200,-0.792164,-41.684853,2.686740,2.156048,-0.530691,-19.752243,2.978221,2.584502,-0.393719,-13.219945,3.534683,3.521620,-0.013063,-0.369565,2010,lai,Leaf Area Index,Index,native_spatial_distribution,Native grids; not paired pixelwise,,,,,,,,
365,365,1.136164,0.662368,-0.473797,0.286799,0.320316,1.116865,0.654795,0.000000,1.035601,0.541343,-0.494258,-47.726650,1.419498,0.977272,-0.442226,-31.153673,1.574005,1.158673,-0.415332,-26.386959,1.598887,1.186212,-0.412675,-25.810131,1.619166,1.208136,-0.411030,-25.385286,2010,lai,Leaf Area Index,Index,temporal_spatial_mean,,365.000000,-0.473796,0.473796,0.475152,0.999114,0.000000,0.998228,1.656741
24675,904930,287.134430,287.105835,-0.028595,7.007058,7.158730,1.021646,0.023826,0.000000,287.373688,287.652191,0.278503,0.096913,293.292328,293.081757,-0.210571,-0.071796,296.816772,296.824585,0.007812,0.002632,297.666290,297.789368,0.123077,0.041347,298.400879,298.661011,0.260132,0.087175,2011,t2m,2m Temperature,K,native_spatial_distribution,Native grids; not paired pixelwise,,,,,,,,
365,365,286.484894,285.862427,-0.622467,7.600109,7.155976,0.941562,0.115068,0.015863,286.383026,285.542725,-0.840302,-0.293419,293.709686,292.753052,-0.956635,-0.325708,296.617889,295.302979,-1.314911,-0.443301,297.096252,295.895294,-1.200958,-0.404232,297.741943,296.296753,-1.445190,-0.485384,2011,t2m,2m Temperature,K,temporal_spatial_mean,,365.000000,-0.622504,0.809361,0.948484,0.997105,0.000000,0.994219,0.124799
24675,904930,279.825409,280.249023,0.423615,7.739852,8.223995,1.062552,0.050344,0.000000,278.870575,279.289398,0.418823,0.150186,285.971924,287.034851,1.062927,0.371689,291.564331,292.491699,0.927368,0.318066,293.021545,293.857727,0.836182,0.285365,293.973969,294.752869,0.778900,0.264955,2011,d2m,2m Dewpoint,K,native_spatial_distribution,Native grids; not paired pixelwise,,,,,,,,
365,365,279.297974,280.115356,0.817383,6.658130,6.365124,0.955993,0.076712,0.233280,278.804565,279.709869,0.905304,0.324709,284.975586,285.986786,1.011200,0.354837,288.262238,288.510956,0.248718,0.086282,289.149353,289.031616,-0.117737,-0.040718,289.615479,289.492096,-0.123383,-0.042602,2011,d2m,2m Dewpoint,K,temporal_spatial_mean,,365.000000,0.817390,0.849835,1.031200,0.996350,0.000000,0.992713,0.154878
24675,904930,956.538330,957.712524,1.174194,72.419930,73.870552,1.020031,0.035360,0.000000,983.598389,986.915894,3.317505,0.337282,1015.642090,1015.947205,0.305115,0.030042,1017.399414,1017.515442,0.116028,0.011404,1018.050110,1018.067749,0.017639,0.001733,1018.930542,1018.941467,0.010925,0.001072,2011,sp,Surface Pressure,hPa,native_spatial_distribution,Native grids; not paired pixelwise,,,,,,,,
365,365,955.736145,96672.507812,95716.773438,2.972993,266.696167,89.706284,1.000000,0.000000,955.313660,96636.273438,95680.960938,10015.659180,957.438049,96816.882812,95859.445312,10012.078125,959.922485,97056.359375,96096.437500,10010.854492,961.300537,97203.304688,96242.007812,10011.646484,963.176758,97361.734375,96398.554688,10008.396484,2011,sp,Surface Pressure,hPa,temporal_spatial_mean,,365.000000,95716.781250,95716.781250,95717.148438,0.970950,0.000000,0.942743,32195.548828
24675,904930,0.445146,0.303887,-0.141259,1.434678,1.495491,1.042388,0.093647,0.000000,0.586059,0.425370,-0.160689,-27.418608,1.073417,1.040445,-0.032972,-3.071728,2.002489,1.904818,-0.097671,-4.877459,2.719198,2.434555,-0.284642,-10.467883,3.721446,3.839486,0.118040,3.171875,2011,u10,10m U-Wind,m/s,native_spatial_distribution,Native grids; not paired pixelwise,,,,,,,,
365,365,0.458148,0.155425,-0.302723,0.683199,0.521435,0.763226,0.224658,0.000000,0.397272,0.101252,-0.296020,-74.513176,0.862106,0.448943,-0.413163,-47.924809,1.390876,0.806952,-0.583924,-41.982460,1.629299,1.163833,-0.465466,-28.568470,2.105950,1.552163,-0.553787,-26.296282,2011,u10,10m U-Wind,m/s,temporal_spatial_mean,,365.000000,-0.302723,0.372684,0.452083,0.878495,0.000000,0.771754,0.661715
24675,904930,-0.000110,-0.185918,-0.185809,1.576258,1.689677,1.071955,0.098384,0.000000,0.299882,0.196529,-0.103353,-34.464436,0.693917,0.614433,-0.079484,-11.454430,1.108828,1.135760,0.026932,2.428872,1.468870,1.396514,-0.072356,-4.925962,2.200145,2.171200,-0.028945,-1.315615,2011,v10,10m V-Wind,m/s,native_spatial_distribution,Native grids; not paired pixelwise,,,,,,,,
365,365,0.014438,-0.484818,-0.499255,0.697148,0.563737,0.808633,0.369863,0.000000,0.069140,-0.376324,-0.445464,-644.294312,0.509016,-0.074354,-0.583370,-114.607445,0.848086,0.174391,-0.673694,-79.437057,1.072709,0.350934,-0.721775,-67.285233,1.503800,0.642115,-0.861684,-57.300468,2011,v10,10m V-Wind,m/s,temporal_spatial_mean,,365.000000,-0.499255,0.532513,0.634387,0.827748,0.000000,0.685167,0.909975
24675,904924,1.107864,0.737649,-0.370215,1.042914,0.891943,0.855242,0.233251,0.000000,0.979251,0.408680,-0.570572,-58.266132,1.900364,1.108200,-0.792164,-41.684853,2.686740,2.156048,-0.530691,-19.752243,2.978221,2.584502,-0.393719,-13.219945,3.534683,3.521620,-0.013063,-0.369565,2011,lai,Leaf Area Index,Index,native_spatial_distribution,Native grids; not paired pixelwise,,,,,,,,
365,365,1.136164,0.662378,-0.473786,0.286799,0.320312,1.116851,0.654795,0.000000,1.035601,0.541399,-0.494201,-47.721218,1.419498,0.977272,-0.442226,-31.153673,1.574005,1.158677,-0.415328,-26.386688,1.598887,1.186216,-0.412671,-25.809893,1.619166,1.208136,-0.411030,-25.385286,2011,lai,Leaf Area Index,Index,temporal_spatial_mean,,365.000000,-0.473786,0.473786,0.475141,0.999115,0.000000,0.998230,1.656705
24675,904930,288.008209,287.990540,-0.017670,6.510153,6.728308,1.033510,0.024692,0.000000,288.181427,288.308228,0.126801,0.044000,293.514160,293.483917,-0.030243,-0.010304,297.008362,297.171021,0.162659,0.054766,297.820251,298.017670,0.197418,0.066288,298.482971,298.767029,0.284058,0.095167,2012,t2m,2m Temperature,K,native_spatial_distribution,Native grids; not paired pixelwise,,,,,,,,
366,366,287.355316,286.561340,-0.793976,6.959503,6.639052,0.953955,0.144809,0.000914,287.063416,286.442322,-0.621094,-0.216361,293.518799,292.461975,-1.056824,-0.360053,296.876221,295.596375,-1.279846,-0.431104,297.165039,295.817963,-1.347076,-0.453309,297.541656,296.191650,-1.350006,-0.453720,2012,t2m,2m Temperature,K,temporal_spatial_mean,,366.000000,-0.793987,0.889613,1.040017,0.996228,0.000000,0.992471,0.149438
24675,904930,280.353516,280.927460,0.573944,7.734725,8.088086,1.045685,0.043483,0.000000,279.432007,280.278931,0.846924,0.303088,286.850189,287.860779,1.010590,0.352306,291.746704,292.664215,0.917511,0.314489,293.005188,293.872467,0.867279,0.295994,293.934753,294.725250,0.790497,0.268936,2012,d2m,2m Dewpoint,K,native_spatial_distribution,Native grids; not paired pixelwise,,,,,,,,
366,366,279.846771,280.706390,0.859619,5.965683,5.811824,0.974209,0.084699,0.144793,279.594666,280.276520,0.681854,0.243872,284.419067,285.684784,1.265717,0.445018,288.235504,288.510101,0.274597,0.095268,288.597931,288.931488,0.333557,0.115578,289.608063,289.538574,-0.069489,-0.023994,2012,d2m,2m Dewpoint,K,temporal_spatial_mean,,366.000000,0.859600,0.891372,1.049350,0.995118,0.000000,0.990259,0.175898
24675,904930,956.767761,957.949890,1.182129,72.339844,73.767845,1.019740,0.034352,0.000000,983.966553,987.288452,3.321899,0.337603,1015.860474,1016.182983,0.322510,0.031747,1017.606567,1017.685730,0.079163,0.007779,1018.172363,1018.139404,-0.032959,-0.003237,1018.857666,1018.787415,-0.070251,-0.006895,2012,sp,Surface Pressure,hPa,native_spatial_distribution,Native grids; not paired pixelwise,,,,,,,,
366,366,955.949951,96685.593750,95729.640625,2.604103,223.081802,85.665512,1.000000,0.000000,955.887085,96685.140625,95729.250000,10014.703125,957.514221,96816.171875,95858.656250,10011.199219,959.426880,96988.859375,96029.429688,10009.041016,960.665649,97068.898438,96108.234375,10004.336914,961.926758,97186.703125,96224.773438,10003.336914,2012,sp,Surface Pressure,hPa,temporal_spatial_mean,,366.000000,95729.664062,95729.664062,95729.914062,0.966174,0.000000,0.933492,36761.187500
24675,904930,0.478470,0.330355,-0.148114,1.373748,1.444058,1.051181,0.084305,0.000000,0.611005,0.466118,-0.144887,-23.712908,1.086030,1.054694,-0.031336,-2.885377,1.929180,1.891502,-0.037678,-1.953046,2.733487,2.449183,-0.284305,-10.400804,3.641272,3.735031,0.093759,2.574898,2012,u10,10m U-Wind,m/s,native_spatial_distribution,Native grids; not paired pixelwise,,,,,,,,
366,366,0.487285,0.151772,-0.335513,0.666721,0.517687,0.776467,0.254098,0.000000,0.446430,0.132221,-0.314210,-70.382645,0.882499,0.463981,-0.418518,-47.424202,1.341504,0.844575,-0.496929,-37.042648,1.737349,1.027723,-0.709626,-40.845333,2.176034,1.447722,-0.728312,-33.469715,2012,u10,10m U-Wind,m/s,temporal_spatial_mean,,366.000000,-0.335513,0.403559,0.476452,0.866397,0.000000,0.750644,0.714620
24675,904930,0.057408,-0.096682,-0.154090,1.540577,1.655727,1.074745,0.096226,0.000000,0.360846,0.229989,-0.130857,-36.263897,0.734475,0.656601,-0.077874,-10.602646,1.151671,1.258759,0.107088,9.298476,1.480421,1.524659,0.044239,2.988243,2.179075,2.290106,0.111031,5.095330,2012,v10,10m V-Wind,m/s,native_spatial_distribution,Native grids; not paired pixelwise,,,,,,,,
366,366,0.065136,-0.385028,-0.450165,0.674934,0.519725,0.770038,0.352459,0.000000,0.104985,-0.354426,-0.459411,-437.595337,0.509422,-0.049004,-0.558426,-109.619446,0.871004,0.220727,-0.650277,-74.658295,1.098914,0.415251,-0.683663,-62.212616,1.627507,0.815788,-0.811719,-49.874985,2012,v10,10m V-Wind,m/s,temporal_spatial_mean,,366.000000,-0.450165,0.521460,0.622100,0.771553,0.000000,0.595294,0.921719
24675,904924,1.107101,0.736687,-0.370414,1.042036,0.890825,0.854889,0.233520,0.000000,0.978737,0.408281,-0.570456,-58.284882,1.899256,1.106878,-0.792378,-41.720428,2.683667,2.152638,-0.531029,-19.787422,2.975115,2.580269,-0.394845,-13.271598,3.533020,3.518519,-0.014501,-0.410438,2012,lai,Leaf Area Index,Index,native_spatial_distribution,Native grids; not paired pixelwise,,,,,,,,
366,366,1.135380,0.661550,-0.473831,0.286799,0.320262,1.116677,0.655738,0.000000,1.034590,0.538944,-0.495646,-47.907482,1.417773,0.976064,-0.441709,-31.155144,1.574003,1.158566,-0.415437,-26.393648,1.598859,1.186152,-0.412707,-25.812588,1.619156,1.208123,-0.411033,-25.385624,2012,lai,Leaf Area Index,Index,temporal_spatial_mean,,366.000000,-0.473831,0.473831,0.475183,0.999110,0.000000,0.998220,1.656850
24675,904930,286.729187,286.795776,0.066589,7.110168,7.287466,1.024936,0.023772,0.000000,286.703217,287.123962,0.420746,0.146753,292.588593,292.547638,-0.040955,-0.013997,296.709839,296.819000,0.109161,0.036791,297.600922,297.861450,0.260529,0.087543,298.409149,298.768890,0.359741,0.120553,2013,t2m,2m Temperature,K,native_spatial_distribution,Native grids; not paired pixelwise,,,,,,,,
365,365,286.058533,285.668060,-0.390472,7.607599,7.215107,0.948408,0.106849,0.030924,285.205933,285.422455,0.216522,0.075918,294.000488,292.833160,-1.167328,-0.397050,295.968323,295.181854,-0.786469,-0.265727,296.502441,295.512115,-0.990326,-0.334003,296.905457,295.818939,-1.086517,-0.365947,2013,t2m,2m Temperature,K,temporal_spatial_mean,,365.000000,-0.390495,0.646576,0.775487,0.997314,0.000000,0.994636,0.101936
24675,904930,279.774139,280.329407,0.555267,7.846599,8.243665,1.050604,0.044682,0.000000,278.556610,279.200317,0.643707,0.231087,286.364258,287.472626,1.108368,0.387048,291.634308,292.506226,0.871918,0.298976,293.103973,293.957611,0.853638,0.291241,294.147400,294.942963,0.795563,0.270464,2013,d2m,2m Dewpoint,K,native_spatial_distribution,Native grids; not paired pixelwise,,,,,,,,
365,365,279.223053,280.197052,0.973999,6.913836,6.684589,0.966842,0.098630,0.057357,278.317627,279.979767,1.662140,0.597210,286.225708,286.626343,0.400635,0.139972,288.460693,288.793793,0.333099,0.115475,288.891357,289.164032,0.272675,0.094387,289.863892,289.844757,-0.019135,-0.006601,2013,d2m,2m Dewpoint,K,temporal_spatial_mean,,365.000000,0.974011,0.991643,1.150202,0.996520,0.000000,0.993051,0.166362
24675,904930,957.629517,958.734375,1.104858,72.407875,73.873825,1.020246,0.034683,0.000000,985.149353,988.365601,3.216248,0.326473,1016.182373,1016.483582,0.301208,0.029641,1018.428772,1018.524902,0.096130,0.009439,1018.973633,1019.038147,0.064514,0.006331,1019.639954,1019.607422,-0.032532,-0.003191,2013,sp,Surface Pressure,hPa,native_spatial_distribution,Native grids; not paired pixelwise,,,,,,,,
365,365,956.860535,96783.101562,95826.242188,2.673124,244.035233,91.292145,1.000000,0.000000,956.749268,96763.328125,95806.578125,10013.760742,958.598389,96957.898438,95999.296875,10014.548828,960.519592,97092.406250,96131.882812,10008.320312,961.536438,97208.578125,96247.039062,10009.712891,963.642029,97422.210938,96458.570312,10009.792969,2013,sp,Surface Pressure,hPa,temporal_spatial_mean,,365.000000,95826.234375,95826.234375,95826.539062,0.952396,0.000000,0.907059,35848.144531
24675,904930,0.354144,0.174510,-0.179634,1.491326,1.547691,1.037795,0.078332,0.000000,0.553425,0.403612,-0.149813,-27.070217,1.086030,0.960094,-0.125936,-11.595983,1.938397,1.860146,-0.078251,-4.036905,2.638683,2.358665,-0.280018,-10.612023,3.487997,3.353687,-0.134310,-3.850635,2013,u10,10m U-Wind,m/s,native_spatial_distribution,Native grids; not paired pixelwise,,,,,,,,
365,365,0.370690,0.000427,-0.370263,0.657833,0.512623,0.779261,0.276712,0.000000,0.350876,-0.063852,-0.414728,-118.197769,0.829232,0.333668,-0.495564,-59.761803,1.192135,0.730177,-0.461958,-38.750465,1.448842,0.862288,-0.586554,-40.484364,1.885459,1.241241,-0.644218,-34.167698,2013,u10,10m U-Wind,m/s,temporal_spatial_mean,,365.000000,-0.370263,0.419895,0.491297,0.876650,0.000000,0.768515,0.746842
24675,904930,-0.130544,-0.304640,-0.174096,1.525512,1.633590,1.070847,0.094708,0.000000,0.214504,0.093532,-0.120973,-56.396431,0.589555,0.511671,-0.077884,-13.210605,0.915442,0.940567,0.025125,2.744580,1.110164,1.175717,0.065554,5.904876,1.646909,1.708701,0.061792,3.752008,2013,v10,10m V-Wind,m/s,native_spatial_distribution,Native grids; not paired pixelwise,,,,,,,,
365,365,-0.122117,-0.599886,-0.477769,0.730626,0.589681,0.807090,0.304110,0.000000,-0.088677,-0.616996,-0.528319,-595.775574,0.407168,-0.186434,-0.593602,-145.787994,0.765753,0.150804,-0.614949,-80.306412,0.997722,0.294131,-0.703591,-70.519722,1.457291,0.618945,-0.838346,-57.527691,2013,v10,10m V-Wind,m/s,temporal_spatial_mean,,365.000000,-0.477769,0.544638,0.637641,0.816105,0.000000,0.666028,0.872732
24675,904924,1.107864,0.737650,-0.370214,1.042914,0.891943,0.855241,0.233251,0.000000,0.979251,0.408680,-0.570572,-58.266132,1.900364,1.108200,-0.792164,-41.684853,2.686740,2.156048,-0.530691,-19.752243,2.978221,2.584502,-0.393719,-13.219945,3.534683,3.521620,-0.013063,-0.369565,2013,lai,Leaf Area Index,Index,native_spatial_distribution,Native grids; not paired pixelwise,,,,,,,,
365,365,1.136164,0.662386,-0.473778,0.286799,0.320310,1.116846,0.654795,0.000000,1.035601,0.541405,-0.494196,-47.720665,1.419498,0.977272,-0.442226,-31.153673,1.574005,1.158693,-0.415312,-26.385687,1.598887,1.186221,-0.412666,-25.809580,1.619166,1.208142,-0.411024,-25.384926,2013,lai,Leaf Area Index,Index,temporal_spatial_mean,,365.000000,-0.473778,0.473778,0.475133,0.999115,0.000000,0.998230,1.656675
24675,904930,286.903717,286.946838,0.043121,7.340587,7.599391,1.035257,0.026926,0.000000,287.095520,287.589294,0.493774,0.171990,293.073090,293.187469,0.114380,0.039028,296.959747,297.126526,0.166779,0.056162,297.962433,298.161682,0.199249,0.066871,298.754272,299.044067,0.289795,0.097001,2014,t2m,2m Temperature,K,native_spatial_distribution,Native grids; not paired pixelwise,,,,,,,,
365,365,286.208618,285.846710,-0.361908,7.536420,7.262911,0.963708,0.095890,0.069697,287.130157,286.539795,-0.590363,-0.205608,293.433044,292.610352,-0.822693,-0.280368,295.681000,295.201660,-0.479340,-0.162114,295.904602,295.512604,-0.391998,-0.132475,296.461334,295.702301,-0.759033,-0.256031,2014,t2m,2m Temperature,K,temporal_spatial_mean,,365.000000,-0.361898,0.591197,0.717137,0.997182,0.000000,0.994372,0.095156
24675,904930,279.845001,280.513550,0.668549,7.970422,8.281691,1.039053,0.041487,0.000000,278.164246,279.000305,0.836060,0.300563,287.219482,288.391235,1.171753,0.407964,291.781494,292.665588,0.884094,0.302999,293.169373,293.999786,0.830414,0.283254,294.119751,294.883545,0.763794,0.259688,2014,d2m,2m Dewpoint,K,native_spatial_distribution,Native grids; not paired pixelwise,,,,,,,,
365,365,279.282776,280.409973,1.127197,7.011280,6.894789,0.983385,0.112329,0.019926,278.867371,280.455048,1.587677,0.569331,286.089539,287.039642,0.950104,0.332100,288.361938,289.135712,0.773773,0.268334,288.713379,289.532166,0.818787,0.283598,289.492828,290.006866,0.514038,0.177565,2014,d2m,2m Dewpoint,K,temporal_spatial_mean,,365.000000,1.127161,1.128281,1.240927,0.997354,0.000000,0.994715,0.176990
24675,904930,957.039429,958.195190,1.155762,72.287025,73.729034,1.019948,0.033850,0.000000,984.346863,987.682556,3.335693,0.338874,1015.910889,1016.273193,0.362305,0.035663,1017.583801,1017.698425,0.114624,0.011264,1018.039124,1018.009766,-0.029358,-0.002884,1018.830200,1018.611816,-0.218384,-0.021435,2014,sp,Surface Pressure,hPa,native_spatial_distribution,Native grids; not paired pixelwise,,,,,,,,
365,365,956.236633,96707.312500,95751.078125,2.499013,219.421753,87.803360,1.000000,0.000000,956.287048,96705.515625,95749.226562,10012.603516,957.769531,96834.914062,95877.140625,10010.459961,959.494934,96988.593750,96029.101562,10008.296875,960.685913,97097.328125,96136.640625,10007.083008,962.713867,97286.039062,96323.328125,10005.395508,2014,sp,Surface Pressure,hPa,temporal_spatial_mean,,365.000000,95751.078125,95751.078125,95751.328125,0.958565,0.000000,0.918847,38315.656250
24675,904930,0.525064,0.349523,-0.175542,1.295950,1.385869,1.069384,0.105386,0.000000,0.709167,0.521164,-0.188003,-26.510464,1.166932,1.073690,-0.093243,-7.990416,1.870589,1.767946,-0.102643,-5.487190,2.432694,2.148992,-0.283703,-11.662084,3.347437,3.600547,0.253110,7.561320,2014,u10,10m U-Wind,m/s,native_spatial_distribution,Native grids; not paired pixelwise,,,,,,,,
365,365,0.537931,0.139722,-0.398208,0.704051,0.571016,0.811043,0.287671,0.000000,0.517004,0.092274,-0.424730,-82.152237,0.972502,0.496870,-0.475632,-48.908073,1.414816,0.872028,-0.542788,-38.364548,1.692831,1.119860,-0.572971,-33.846909,2.341411,1.609542,-0.731869,-31.257599,2014,u10,10m U-Wind,m/s,temporal_spatial_mean,,365.000000,-0.398208,0.447241,0.528804,0.871443,0.000000,0.759413,0.751089
24675,904930,-0.036646,-0.190156,-0.153510,1.414598,1.507837,1.065912,0.084349,0.000000,0.251682,0.127208,-0.124475,-49.457001,0.652023,0.558675,-0.093348,-14.316651,1.090243,1.078573,-0.011671,-1.070468,1.318175,1.404426,0.086251,6.543212,1.770744,1.964960,0.194216,10.968058,2014,v10,10m V-Wind,m/s,native_spatial_distribution,Native grids; not paired pixelwise,,,,,,,,
365,365,-0.029813,-0.391299,-0.361486,0.651789,0.503303,0.772187,0.273973,0.000000,0.000624,-0.366042,-0.366666,-58732.246094,0.384084,-0.023515,-0.407599,-106.122307,0.827267,0.247756,-0.579511,-70.051308,1.006227,0.356904,-0.649323,-64.530449,1.292711,0.650829,-0.641883,-49.653980,2014,v10,10m V-Wind,m/s,temporal_spatial_mean,,365.000000,-0.361486,0.455122,0.547648,0.775644,0.000000,0.601624,0.840224
24675,904924,1.107864,0.737659,-0.370205,1.042914,0.891935,0.855234,0.233251,0.000000,0.979251,0.408680,-0.570572,-58.266132,1.900364,1.108200,-0.792164,-41.684853,2.686740,2.156048,-0.530691,-19.752243,2.978221,2.584502,-0.393719,-13.219945,3.534683,3.521620,-0.013063,-0.369565,2014,lai,Leaf Area Index,Index,native_spatial_distribution,Native grids; not paired pixelwise,,,,,,,,
365,365,1.136164,0.662406,-0.473758,0.286799,0.320293,1.116785,0.654795,0.000000,1.035601,0.541442,-0.494159,-47.717144,1.419498,0.977272,-0.442226,-31.153673,1.574005,1.158687,-0.415318,-26.386051,1.598887,1.186233,-0.412654,-25.808849,1.619166,1.208140,-0.411026,-25.385029,2014,lai,Leaf Area Index,Index,temporal_spatial_mean,,365.000000,-0.473758,0.473758,0.475112,0.999114,0.000000,0.998228,1.656601
24675,904930,287.757111,287.760925,0.003815,6.938739,7.227436,1.041607,0.025702,0.000000,287.716431,288.167023,0.450592,0.156610,293.532257,293.597778,0.065521,0.022322,297.348419,297.628662,0.280243,0.094247,298.321320,298.632111,0.310791,0.104180,299.031952,299.390503,0.358551,0.119904,2015,t2m,2m Temperature,K,native_spatial_distribution,Native grids; not paired pixelwise,,,,,,,,
365,365,287.100983,286.612976,-0.488007,7.290051,6.976411,0.956977,0.104110,0.038206,287.403900,286.883270,-0.520630,-0.181149,294.517181,293.369507,-1.147675,-0.389680,296.166321,295.352570,-0.813751,-0.274762,296.663635,295.924133,-0.739502,-0.249273,297.147003,296.244629,-0.902374,-0.303679,2015,t2m,2m Temperature,K,temporal_spatial_mean,,365.000000,-0.488007,0.651140,0.762889,0.997587,0.000000,0.995179,0.104648
24675,904930,280.990967,281.567566,0.576599,7.742615,8.118256,1.048516,0.043002,0.000000,279.830170,280.660583,0.830414,0.296756,287.689026,288.802887,1.113861,0.387175,292.640015,293.456726,0.816711,0.279084,293.932251,294.704742,0.772491,0.262813,294.759491,295.508270,0.748779,0.254031,2015,d2m,2m Dewpoint,K,native_spatial_distribution,Native grids; not paired pixelwise,,,,,,,,
365,365,280.429840,281.300995,0.871155,6.572267,6.341219,0.964845,0.079452,0.199648,280.361115,281.928223,1.567108,0.558961,287.014099,287.480042,0.465942,0.162341,288.702637,289.113495,0.410858,0.142312,289.017456,289.416656,0.399200,0.138123,289.541138,289.764618,0.223480,0.077184,2015,d2m,2m Dewpoint,K,temporal_spatial_mean,,365.000000,0.871139,0.885026,1.041416,0.996733,0.000000,0.993477,0.158456
24675,904930,957.457581,958.592468,1.134888,72.326714,73.780090,1.020095,0.033344,0.000000,985.134949,988.523438,3.388489,0.343962,1015.936035,1016.216858,0.280823,0.027642,1018.033691,1018.133545,0.099854,0.009808,1018.500427,1018.623352,0.122925,0.012069,1019.237610,1019.137512,-0.100098,-0.009821,2015,sp,Surface Pressure,hPa,native_spatial_distribution,Native grids; not paired pixelwise,,,,,,,,
365,365,956.656006,96741.632812,95784.976562,2.818045,253.600967,89.991821,1.000000,0.000000,956.637512,96723.179688,95766.539062,10010.745117,958.104370,96883.015625,95924.914062,10011.948242,959.996033,97066.859375,96106.867188,10011.173828,961.715393,97225.960938,96264.242188,10009.638672,964.328491,97415.125000,96450.796875,10001.861328,2015,sp,Surface Pressure,hPa,temporal_spatial_mean,,365.000000,95784.976562,95784.976562,95785.296875,0.967236,0.000000,0.935545,33989.984375
24675,904930,0.348880,0.153736,-0.195144,1.319162,1.398601,1.060219,0.079216,0.000000,0.531575,0.371339,-0.160236,-30.143623,1.083852,0.904418,-0.179434,-16.555199,1.692827,1.645751,-0.047076,-2.780889,2.217158,2.042622,-0.174536,-7.872057,3.307723,3.202540,-0.105183,-3.179918,2015,u10,10m U-Wind,m/s,native_spatial_distribution,Native grids; not paired pixelwise,,,,,,,,
365,365,0.378879,0.015861,-0.363018,0.725592,0.561720,0.774154,0.293151,0.000000,0.413005,-0.001913,-0.414918,-100.463287,0.863184,0.384219,-0.478966,-55.488216,1.305798,0.750903,-0.554895,-42.494713,1.556194,0.899070,-0.657124,-42.226337,1.813506,1.315565,-0.497940,-27.457333,2015,u10,10m U-Wind,m/s,temporal_spatial_mean,,365.000000,-0.363018,0.425699,0.503643,0.883433,0.000000,0.780454,0.694113
24675,904930,-0.023151,-0.188426,-0.165276,1.480449,1.558030,1.052403,0.099386,0.000000,0.328928,0.191920,-0.137008,-41.652973,0.672781,0.572431,-0.100350,-14.915689,0.995028,0.980827,-0.014201,-1.427159,1.181753,1.218081,0.036329,3.074124,1.738642,1.794090,0.055447,3.189124,2015,v10,10m V-Wind,m/s,native_spatial_distribution,Native grids; not paired pixelwise,,,,,,,,
365,365,-0.008651,-0.439051,-0.430401,0.719056,0.538763,0.749265,0.353425,0.000000,0.092839,-0.415530,-0.508369,-547.581177,0.541478,-0.037812,-0.579290,-106.983124,0.824029,0.185045,-0.638984,-77.543884,0.996876,0.341012,-0.655864,-65.791931,1.228045,0.580781,-0.647264,-52.706841,2015,v10,10m V-Wind,m/s,temporal_spatial_mean,,365.000000,-0.430401,0.520482,0.620098,0.784756,0.000000,0.615841,0.862378
24675,904924,1.107864,0.737652,-0.370212,1.042914,0.891941,0.855240,0.233251,0.000000,0.979251,0.408680,-0.570572,-58.266132,1.900364,1.108200,-0.792164,-41.684853,2.686740,2.156048,-0.530691,-19.752243,2.978221,2.584502,-0.393719,-13.219945,3.534683,3.521620,-0.013063,-0.369565,2015,lai,Leaf Area Index,Index,native_spatial_distribution,Native grids; not paired pixelwise,,,,,,,,
365,365,1.136164,0.662396,-0.473768,0.286799,0.320309,1.116840,0.654795,0.000000,1.035601,0.541417,-0.494184,-47.719517,1.419498,0.977272,-0.442226,-31.153673,1.574005,1.158701,-0.415304,-26.385202,1.598887,1.186255,-0.412633,-25.807491,1.619166,1.208176,-0.410990,-25.382799,2015,lai,Leaf Area Index,Index,temporal_spatial_mean,,365.000000,-0.473768,0.473768,0.475123,0.999113,0.000000,0.998227,1.656641
24675,904930,287.913391,287.878998,-0.034393,6.766984,7.018646,1.037190,0.024492,0.000000,288.053406,288.362823,0.309418,0.107417,293.549408,293.431213,-0.118195,-0.040264,297.334167,297.482788,0.148621,0.049984,298.151550,298.427704,0.276154,0.092622,298.819275,299.143890,0.324615,0.108633,2016,t2m,2m Temperature,K,native_spatial_distribution,Native grids; not paired pixelwise,,,,,,,,
366,366,287.263885,286.661041,-0.602844,7.071059,6.736260,0.952652,0.098361,0.057918,287.644592,287.122650,-0.521942,-0.181454,294.163177,293.095398,-1.067780,-0.362989,296.315308,295.276917,-1.038391,-0.350435,296.859619,295.949890,-0.909729,-0.306451,297.868256,296.689453,-1.178802,-0.395746,2016,t2m,2m Temperature,K,temporal_spatial_mean,,366.000000,-0.602813,0.722932,0.840356,0.997578,0.000000,0.995162,0.118844
24675,904930,280.885071,281.515015,0.629944,7.552943,7.910069,1.047283,0.043378,0.000000,279.921539,280.834564,0.913025,0.326172,287.330566,288.411743,1.081177,0.376283,292.048462,292.921265,0.872803,0.298855,293.424438,294.250702,0.826263,0.281593,294.386261,295.134247,0.747986,0.254083,2016,d2m,2m Dewpoint,K,native_spatial_distribution,Native grids; not paired pixelwise,,,,,,,,
366,366,280.368500,281.269073,0.900574,6.362606,6.158192,0.967873,0.079235,0.200906,280.475281,281.911865,1.436584,0.512196,286.219727,286.734680,0.514954,0.179915,288.620758,289.042175,0.421417,0.146011,289.265289,289.782593,0.517303,0.178834,289.615112,290.124298,0.509186,0.175815,2016,d2m,2m Dewpoint,K,temporal_spatial_mean,,366.000000,0.900565,0.910009,1.042619,0.997011,0.000000,0.994031,0.163867
24675,904930,957.296204,958.482178,1.185974,72.263771,73.728844,1.020274,0.034731,0.000000,984.670654,988.050842,3.380188,0.343281,1016.095520,1016.447571,0.352051,0.034647,1017.945129,1018.070496,0.125366,0.012316,1018.388794,1018.465149,0.076355,0.007498,1018.906555,1018.926636,0.020081,0.001971,2016,sp,Surface Pressure,hPa,native_spatial_distribution,Native grids; not paired pixelwise,,,,,,,,
366,366,956.489441,96731.484375,95774.992188,2.529372,211.826828,83.746803,1.000000,0.000000,956.507202,96734.539062,95778.031250,10013.309570,958.106873,96853.421875,95895.312500,10008.832031,959.652588,96986.703125,96027.046875,10006.438477,960.718628,97061.609375,96100.890625,10003.021484,962.686096,97260.031250,96297.343750,10002.984375,2016,sp,Surface Pressure,hPa,temporal_spatial_mean,,366.000000,95774.992188,95774.992188,95775.226562,0.960334,0.000000,0.922242,37865.214844
24675,904930,0.440194,0.289231,-0.150963,1.405123,1.487311,1.058491,0.070191,0.000000,0.593819,0.465275,-0.128544,-21.646952,1.127884,1.045599,-0.082285,-7.295533,1.971254,1.904618,-0.066636,-3.380397,2.598203,2.388209,-0.209994,-8.082283,3.484651,3.535907,0.051256,1.470920,2016,u10,10m U-Wind,m/s,native_spatial_distribution,Native grids; not paired pixelwise,,,,,,,,
366,366,0.452644,0.105592,-0.347052,0.710840,0.574750,0.808550,0.256831,0.000000,0.425373,0.038529,-0.386844,-90.942322,0.907571,0.478399,-0.429172,-47.288017,1.369466,0.834282,-0.535184,-39.079762,1.589523,1.124375,-0.465148,-29.263367,2.235200,1.638513,-0.596687,-26.695026,2016,u10,10m U-Wind,m/s,temporal_spatial_mean,,366.000000,-0.347052,0.399922,0.481627,0.886186,0.000000,0.785326,0.677546
24675,904930,-0.040263,-0.182728,-0.142465,1.422567,1.539770,1.082388,0.083642,0.000000,0.265863,0.165290,-0.100572,-37.828644,0.608047,0.571727,-0.036320,-5.973238,0.975837,1.041608,0.065771,6.739916,1.300924,1.329863,0.028939,2.224460,1.858451,1.961362,0.102911,5.537454,2016,v10,10m V-Wind,m/s,native_spatial_distribution,Native grids; not paired pixelwise,,,,,,,,
366,366,-0.031713,-0.434873,-0.403159,0.672298,0.482914,0.718305,0.371585,0.000000,0.044799,-0.418297,-0.463095,-1033.729370,0.447977,-0.090108,-0.538085,-120.114388,0.810800,0.167861,-0.642939,-79.296875,0.942927,0.301410,-0.641517,-68.034653,1.263860,0.624744,-0.639116,-50.568584,2016,v10,10m V-Wind,m/s,temporal_spatial_mean,,366.000000,-0.403159,0.535567,0.621046,0.711554,0.000000,0.506309,0.923767
24675,904924,1.107101,0.736693,-0.370408,1.042036,0.890820,0.854884,0.233520,0.000000,0.978737,0.408281,-0.570456,-58.284882,1.899256,1.106878,-0.792378,-41.720428,2.683667,2.152638,-0.531029,-19.787422,2.975115,2.580269,-0.394845,-13.271598,3.533020,3.518519,-0.014501,-0.410438,2016,lai,Leaf Area Index,Index,native_spatial_distribution,Native grids; not paired pixelwise,,,,,,,,
366,366,1.135380,0.661565,-0.473815,0.286799,0.320271,1.116708,0.655738,0.000000,1.034590,0.538952,-0.495638,-47.906731,1.417773,0.976080,-0.441693,-31.154030,1.574003,1.158596,-0.415407,-26.391777,1.598859,1.186172,-0.412687,-25.811365,1.619156,1.208163,-0.410992,-25.383121,2016,lai,Leaf Area Index,Index,temporal_spatial_mean,,366.000000,-0.473815,0.473815,0.475168,0.999111,0.000000,0.998223,1.656796
24675,904930,287.728119,287.775269,0.047150,7.036549,7.228779,1.027319,0.022320,0.000000,288.035583,288.309326,0.273743,0.095038,293.703125,293.637360,-0.065765,-0.022392,297.343597,297.523621,0.180023,0.060544,298.088409,298.330597,0.242188,0.081247,298.727966,299.015320,0.287354,0.096192,2017,t2m,2m Temperature,K,native_spatial_distribution,Native grids; not paired pixelwise,,,,,,,,
365,365,287.046387,286.445160,-0.601227,6.977917,6.723459,0.963534,0.087671,0.120960,287.242737,286.148010,-1.094727,-0.381115,293.753265,292.865723,-0.887543,-0.302139,295.909698,295.319611,-0.590088,-0.199415,296.651367,295.835297,-0.816071,-0.275094,297.256409,296.035065,-1.221344,-0.410872,2017,t2m,2m Temperature,K,temporal_spatial_mean,,365.000000,-0.601233,0.753971,0.887535,0.996147,0.000000,0.992310,0.127192
24675,904930,280.745209,281.228149,0.482941,7.831351,8.269129,1.055901,0.040174,0.000000,279.675079,280.422028,0.746948,0.267077,287.566528,288.520508,0.953979,0.331742,292.380646,293.197083,0.816437,0.279238,293.596405,294.395142,0.798737,0.272053,294.430176,295.211670,0.781494,0.265426,2017,d2m,2m Dewpoint,K,native_spatial_distribution,Native grids; not paired pixelwise,,,,,,,,
365,365,280.158508,280.887299,0.728790,6.280265,6.016171,0.957949,0.079452,0.199648,279.858429,280.488190,0.629761,0.225028,286.187073,286.664398,0.477325,0.166788,288.513855,288.807556,0.293701,0.101798,288.928650,289.097015,0.168365,0.058272,289.472015,289.423553,-0.048462,-0.016741,2017,d2m,2m Dewpoint,K,temporal_spatial_mean,,365.000000,0.728789,0.777244,0.953633,0.995917,0.000000,0.991851,0.151846
24675,904930,956.932922,958.110596,1.177673,72.168823,73.631416,1.020266,0.035168,0.000000,983.971741,987.322144,3.350403,0.340498,1015.703003,1016.082520,0.379517,0.037365,1017.676331,1017.771240,0.094910,0.009326,1018.222473,1018.230774,0.008301,0.000815,1019.109619,1018.919189,-0.190430,-0.018686,2017,sp,Surface Pressure,hPa,native_spatial_distribution,Native grids; not paired pixelwise,,,,,,,,
365,365,956.121765,96699.273438,95743.148438,3.160491,278.296661,88.054886,1.000000,0.000000,956.148438,96706.937500,95750.789062,10014.217773,958.278564,96879.890625,95921.609375,10009.783203,959.621277,97026.109375,96066.484375,10010.874023,960.973267,97131.242188,96170.265625,10007.590820,964.405029,97385.046875,96420.640625,9997.940430,2017,sp,Surface Pressure,hPa,temporal_spatial_mean,,365.000000,95743.156250,95743.156250,95743.554688,0.972547,0.000000,0.945848,30293.886719
24675,904930,0.464069,0.299357,-0.164711,1.429356,1.476197,1.032770,0.092606,0.000000,0.652975,0.495264,-0.157711,-24.152636,1.150060,1.063751,-0.086309,-7.504733,2.020683,1.849004,-0.171680,-8.496117,2.693492,2.348091,-0.345401,-12.823539,3.524472,3.544018,0.019546,0.554567,2017,u10,10m U-Wind,m/s,native_spatial_distribution,Native grids; not paired pixelwise,,,,,,,,
365,365,0.483381,0.129151,-0.354230,0.750047,0.577459,0.769897,0.252055,0.000000,0.404762,0.083737,-0.321025,-79.312035,0.922316,0.459399,-0.462916,-50.190681,1.495015,0.938739,-0.556276,-37.208710,1.814800,1.213574,-0.601226,-33.129059,2.545279,1.646738,-0.898541,-35.302254,2017,u10,10m U-Wind,m/s,temporal_spatial_mean,,365.000000,-0.354230,0.417971,0.519409,0.867796,0.000000,0.753070,0.692502
24675,904930,0.041521,-0.100021,-0.141542,1.419182,1.546238,1.089527,0.083914,0.000000,0.321548,0.229080,-0.092468,-28.757248,0.705496,0.635690,-0.069806,-9.894591,1.123003,1.161386,0.038383,3.417869,1.340264,1.516625,0.176360,13.158617,1.835868,2.132896,0.297028,16.179138,2017,v10,10m V-Wind,m/s,native_spatial_distribution,Native grids; not paired pixelwise,,,,,,,,
365,365,0.046969,-0.371135,-0.418104,0.652876,0.516192,0.790643,0.304110,0.000000,0.054295,-0.380890,-0.435185,-801.521301,0.535733,-0.026672,-0.562406,-104.978661,0.870414,0.295452,-0.574962,-66.056152,1.020088,0.445233,-0.574855,-56.353447,1.441001,0.787784,-0.653217,-45.330765,2017,v10,10m V-Wind,m/s,temporal_spatial_mean,,365.000000,-0.418104,0.518539,0.611155,0.732920,0.000000,0.537171,0.936097
24675,904924,1.107864,0.737633,-0.370231,1.042914,0.891957,0.855255,0.233251,0.000000,0.979251,0.408680,-0.570572,-58.266132,1.900364,1.108200,-0.792164,-41.684853,2.686740,2.156048,-0.530691,-19.752243,2.978221,2.584502,-0.393719,-13.219945,3.534683,3.521620,-0.013063,-0.369565,2017,lai,Leaf Area Index,Index,native_spatial_distribution,Native grids; not paired pixelwise,,,,,,,,
365,365,1.136164,0.662389,-0.473775,0.286799,0.320302,1.116817,0.654795,0.000000,1.035601,0.541364,-0.494236,-47.724613,1.419498,0.977272,-0.442226,-31.153673,1.574005,1.158677,-0.415328,-26.386724,1.598887,1.186221,-0.412666,-25.809593,1.619166,1.208137,-0.411029,-25.385206,2017,lai,Leaf Area Index,Index,temporal_spatial_mean,,365.000000,-0.473775,0.473775,0.475129,0.999115,0.000000,0.998230,1.656663
24675,904930,287.331421,287.434082,0.102661,7.136925,7.289511,1.021380,0.020584,0.000000,287.596191,287.980225,0.384033,0.133532,293.346069,293.263641,-0.082428,-0.028099,297.069794,297.273895,0.204102,0.068705,297.916595,298.263000,0.346405,0.116276,298.633728,299.004059,0.370331,0.124008,2018,t2m,2m Temperature,K,native_spatial_distribution,Native grids; not paired pixelwise,,,,,,,,
365,365,286.627686,286.139679,-0.488007,7.498044,7.059312,0.941487,0.104110,0.038206,285.770935,285.923157,0.152222,0.053267,294.488647,293.260223,-1.228424,-0.417138,296.564453,295.771271,-0.793182,-0.267457,297.006622,296.026642,-0.979980,-0.329952,297.442505,296.534729,-0.907776,-0.305194,2018,t2m,2m Temperature,K,temporal_spatial_mean,,365.000000,-0.488043,0.713660,0.874376,0.996846,0.000000,0.993703,0.116614
24675,904930,280.484772,280.979462,0.494690,7.972301,8.344180,1.046646,0.037201,0.000000,279.664612,280.296021,0.631409,0.225774,287.342804,288.310181,0.967377,0.336663,292.282013,293.081024,0.799011,0.273370,293.463837,294.249054,0.785217,0.267569,294.320801,295.062805,0.742004,0.252107,2018,d2m,2m Dewpoint,K,native_spatial_distribution,Native grids; not paired pixelwise,,,,,,,,
365,365,279.879028,280.643341,0.764313,6.762634,6.405747,0.947227,0.112329,0.019926,279.624542,280.874268,1.249725,0.446930,286.842682,287.175049,0.332367,0.115871,288.733093,289.048523,0.315430,0.109246,289.110321,289.430725,0.320404,0.110824,289.690826,289.736938,0.046112,0.015918,2018,d2m,2m Dewpoint,K,temporal_spatial_mean,,365.000000,0.764324,0.826085,1.031862,0.995924,0.000000,0.991864,0.152583
24675,904930,957.840393,958.961914,1.121521,72.450462,73.891724,1.019893,0.034942,0.000000,985.339539,988.653076,3.313538,0.336284,1016.483032,1016.819946,0.336914,0.033145,1018.554321,1018.639160,0.084839,0.008329,1019.165710,1019.112122,-0.053589,-0.005258,1020.063538,1019.902344,-0.161194,-0.015802,2018,sp,Surface Pressure,hPa,native_spatial_distribution,Native grids; not paired pixelwise,,,,,,,,
365,365,957.072510,96794.804688,95837.734375,2.863305,248.581635,86.816322,1.000000,0.000000,956.880066,96772.718750,95815.835938,10013.359375,958.458496,96913.101562,95954.640625,10011.350586,960.468201,97100.648438,96140.179688,10009.720703,962.912231,97292.398438,96329.484375,10003.972656,965.521973,97566.164062,96600.640625,10005.017578,2018,sp,Surface Pressure,hPa,temporal_spatial_mean,,365.000000,95837.734375,95837.734375,95838.046875,0.969938,0.000000,0.940781,33471.125000
24675,904930,0.375230,0.219917,-0.155313,1.363854,1.423999,1.044099,0.072864,0.000000,0.510561,0.362187,-0.148374,-29.061058,1.039237,0.938491,-0.100747,-9.694306,1.819861,1.770470,-0.049391,-2.714007,2.498570,2.255300,-0.243270,-9.736358,3.467410,3.457305,-0.010105,-0.291439,2018,u10,10m U-Wind,m/s,native_spatial_distribution,Native grids; not paired pixelwise,,,,,,,,
365,365,0.397724,0.053518,-0.344205,0.664497,0.551712,0.830270,0.284932,0.000000,0.431831,-0.013660,-0.445491,-103.163353,0.790192,0.397243,-0.392949,-49.728245,1.266098,0.783822,-0.482276,-38.091522,1.553013,1.102918,-0.450095,-28.982037,2.015509,1.442993,-0.572516,-28.405518,2018,u10,10m U-Wind,m/s,temporal_spatial_mean,,365.000000,-0.344205,0.393167,0.464545,0.884612,0.000000,0.782539,0.699093
24675,904930,0.021589,-0.130030,-0.151619,1.479889,1.573416,1.063199,0.087900,0.000000,0.278255,0.177205,-0.101050,-36.315670,0.688742,0.585526,-0.103215,-14.986059,1.186249,1.209898,0.023648,1.993522,1.464334,1.548787,0.084452,5.767289,1.981218,2.043463,0.062244,3.141718,2018,v10,10m V-Wind,m/s,native_spatial_distribution,Native grids; not paired pixelwise,,,,,,,,
365,365,0.026975,-0.417265,-0.444241,0.656079,0.490871,0.748189,0.386301,0.000000,0.134440,-0.375292,-0.509732,-379.151733,0.566652,-0.113018,-0.679670,-119.944870,0.791917,0.160638,-0.631278,-79.715233,0.912678,0.284405,-0.628273,-68.838448,1.094963,0.697494,-0.397469,-36.299763,2018,v10,10m V-Wind,m/s,temporal_spatial_mean,,365.000000,-0.444241,0.538765,0.624163,0.743928,0.000000,0.553429,0.951353
24675,904924,1.107864,0.737648,-0.370216,1.042914,0.891944,0.855243,0.233251,0.000000,0.979251,0.408680,-0.570572,-58.266132,1.900364,1.108200,-0.792164,-41.684853,2.686740,2.156048,-0.530691,-19.752243,2.978221,2.584502,-0.393719,-13.219945,3.534683,3.521620,-0.013063,-0.369565,2018,lai,Leaf Area Index,Index,native_spatial_distribution,Native grids; not paired pixelwise,,,,,,,,
365,365,1.136164,0.662402,-0.473762,0.286799,0.320300,1.116810,0.654795,0.000000,1.035601,0.541431,-0.494170,-47.718197,1.419498,0.977272,-0.442226,-31.153673,1.574005,1.158700,-0.415305,-26.385256,1.598887,1.186233,-0.412654,-25.808832,1.619166,1.208146,-0.411020,-25.384691,2018,lai,Leaf Area Index,Index,temporal_spatial_mean,,365.000000,-0.473762,0.473762,0.475116,0.999114,0.000000,0.998229,1.656616
24675,904930,287.053162,287.132904,0.079742,7.503825,7.653576,1.019957,0.021180,0.000000,287.465271,287.901367,0.436096,0.151704,293.452881,293.345856,-0.107025,-0.036471,297.226593,297.405701,0.179108,0.060260,298.167542,298.463470,0.295929,0.099249,298.983002,299.356018,0.373016,0.124762,2019,t2m,2m Temperature,K,native_spatial_distribution,Native grids; not paired pixelwise,,,,,,,,
365,365,286.348419,285.965149,-0.383270,7.487239,7.060855,0.943052,0.090411,0.101214,286.832520,286.321442,-0.511078,-0.178180,293.551605,292.878113,-0.673492,-0.229429,296.207458,295.432220,-0.775238,-0.261721,296.921814,295.914581,-1.007233,-0.339225,297.268005,296.225677,-1.042328,-0.350636,2019,t2m,2m Temperature,K,temporal_spatial_mean,,365.000000,-0.383282,0.640594,0.752502,0.997753,0.000000,0.995511,0.100505
24675,904930,280.411987,280.953064,0.541077,8.100907,8.522584,1.052053,0.043960,0.000000,279.445984,280.214905,0.768921,0.275159,287.146820,288.146484,0.999664,0.348137,292.521545,293.379761,0.858215,0.293385,293.911835,294.700775,0.788940,0.268428,294.807037,295.567474,0.760437,0.257944,2019,d2m,2m Dewpoint,K,native_spatial_distribution,Native grids; not paired pixelwise,,,,,,,,
365,365,279.805267,280.677643,0.872375,6.607110,6.389827,0.967114,0.098630,0.057357,279.495941,280.616638,1.120697,0.400971,286.427155,287.196228,0.769073,0.268506,288.475525,288.977295,0.501770,0.173939,289.061890,289.316162,0.254272,0.087965,289.434753,289.722870,0.288116,0.099545,2019,d2m,2m Dewpoint,K,temporal_spatial_mean,,365.000000,0.872408,0.892523,1.073294,0.995930,0.000000,0.991877,0.162445
24675,904930,956.975098,958.126526,1.151428,72.422104,73.901939,1.020433,0.035162,0.000000,984.402100,987.725708,3.323608,0.337627,1015.796387,1016.151123,0.354736,0.034922,1017.590881,1017.678040,0.087158,0.008565,1018.127380,1018.117004,-0.010376,-0.001019,1018.821777,1018.705872,-0.115906,-0.011376,2019,sp,Surface Pressure,hPa,native_spatial_distribution,Native grids; not paired pixelwise,,,,,,,,
365,365,956.202576,96714.390625,95758.187500,2.739017,238.010406,86.896271,1.000000,0.000000,956.094910,96710.015625,95753.921875,10015.106445,958.138855,96886.101562,95927.960938,10011.906250,959.542908,97025.968750,96066.429688,10011.686523,960.959656,97113.164062,96152.203125,10005.851562,962.641174,97230.140625,96267.500000,10000.351562,2019,sp,Surface Pressure,hPa,temporal_spatial_mean,,365.000000,95758.195312,95758.195312,95758.476562,0.965149,0.000000,0.931513,34960.886719
24675,904930,0.406375,0.261930,-0.144445,1.354680,1.421215,1.049114,0.076566,0.000000,0.582321,0.452151,-0.130170,-22.353619,1.070822,0.983032,-0.087789,-8.198324,1.811874,1.801290,-0.010584,-0.584160,2.480116,2.237624,-0.242492,-9.777444,3.493745,3.408903,-0.084842,-2.428390,2019,u10,10m U-Wind,m/s,native_spatial_distribution,Native grids; not paired pixelwise,,,,,,,,
365,365,0.429875,0.097656,-0.332218,0.656011,0.502486,0.765971,0.301370,0.000000,0.465260,0.109352,-0.355908,-76.496666,0.831179,0.395724,-0.435455,-52.390011,1.225723,0.723643,-0.502080,-40.961937,1.516153,0.973761,-0.542391,-35.774200,2.012241,1.302521,-0.709720,-35.270138,2019,u10,10m U-Wind,m/s,temporal_spatial_mean,,365.000000,-0.332218,0.393066,0.475451,0.860278,0.000000,0.740078,0.724761
24675,904930,0.009898,-0.137029,-0.146926,1.363425,1.464659,1.074250,0.090531,0.000000,0.268652,0.157733,-0.110920,-41.287434,0.695462,0.586108,-0.109354,-15.723929,1.044579,1.087792,0.043213,4.136896,1.323983,1.365575,0.041592,3.141439,1.897701,1.956342,0.058641,3.090099,2019,v10,10m V-Wind,m/s,native_spatial_distribution,Native grids; not paired pixelwise,,,,,,,,
365,365,0.011756,-0.423458,-0.435215,0.625309,0.562641,0.899780,0.320548,0.000000,0.050425,-0.382425,-0.432850,-858.396729,0.489290,-0.034576,-0.523867,-107.066666,0.775201,0.234161,-0.541040,-69.793564,0.961545,0.475484,-0.486061,-50.550007,1.306270,0.768627,-0.537644,-41.158680,2019,v10,10m V-Wind,m/s,temporal_spatial_mean,,365.000000,-0.435215,0.500208,0.588470,0.782623,0.000000,0.612498,0.941086
24675,904924,1.107864,0.737650,-0.370214,1.042914,0.891943,0.855241,0.233251,0.000000,0.979251,0.408680,-0.570572,-58.266132,1.900364,1.108200,-0.792164,-41.684853,2.686740,2.156048,-0.530691,-19.752243,2.978221,2.584502,-0.393719,-13.219945,3.534683,3.521620,-0.013063,-0.369565,2019,lai,Leaf Area Index,Index,native_spatial_distribution,Native grids; not paired pixelwise,,,,,,,,
365,365,1.136164,0.662409,-0.473755,0.286799,0.320302,1.116818,0.654795,0.000000,1.035601,0.541450,-0.494151,-47.716377,1.419498,0.977272,-0.442226,-31.153673,1.574005,1.158708,-0.415297,-26.384726,1.598887,1.186268,-0.412620,-25.806671,1.619166,1.208172,-0.410994,-25.383062,2019,lai,Leaf Area Index,Index,temporal_spatial_mean,,365.000000,-0.473755,0.473755,0.475110,0.999114,0.000000,0.998229,1.656594
24675,904930,287.785919,287.856750,0.070831,6.964772,7.116010,1.021715,0.020540,0.000000,287.772400,288.174774,0.402374,0.139824,293.692749,293.674835,-0.017914,-0.006100,297.404877,297.570068,0.165192,0.055544,298.245117,298.496613,0.251495,0.084325,298.977203,299.298981,0.321777,0.107626,2020,t2m,2m Temperature,K,native_spatial_distribution,Native grids; not paired pixelwise,,,,,,,,
366,366,287.108521,286.555664,-0.552856,7.025816,6.677098,0.950366,0.136612,0.002135,286.609863,285.832825,-0.777039,-0.271114,293.648102,292.561462,-1.086639,-0.370048,296.812653,295.883789,-0.928864,-0.312946,297.265442,296.166565,-1.098877,-0.369662,297.498596,296.462067,-1.036530,-0.348415,2020,t2m,2m Temperature,K,temporal_spatial_mean,,366.000000,-0.552872,0.746827,0.876016,0.996375,0.000000,0.992763,0.124685
24675,904930,280.426453,281.020996,0.594543,8.201954,8.555234,1.043073,0.039649,0.000000,279.472839,280.390564,0.917725,0.328377,287.485321,288.445282,0.959961,0.333917,292.481079,293.337708,0.856628,0.292883,293.818848,294.623322,0.804474,0.273799,294.808899,295.536743,0.727844,0.246887,2020,d2m,2m Dewpoint,K,native_spatial_distribution,Native grids; not paired pixelwise,,,,,,,,
366,366,279.878387,280.834625,0.956238,6.069296,5.913365,0.974308,0.109290,0.025193,278.682343,280.016907,1.334564,0.478884,285.598450,286.434601,0.836151,0.292772,288.377014,288.959290,0.582275,0.201915,288.993042,289.408569,0.415527,0.143785,289.930359,290.090424,0.160065,0.055208,2020,d2m,2m Dewpoint,K,temporal_spatial_mean,,366.000000,0.956251,0.982670,1.139241,0.994997,0.000000,0.990018,0.187706
24675,904930,957.457336,958.649597,1.192261,72.166344,73.610786,1.020015,0.034890,0.000000,984.661072,988.034546,3.373474,0.342603,1016.050659,1016.396973,0.346313,0.034084,1018.130676,1018.292114,0.161438,0.015856,1018.794922,1018.815186,0.020264,0.001989,1019.525696,1019.494446,-0.031250,-0.003065,2020,sp,Surface Pressure,hPa,native_spatial_distribution,Native grids; not paired pixelwise,,,,,,,,
366,366,956.621521,96748.156250,95791.531250,2.683521,238.103775,88.728127,1.000000,0.000000,956.593872,96740.453125,95783.859375,10013.011719,958.344238,96902.515625,95944.171875,10011.451172,959.929443,97039.796875,96079.867188,10009.055664,961.036987,97159.523438,96198.484375,10009.862305,963.548096,97359.804688,96396.257812,10004.301758,2020,sp,Surface Pressure,hPa,temporal_spatial_mean,,366.000000,95791.539062,95791.539062,95791.835938,0.965641,0.000000,0.932463,35696.328125
24675,904930,0.440296,0.263199,-0.177098,1.489132,1.542219,1.035650,0.104659,0.000000,0.700660,0.503230,-0.197430,-28.177711,1.235734,1.089607,-0.146126,-11.825061,1.950236,1.827113,-0.123123,-6.313232,2.502186,2.285561,-0.216625,-8.657448,3.524003,3.725497,0.201494,5.717759,2020,u10,10m U-Wind,m/s,native_spatial_distribution,Native grids; not paired pixelwise,,,,,,,,
366,366,0.471645,0.127547,-0.344098,0.741412,0.580639,0.783153,0.273224,0.000000,0.461615,0.069091,-0.392524,-85.032768,0.926591,0.489343,-0.437248,-47.188927,1.397146,0.889899,-0.507247,-36.305935,1.799200,1.079899,-0.719300,-39.978909,2.420569,1.698400,-0.722169,-29.834665,2020,u10,10m U-Wind,m/s,temporal_spatial_mean,,366.000000,-0.344098,0.410149,0.489664,0.889058,0.000000,0.790425,0.660447
24675,904930,0.002162,-0.188489,-0.190650,1.501119,1.625996,1.083189,0.135839,0.000000,0.317816,0.192871,-0.124945,-39.313515,0.623576,0.549332,-0.074244,-11.906218,1.078244,1.048444,-0.029800,-2.763791,1.319887,1.426259,0.106371,8.059119,1.692200,1.947508,0.255309,15.087390,2020,v10,10m V-Wind,m/s,native_spatial_distribution,Native grids; not paired pixelwise,,,,,,,,
366,366,0.016261,-0.455171,-0.471432,0.682523,0.512660,0.751125,0.352459,0.000000,0.022918,-0.401291,-0.424208,-1851.020752,0.586197,-0.089142,-0.675338,-115.206795,0.867484,0.179632,-0.687852,-79.292763,1.026662,0.328150,-0.698512,-68.037163,1.247028,0.546871,-0.700157,-56.146034,2020,v10,10m V-Wind,m/s,temporal_spatial_mean,,366.000000,-0.471432,0.541191,0.642148,0.769576,0.000000,0.592247,0.940844
24675,904924,1.107101,0.736707,-0.370394,1.042036,0.890809,0.854874,0.233520,0.000000,0.978737,0.408281,-0.570456,-58.284882,1.899256,1.106878,-0.792378,-41.720428,2.683667,2.152638,-0.531029,-19.787422,2.975115,2.580269,-0.394845,-13.271598,3.533020,3.518519,-0.014501,-0.410438,2020,lai,Leaf Area Index,Index,native_spatial_distribution,Native grids; not paired pixelwise,,,,,,,,
366,366,1.135380,0.661584,-0.473796,0.286799,0.320249,1.116630,0.655738,0.000000,1.034590,0.538987,-0.495603,-47.903343,1.417773,0.976070,-0.441703,-31.154724,1.574003,1.158578,-0.415425,-26.392914,1.598859,1.186167,-0.412692,-25.811649,1.619156,1.208128,-0.411028,-25.385323,2020,lai,Leaf Area Index,Index,temporal_spatial_mean,,366.000000,-0.473796,0.473796,0.475147,0.999111,0.000000,0.998223,1.656724
