n,era5_mean,conus404_mean,bias,mae,rmse,pearson_r,pearson_pvalue,r_squared,nrmse,n_era5,n_conus404,mean_difference,era5_std,conus404_std,std_ratio,ks_statistic,ks_pvalue,p50_era5,p50_conus404,p50_difference,p50_percent_bias,p75_era5,p75_conus404,p75_difference,p75_percent_bias,p90_era5,p90_conus404,p90_difference,p90_percent_bias,p95_era5,p95_conus404,p95_difference,p95_percent_bias,p99_era5,p99_conus404,p99_difference,p99_percent_bias,year,season,variable,variable_name,units
91,276.461182,276.569092,0.107961,0.577032,0.718847,0.967461,0.000000,0.935981,0.307470,91,91,0.107910,2.337944,1.867968,0.798979,0.120879,0.521725,276.488892,276.684601,0.195709,0.070784,278.154022,278.088837,-0.065186,-0.023435,279.512817,278.889557,-0.623260,-0.222981,279.992615,279.252014,-0.740601,-0.264507,280.610199,279.721985,-0.888214,-0.316530,1980,Winter,t2m,2m Temperature,K
92,284.905304,284.447754,-0.457570,0.578339,0.706035,0.994812,0.000000,0.989650,0.153926,92,92,-0.457550,4.586862,4.295929,0.936573,0.108696,0.651538,284.438019,284.210938,-0.227081,-0.079835,288.324554,287.718201,-0.606354,-0.210303,290.744049,289.908356,-0.835693,-0.287433,291.600494,290.516632,-1.083862,-0.371694,292.599426,291.075409,-1.524017,-0.520855,1980,Spring,t2m,2m Temperature,K
92,295.179565,294.153015,-1.026562,1.026562,1.062683,0.987358,0.000000,0.974875,0.637373,92,92,-1.026550,1.667285,1.571214,0.942379,0.358696,0.000012,295.413086,294.492004,-0.921082,-0.311794,296.573883,295.352539,-1.221344,-0.411818,297.069733,295.738708,-1.331024,-0.448051,297.224457,295.998871,-1.225586,-0.412344,297.442657,296.447723,-0.994934,-0.334496,1980,Summer,t2m,2m Temperature,K
91,286.910919,286.793335,-0.117569,0.501308,0.607748,0.996651,0.000000,0.993314,0.123657,91,91,-0.117584,4.914782,4.457842,0.907027,0.087912,0.876095,286.490143,286.574829,0.084686,0.029560,291.434326,290.553772,-0.880554,-0.302145,292.708405,292.278015,-0.430389,-0.147037,294.211243,293.515930,-0.695312,-0.236331,294.880524,293.919586,-0.960938,-0.325873,1980,Autumn,t2m,2m Temperature,K
91,271.385712,272.423553,1.037841,1.094625,1.236610,0.976280,0.000000,0.953123,0.481769,91,91,1.037842,2.566810,2.127451,0.828831,0.241758,0.009575,271.346130,272.544952,1.198822,0.441805,273.206604,273.898193,0.691589,0.253138,274.956329,275.008606,0.052277,0.019013,275.888062,275.806244,-0.081818,-0.029656,276.780304,276.888672,0.108368,0.039153,1980,Winter,d2m,2m Dewpoint,K
92,277.661560,278.597687,0.936165,0.974236,1.093393,0.989991,0.000000,0.980082,0.277103,92,92,0.936127,3.945799,4.001110,1.014018,0.184783,0.086376,276.751801,278.121338,1.369537,0.494861,281.071442,282.172058,1.100616,0.391579,283.170593,283.826874,0.656281,0.231762,283.822266,284.222687,0.400421,0.141082,284.244019,284.736420,0.492401,0.173232,1980,Spring,d2m,2m Dewpoint,K
92,287.331787,287.237274,-0.094559,0.301837,0.353662,0.985349,0.000000,0.970912,0.204503,92,92,-0.094513,1.729373,1.533330,0.886639,0.141304,0.318630,287.926208,287.793945,-0.132263,-0.045936,288.698608,288.426575,-0.272034,-0.094228,289.048492,288.761078,-0.287415,-0.099435,289.132690,288.874237,-0.258453,-0.089389,289.290985,288.963104,-0.327881,-0.113339,1980,Summer,d2m,2m Dewpoint,K
91,280.413300,281.395142,0.981836,0.997966,1.153512,0.995298,0.000000,0.990618,0.258719,91,91,0.981842,4.458560,4.013228,0.900118,0.164835,0.169060,279.911957,281.219391,1.307434,0.467088,284.534180,285.057495,0.523315,0.183920,286.668701,286.583038,-0.085663,-0.029882,287.468628,287.615387,0.146759,0.051052,287.782043,288.011444,0.229401,0.079713,1980,Autumn,d2m,2m Dewpoint,K
91,956.645325,96753.539062,95796.898438,95796.898438,95797.398438,0.968251,0.000000,0.937510,27255.011719,91,91,95796.890625,3.514854,314.092072,89.361328,1.000000,0.000000,956.961670,96786.914062,95829.953125,10013.979492,959.435303,96975.960938,96016.523438,10007.607422,960.836975,97119.062500,96158.226562,10007.756836,961.169312,97180.742188,96219.570312,10010.678711,964.878113,97370.242188,96405.367188,9991.456055,1980,Winter,sp,Surface Pressure,hPa
92,954.470337,96589.046875,95634.562500,95634.562500,95634.750000,0.940224,0.000000,0.884022,41473.515625,92,92,95634.578125,2.305923,188.702393,81.833763,1.000000,0.000000,954.192261,96578.015625,95623.820312,10021.441406,955.992126,96701.187500,95745.195312,10015.270508,957.323608,96799.382812,95842.062500,10011.458984,958.088196,96893.656250,95935.570312,10013.229492,960.626160,97021.859375,96061.234375,9999.855469,1980,Spring,sp,Surface Pressure,hPa
92,955.624634,96644.351562,95688.742188,95688.742188,95688.820312,0.965830,0.000000,0.932827,63795.222656,92,92,95688.726562,1.499937,130.707611,87.142067,1.000000,0.000000,955.668335,96637.031250,95681.359375,10011.984375,956.400513,96716.695312,95760.296875,10012.573242,957.689331,96819.742188,95862.054688,10009.722656,958.016785,96834.906250,95876.890625,10007.850586,958.874146,96939.218750,95980.343750,10009.691406,1980,Summer,sp,Surface Pressure,hPa
91,956.369873,96698.265625,95741.898438,95741.898438,95742.179688,0.973099,0.000000,0.946921,36302.050781,91,91,95741.898438,2.637377,232.848053,88.287758,1.000000,0.000000,956.258911,96696.226562,95739.968750,10011.929688,958.341797,96857.312500,95898.968750,10006.760742,960.076233,97003.726562,96043.648438,10003.752930,960.627319,97071.500000,96110.875000,10005.011719,961.991089,97207.546875,96245.554688,10004.827148,1980,Autumn,sp,Surface Pressure,hPa
91,0.809551,0.505559,-0.303992,0.416655,0.512598,0.785148,0.000000,0.616457,0.769295,91,91,-0.303992,0.666321,0.515504,0.773657,0.274725,0.001979,0.791864,0.464232,-0.327633,-41.374832,1.253106,0.811049,-0.442057,-35.276917,1.561530,1.181579,-0.379951,-24.331987,1.676908,1.298591,-0.378317,-22.560387,2.622729,1.719618,-0.903111,-34.434032,1980,Winter,u10,10m U-Wind,m/s
92,0.489901,0.173884,-0.316017,0.360629,0.425541,0.889576,0.000000,0.791345,0.683940,92,92,-0.316017,0.622190,0.532424,0.855725,0.282609,0.001213,0.534292,0.203599,-0.330693,-61.893738,0.830574,0.491764,-0.338811,-40.792336,1.272763,0.884521,-0.388243,-30.503902,1.664073,1.036849,-0.627224,-37.692104,1.854575,1.353269,-0.501306,-27.030788,1980,Spring,u10,10m U-Wind,m/s
92,0.442588,-0.018566,-0.461154,0.465969,0.518394,0.846630,0.000000,0.716783,1.195989,92,92,-0.461154,0.433444,0.313489,0.723252,0.500000,0.000000,0.416609,-0.023385,-0.439994,-105.613052,0.776129,0.247622,-0.528507,-68.095284,1.022854,0.319181,-0.703673,-68.795082,1.111441,0.408563,-0.702878,-63.240234,1.322298,0.584285,-0.738013,-55.812897,1980,Summer,u10,10m U-Wind,m/s
91,0.463815,0.146843,-0.316972,0.355196,0.423380,0.915270,0.000000,0.837720,0.634387,91,91,-0.316972,0.667385,0.530217,0.794471,0.274725,0.001979,0.386767,0.068392,-0.318375,-82.316963,0.805411,0.424399,-0.381012,-47.306492,1.260227,0.872661,-0.387565,-30.753624,1.686302,1.156939,-0.529364,-31.391972,2.270135,1.565967,-0.704168,-31.018770,1980,Autumn,u10,10m U-Wind,m/s
91,-0.449761,-0.459208,-0.009448,0.396949,0.494247,0.848516,0.000000,0.719980,0.533392,91,91,-0.009448,0.926611,0.724896,0.782309,0.076923,0.952399,-0.570611,-0.526733,0.043878,7.689641,0.094555,0.116418,0.021863,23.122208,0.856173,0.433560,-0.422613,-49.360683,1.222746,0.813030,-0.409717,-33.507912,1.925260,1.178582,-0.746677,-38.783195,1980,Winter,v10,10m V-Wind,m/s
92,-0.140578,-0.563766,-0.423189,0.509852,0.615964,0.737603,0.000000,0.544059,0.952943,92,92,-0.423189,0.646381,0.575905,0.890968,0.315217,0.000193,-0.151175,-0.555820,-0.404646,-267.667725,0.348415,-0.203551,-0.551967,-158.422104,0.666204,0.095353,-0.570852,-85.687180,0.880122,0.410271,-0.469851,-53.384750,1.122925,0.728015,-0.394910,-35.167953,1980,Spring,v10,10m V-Wind,m/s
92,0.472651,-0.183724,-0.656375,0.656375,0.716983,0.746423,0.000000,0.557147,1.661960,92,92,-0.656375,0.431408,0.350583,0.812649,0.619565,0.000000,0.520602,-0.174322,-0.694924,-133.484818,0.771304,0.070059,-0.701245,-90.916847,0.968460,0.265612,-0.702848,-72.573822,1.122148,0.370007,-0.752141,-67.026855,1.362930,0.424350,-0.938580,-68.864883,1980,Summer,v10,10m V-Wind,m/s
91,-0.315147,-0.546055,-0.230908,0.395817,0.483865,0.771275,0.000000,0.594866,0.729104,91,91,-0.230908,0.663643,0.463103,0.697819,0.263736,0.003427,-0.328449,-0.503014,-0.174565,-53.148418,0.183774,-0.229642,-0.413416,-224.959152,0.537651,0.020841,-0.516810,-96.123642,0.672822,0.181366,-0.491455,-73.043900,0.873548,0.361157,-0.512391,-58.656334,1980,Autumn,v10,10m V-Wind,m/s
91,0.830935,0.331323,-0.499612,0.499612,0.499745,0.635013,0.000000,0.403241,35.326576,91,91,-0.499612,0.014146,0.012645,0.893886,1.000000,0.000000,0.825907,0.326703,-0.499204,-60.443100,0.839086,0.339895,-0.499191,-59.492241,0.851313,0.351372,-0.499941,-58.725868,0.860962,0.355235,-0.505727,-58.739784,0.868680,0.360820,-0.507861,-58.463470,1980,Winter,lai,Leaf Area Index,Index
92,1.071447,0.579696,-0.491752,0.491752,0.491946,0.998165,0.000000,0.996334,2.967400,92,92,-0.491752,0.165783,0.174964,1.055379,0.902174,0.000000,1.039403,0.528527,-0.510876,-49.150936,1.212397,0.724591,-0.487806,-40.234814,1.317859,0.848166,-0.469693,-35.640617,1.353485,0.891342,-0.462143,-34.144669,1.381986,0.925888,-0.456097,-33.003029,1980,Spring,lai,Leaf Area Index,Index
92,1.543955,1.122738,-0.421217,0.421217,0.421351,0.998138,0.000000,0.996279,7.008057,92,92,-0.421217,0.060124,0.069988,1.164062,1.000000,0.000000,1.561647,1.144982,-0.416665,-26.681122,1.593155,1.178797,-0.414358,-26.008619,1.611411,1.200085,-0.411326,-25.525829,1.618217,1.206259,-0.411959,-25.457575,1.622969,1.212171,-0.410798,-25.311508,1980,Summer,lai,Leaf Area Index,Index
91,1.091397,0.608383,-0.483014,0.483014,0.483891,0.999800,0.000000,0.999600,2.719487,91,91,-0.483014,0.177934,0.206789,1.162166,0.824176,0.000000,1.029400,0.541798,-0.487602,-47.367577,1.246184,0.789526,-0.456658,-36.644508,1.368852,0.927034,-0.441818,-32.276527,1.401409,0.964713,-0.436697,-31.161259,1.427456,0.994855,-0.432600,-30.305698,1980,Autumn,lai,Leaf Area Index,Index
90,277.282288,277.627197,0.344942,0.603222,0.752007,0.983191,0.000000,0.966664,0.244712,90,90,0.344910,3.073022,2.658430,0.865087,0.133333,0.402289,277.006165,277.033325,0.027161,0.009805,279.110535,279.556641,0.446106,0.159831,281.461212,281.224640,-0.236572,-0.084051,282.649353,282.229309,-0.420044,-0.148610,284.101166,283.336029,-0.765137,-0.269318,1981,Winter,t2m,2m Temperature,K
92,285.316437,284.720306,-0.596124,0.723179,0.849597,0.989674,0.000000,0.979455,0.228251,92,92,-0.596130,3.722202,3.397750,0.912834,0.152174,0.238009,286.044739,284.630188,-1.414551,-0.494521,287.817474,287.279785,-0.537689,-0.186816,290.314087,289.545227,-0.768860,-0.264837,291.199554,290.398926,-0.800629,-0.274942,292.050201,291.160339,-0.889862,-0.304695,1981,Spring,t2m,2m Temperature,K
92,295.105377,294.213837,-0.891540,0.891540,0.973782,0.952399,0.000000,0.907064,0.830777,92,92,-0.891541,1.172133,1.276724,1.089231,0.326087,0.000100,295.142578,294.633972,-0.508606,-0.172326,296.045013,295.145477,-0.899536,-0.303851,296.497437,295.449768,-1.047668,-0.353348,296.627380,295.646484,-0.980896,-0.330683,296.862579,295.819885,-1.042694,-0.351238,1981,Summer,t2m,2m Temperature,K
91,287.149841,287.194641,0.044808,0.350117,0.421838,0.996664,0.000000,0.993340,0.100041,91,91,0.044800,4.216640,3.962734,0.939785,0.087912,0.876095,286.788513,287.314301,0.525787,0.183336,290.606812,290.406708,-0.200104,-0.068857,293.562164,293.053131,-0.509033,-0.173399,293.859619,293.393433,-0.466187,-0.158643,294.479187,293.676941,-0.802246,-0.272429,1981,Autumn,t2m,2m Temperature,K
90,271.917084,273.302155,1.385056,1.385056,1.504615,0.980958,0.000000,0.962279,0.507241,90,90,1.385071,2.966276,2.793229,0.941662,0.222222,0.023205,271.938568,273.016998,1.078430,0.396571,273.789673,275.315491,1.525818,0.557296,275.489868,276.697662,1.207794,0.438417,276.912109,278.119751,1.207642,0.436110,279.025696,279.799652,0.773956,0.277378,1981,Winter,d2m,2m Dewpoint,K
92,278.281158,279.085052,0.803935,0.848520,0.995136,0.991509,0.000000,0.983089,0.273753,92,92,0.803894,3.635164,3.257135,0.896008,0.184783,0.086376,278.581238,278.733643,0.152405,0.054707,280.541901,281.461426,0.919525,0.327767,282.740021,282.962524,0.222504,0.078695,285.003418,284.974457,-0.028961,-0.010162,285.970154,285.786346,-0.183807,-0.064275,1981,Spring,d2m,2m Dewpoint,K
92,287.921631,287.825226,-0.096440,0.247929,0.299934,0.971597,0.000000,0.944000,0.253579,92,92,-0.096405,1.182802,1.197326,1.012279,0.108696,0.651538,288.126740,288.180664,0.053925,0.018716,288.908173,288.745911,-0.162262,-0.056164,289.276947,289.109894,-0.167053,-0.057749,289.473633,289.243927,-0.229706,-0.079353,289.677246,289.406738,-0.270508,-0.093382,1981,Summer,d2m,2m Dewpoint,K
91,280.987366,282.155090,1.167716,1.167716,1.276586,0.996117,0.000000,0.992250,0.329848,91,91,1.167725,3.870224,3.467860,0.896036,0.175824,0.120121,281.379639,282.532166,1.152527,0.409599,283.349854,284.319153,0.969299,0.342086,286.876740,287.145294,0.268555,0.093613,287.487183,287.873047,0.385864,0.134220,288.089935,288.357574,0.267639,0.092901,1981,Autumn,d2m,2m Dewpoint,K
90,956.421448,96724.054688,95767.625000,95767.625000,95768.109375,0.974470,0.000000,0.949591,25395.875000,90,90,95767.632812,3.771010,309.907684,82.181602,1.000000,0.000000,956.414062,96706.773438,95750.359375,10011.391602,958.377502,96912.632812,95954.257812,10012.157227,960.488525,97054.398438,96093.906250,10004.691406,962.404846,97201.625000,96239.218750,9999.868164,967.818176,97650.664062,96682.843750,9989.773438,1981,Winter,sp,Surface Pressure,hPa
92,954.716370,96612.812500,95658.085938,95658.085938,95658.546875,0.987220,0.000000,0.974603,28335.900391,92,92,95658.093750,3.375878,296.373352,87.791489,1.000000,0.000000,954.445923,96574.164062,95619.718750,10018.348633,956.857910,96766.296875,95809.437500,10012.922852,958.464661,96984.234375,96025.773438,10018.707031,961.010925,97189.414062,96228.406250,10013.248047,962.849426,97307.437500,96344.585938,10006.195312,1981,Spring,sp,Surface Pressure,hPa
92,955.621704,96633.585938,95677.968750,95677.968750,95678.187500,0.980510,0.000000,0.961400,42864.898438,92,92,95677.960938,2.232087,209.290573,93.764519,1.000000,0.000000,955.821045,96661.953125,95706.132812,10012.975586,956.900269,96753.078125,95796.179688,10011.093750,958.448364,96894.718750,95936.273438,10009.540039,958.838989,96925.851562,95967.015625,10008.668945,959.307922,96961.125000,96001.820312,10007.404297,1981,Summer,sp,Surface Pressure,hPa
91,955.919922,96654.023438,95698.132812,95698.132812,95698.429688,0.977717,0.000000,0.955931,33908.261719,91,91,95698.101562,2.822275,249.685776,88.469696,1.000000,0.000000,955.745483,96626.757812,95671.015625,10010.093750,957.148926,96773.265625,95816.117188,10010.576172,960.552673,96998.031250,96037.476562,9998.148438,961.989990,97175.593750,96213.601562,10001.517578,962.866821,97276.937500,96314.070312,10002.844727,1981,Autumn,sp,Surface Pressure,hPa
90,0.864004,0.480778,-0.383226,0.450280,0.530844,0.843247,0.000000,0.711066,0.789155,90,90,-0.383226,0.672674,0.502475,0.746982,0.333333,0.000079,0.932313,0.481665,-0.450648,-48.336552,1.335315,0.828801,-0.506515,-37.932201,1.661468,1.168561,-0.492907,-29.666941,1.770226,1.333473,-0.436753,-24.672148,2.078566,1.534623,-0.543942,-26.169121,1981,Winter,u10,10m U-Wind,m/s
92,0.682508,0.330826,-0.351682,0.384412,0.470285,0.888838,0.000000,0.790033,0.701410,92,92,-0.351682,0.670485,0.540304,0.805842,0.304348,0.000365,0.517527,0.215925,-0.301603,-58.277653,0.969416,0.682193,-0.287224,-29.628506,1.681636,1.118210,-0.563426,-33.504642,1.968451,1.376495,-0.591956,-30.072191,2.403648,1.578584,-0.825063,-34.325470,1981,Spring,u10,10m U-Wind,m/s
92,0.312275,-0.087548,-0.399823,0.412906,0.485401,0.927865,0.000000,0.860933,0.732971,92,92,-0.399823,0.662238,0.492948,0.744367,0.358696,0.000012,0.282354,-0.182870,-0.465223,-164.766159,0.783028,0.206154,-0.576873,-73.672150,1.000272,0.589443,-0.410829,-41.071732,1.346513,0.699257,-0.647255,-48.069008,2.144337,1.192889,-0.951448,-44.370277,1981,Summer,u10,10m U-Wind,m/s
91,0.268391,0.085915,-0.182476,0.328642,0.391329,0.914274,0.000000,0.835896,0.503911,91,91,-0.182476,0.776584,0.565536,0.728235,0.197802,0.056641,0.197145,0.073908,-0.123238,-62.511101,0.868500,0.512905,-0.355595,-40.943569,1.237614,0.804669,-0.432945,-34.982262,1.513784,0.939087,-0.574697,-37.964287,1.836210,1.336796,-0.499414,-27.198076,1981,Autumn,u10,10m U-Wind,m/s
90,-0.421010,-0.454715,-0.033705,0.488241,0.582340,0.566747,0.000000,0.321202,0.842113,90,90,-0.033705,0.691522,0.507594,0.734024,0.133333,0.402289,-0.485942,-0.460610,0.025332,5.212915,0.073701,-0.161420,-0.235121,-319.018799,0.456573,0.176946,-0.279627,-61.244778,0.845493,0.309022,-0.536471,-63.450714,1.042271,0.892686,-0.149584,-14.351760,1981,Winter,v10,10m V-Wind,m/s
92,-0.221319,-0.630596,-0.409276,0.526128,0.639152,0.795401,0.000000,0.632662,0.812377,92,92,-0.409276,0.786768,0.509070,0.647039,0.326087,0.000100,-0.226371,-0.594965,-0.368594,-162.827438,0.340054,-0.305808,-0.645862,-189.929474,0.704840,0.013110,-0.691730,-98.139977,0.911106,0.229001,-0.682105,-74.865601,1.295298,0.336558,-0.958740,-74.016937,1981,Spring,v10,10m V-Wind,m/s
92,0.358309,-0.227070,-0.585379,0.585808,0.633702,0.828974,0.000000,0.687199,1.470436,92,92,-0.585379,0.430962,0.385794,0.895192,0.543478,0.000000,0.369308,-0.276129,-0.645437,-174.769348,0.698707,0.042236,-0.656471,-93.955139,0.895945,0.341281,-0.554664,-61.908237,0.981527,0.423372,-0.558155,-56.865993,1.171572,0.605497,-0.566075,-48.317554,1981,Summer,v10,10m V-Wind,m/s
91,-0.322484,-0.618980,-0.296496,0.420298,0.497651,0.662988,0.000000,0.439554,0.987244,91,91,-0.296496,0.504081,0.465877,0.924210,0.274725,0.001979,-0.276944,-0.634743,-0.357799,-129.195557,-0.013926,-0.280995,-0.267069,-1917.798828,0.316111,-0.030904,-0.347015,-109.776337,0.439514,0.165376,-0.274138,-62.372906,0.953544,0.356092,-0.597452,-62.655933,1981,Autumn,v10,10m V-Wind,m/s
90,0.830802,0.331048,-0.499754,0.499754,0.499887,0.630115,0.000000,0.397045,35.357105,90,90,-0.499754,0.014138,0.012363,0.874405,1.000000,0.000000,0.825802,0.326637,-0.499165,-60.446117,0.838845,0.339585,-0.499260,-59.517548,0.851528,0.350299,-0.501229,-58.862278,0.861069,0.354252,-0.506817,-58.859070,0.868702,0.359920,-0.508782,-58.568096,1981,Winter,lai,Leaf Area Index,Index
92,1.071378,0.579609,-0.491769,0.491769,0.491963,0.998167,0.000000,0.996337,2.965908,92,92,-0.491769,0.165873,0.175065,1.055416,0.902174,0.000000,1.039403,0.528508,-0.510894,-49.152695,1.212397,0.724573,-0.487824,-40.236309,1.317859,0.848188,-0.469671,-35.638927,1.353485,0.891359,-0.462126,-34.143425,1.381986,0.925877,-0.456108,-33.003838,1981,Spring,lai,Leaf Area Index,Index
92,1.543955,1.122746,-0.421209,0.421209,0.421344,0.998140,0.000000,0.996283,7.007932,92,92,-0.421209,0.060124,0.069993,1.164152,1.000000,0.000000,1.561647,1.145002,-0.416645,-26.679853,1.593155,1.178816,-0.414338,-26.007414,1.611411,1.200102,-0.411309,-25.524755,1.618217,1.206260,-0.411957,-25.457464,1.622969,1.212174,-0.410795,-25.311325,1981,Summer,lai,Leaf Area Index,Index
91,1.091397,0.608373,-0.483024,0.483024,0.483901,0.999799,0.000000,0.999599,2.719544,91,91,-0.483024,0.177934,0.206800,1.162224,0.824176,0.000000,1.029400,0.541798,-0.487602,-47.367596,1.246184,0.789526,-0.456658,-36.644508,1.368852,0.927034,-0.441818,-32.276527,1.401409,0.964713,-0.436697,-31.161259,1.427456,0.994855,-0.432600,-30.305698,1981,Autumn,lai,Leaf Area Index,Index
90,276.045776,276.086487,0.040725,0.566994,0.722775,0.986811,0.000000,0.973797,0.201845,90,90,0.040710,3.580845,3.103787,0.866775,0.066667,0.989059,275.483582,275.535828,0.052246,0.018965,278.653076,278.740234,0.087158,0.031278,280.986725,280.384338,-0.602386,-0.214383,282.152100,281.298523,-0.853577,-0.302524,283.322205,282.888367,-0.433838,-0.153125,1982,Winter,t2m,2m Temperature,K
92,284.691254,283.979584,-0.711669,0.747007,0.847806,0.995401,0.000000,0.990824,0.198134,92,92,-0.711670,4.278949,4.048801,0.946214,0.108696,0.651538,284.492249,283.993713,-0.498535,-0.175237,287.955688,287.281738,-0.673950,-0.234046,290.202240,289.295197,-0.907043,-0.312556,291.344452,290.257111,-1.087341,-0.373215,291.658356,290.526794,-1.131561,-0.387975,1982,Spring,t2m,2m Temperature,K
92,294.356842,293.529846,-0.826999,0.826999,0.857670,0.990589,0.000000,0.981266,0.526431,92,92,-0.826996,1.629217,1.569806,0.963534,0.336957,0.000050,294.711792,293.963745,-0.748047,-0.253823,295.800323,294.921722,-0.878601,-0.297025,296.229279,295.186768,-1.042511,-0.351927,296.362610,295.351715,-1.010895,-0.341101,296.436768,295.493256,-0.943512,-0.318284,1982,Summer,t2m,2m Temperature,K
91,286.894684,286.875763,-0.018982,0.356688,0.443521,0.996325,0.000000,0.992664,0.095279,91,91,-0.018921,4.654954,4.444481,0.954785,0.076923,0.952399,286.890900,287.199646,0.308746,0.107618,290.558716,290.760498,0.201782,0.069446,293.062286,292.699829,-0.362457,-0.123679,294.106140,293.431763,-0.674377,-0.229297,294.706268,294.261261,-0.445007,-0.151000,1982,Autumn,t2m,2m Temperature,K
90,271.010132,271.868591,0.858442,0.872507,1.071139,0.990435,0.000000,0.980961,0.274543,90,90,0.858459,3.901530,3.516934,0.901424,0.133333,0.402289,270.595734,271.358429,0.762695,0.281858,273.623230,274.609161,0.985931,0.360324,276.344635,276.569489,0.224854,0.081367,277.515076,277.632660,0.117584,0.042370,279.983154,279.996307,0.013153,0.004698,1982,Winter,d2m,2m Dewpoint,K
92,277.805939,278.277679,0.471697,0.579909,0.704680,0.991673,0.000000,0.983415,0.174980,92,92,0.471741,4.027212,3.922326,0.973956,0.086957,0.880159,277.682770,277.781799,0.099030,0.035663,280.570099,281.353241,0.783142,0.279125,283.551666,283.631866,0.080200,0.028284,284.761200,284.811523,0.050323,0.017672,285.349823,285.014587,-0.335236,-0.117482,1982,Spring,d2m,2m Dewpoint,K
92,287.498993,287.199646,-0.299345,0.360659,0.439300,0.991724,0.000000,0.983517,0.245459,92,92,-0.299347,1.789713,1.550001,0.866061,0.260870,0.003677,288.117157,287.666718,-0.450439,-0.156339,288.829193,288.375275,-0.453918,-0.157158,289.280609,288.703522,-0.577087,-0.199491,289.561279,288.985931,-0.575348,-0.198696,289.969116,289.249939,-0.719177,-0.248019,1982,Summer,d2m,2m Dewpoint,K
91,281.083099,281.819977,0.736863,0.784378,0.977933,0.992316,0.000000,0.984690,0.222996,91,91,0.736877,4.385432,4.006846,0.913672,0.142857,0.312341,281.123474,282.293427,1.169952,0.416170,284.612885,285.075134,0.462250,0.162414,286.864227,286.867279,0.003052,0.001064,287.396240,287.301514,-0.094727,-0.032960,287.759674,287.643738,-0.115936,-0.040289,1982,Autumn,d2m,2m Dewpoint,K
90,956.575256,96751.125000,95794.546875,95794.546875,95794.976562,0.965182,0.000000,0.931575,29782.996094,90,90,95794.546875,3.216432,289.322998,89.951538,1.000000,0.000000,956.185730,96727.906250,95771.718750,10016.016602,958.690186,96936.812500,95978.125000,10011.379883,961.440063,97164.273438,96202.835938,10006.119141,962.199036,97205.093750,96242.898438,10002.389648,963.442261,97355.554688,96392.109375,10004.969727,1982,Winter,sp,Surface Pressure,hPa
92,954.993896,96624.453125,95669.453125,95669.453125,95669.750000,0.959801,0.000000,0.921218,37237.058594,92,92,95669.460938,2.569208,233.149673,90.747681,1.000000,0.000000,954.730957,96648.156250,95693.421875,10023.077148,956.753296,96803.484375,95846.734375,10017.915039,958.031433,96878.414062,95920.382812,10012.237305,959.324707,97014.960938,96055.632812,10012.837891,961.490295,97137.781250,96176.289062,10002.834961,1982,Spring,sp,Surface Pressure,hPa
92,956.169250,96692.562500,95736.398438,95736.398438,95736.523438,0.970883,0.000000,0.942614,53575.371094,92,92,95736.390625,1.786950,161.952637,90.630745,1.000000,0.000000,956.176941,96680.890625,95724.710938,10011.192383,957.546448,96810.054688,95852.507812,10010.220703,958.473022,96913.695312,95955.218750,10011.259766,958.997925,96955.593750,95996.593750,10010.093750,959.781982,97040.148438,96080.367188,10010.645508,1982,Summer,sp,Surface Pressure,hPa
91,956.309753,96698.242188,95741.921875,95741.921875,95742.156250,0.950278,0.000000,0.903028,39538.199219,91,91,95741.929688,2.421510,214.468124,88.567917,1.000000,0.000000,956.251343,96709.523438,95753.273438,10013.399414,957.860596,96840.531250,95882.671875,10010.085938,959.797119,96947.054688,95987.257812,10000.786133,960.232788,97039.375000,96079.140625,10005.817383,961.062744,97115.367188,96154.304688,10004.997070,1982,Autumn,sp,Surface Pressure,hPa
90,0.639447,0.358646,-0.280801,0.339106,0.439781,0.915266,0.000000,0.837713,0.523858,90,90,-0.280801,0.839505,0.754836,0.899145,0.166667,0.164473,0.653137,0.364233,-0.288905,-44.233364,1.168594,0.835676,-0.332918,-28.488798,1.701690,1.346199,-0.355491,-20.890478,2.162779,1.751201,-0.411578,-19.030039,2.543950,1.949967,-0.593983,-23.348837,1982,Winter,u10,10m U-Wind,m/s
92,0.358884,0.045886,-0.312997,0.385107,0.471017,0.824201,0.000000,0.679308,0.757948,92,92,-0.312997,0.621437,0.518789,0.834822,0.239130,0.010156,0.356811,0.002221,-0.354590,-99.377457,0.838761,0.394675,-0.444087,-52.945538,1.228173,0.742624,-0.485550,-39.534283,1.349036,0.938844,-0.410192,-30.406309,1.610392,1.066684,-0.543708,-33.762455,1982,Spring,u10,10m U-Wind,m/s
92,0.398187,-0.081289,-0.479476,0.479476,0.533827,0.813162,0.000000,0.661232,1.327436,92,92,-0.479476,0.402149,0.310054,0.770993,0.532609,0.000000,0.448359,-0.041203,-0.489562,-109.189735,0.690621,0.127157,-0.563464,-81.587997,0.862502,0.290253,-0.572249,-66.347595,0.998937,0.398367,-0.600570,-60.120945,1.151042,0.507901,-0.643140,-55.874630,1982,Summer,u10,10m U-Wind,m/s
91,-0.046192,-0.191659,-0.145468,0.328118,0.396528,0.771250,0.000000,0.594827,0.684245,91,91,-0.145468,0.579512,0.448620,0.774133,0.164835,0.169060,-0.096728,-0.258788,-0.162060,-167.540802,0.238835,0.087358,-0.151477,-63.423351,0.747572,0.355940,-0.391632,-52.387222,1.062634,0.620240,-0.442395,-41.631878,1.728265,0.850632,-0.877632,-50.781136,1982,Autumn,u10,10m U-Wind,m/s
90,-0.137290,-0.471951,-0.334661,0.466526,0.559566,0.786285,0.000000,0.618244,0.770983,90,90,-0.334661,0.725782,0.575350,0.792730,0.344444,0.000039,-0.066757,-0.438521,-0.371765,-556.894836,0.339588,-0.187981,-0.527568,-155.355560,0.744585,0.228950,-0.515635,-69.251389,0.999774,0.562583,-0.437191,-43.729000,1.564197,0.878870,-0.685328,-43.813377,1982,Winter,v10,10m V-Wind,m/s
92,0.043304,-0.539829,-0.583134,0.603443,0.704749,0.823010,0.000000,0.677346,1.011634,92,92,-0.583133,0.696644,0.579530,0.831888,0.347826,0.000025,0.041274,-0.532255,-0.573529,-1389.572388,0.522336,-0.120168,-0.642503,-123.005844,1.007487,0.262449,-0.745039,-73.950180,1.215616,0.424125,-0.791490,-65.110237,1.605659,0.615137,-0.990522,-61.689423,1982,Spring,v10,10m V-Wind,m/s
92,0.330183,-0.217557,-0.547740,0.549154,0.604434,0.813473,0.000000,0.661739,1.406187,92,92,-0.547740,0.429839,0.402801,0.937096,0.554348,0.000000,0.347317,-0.231763,-0.579080,-166.729385,0.620598,0.031493,-0.589105,-94.925377,0.773669,0.265630,-0.508039,-65.666161,1.008381,0.468549,-0.539832,-53.534531,1.223299,0.589093,-0.634206,-51.843922,1982,Summer,v10,10m V-Wind,m/s
91,-0.085090,-0.529618,-0.444528,0.528644,0.657433,0.743355,0.000000,0.552577,0.907899,91,91,-0.444528,0.724125,0.540215,0.746024,0.340659,0.000044,-0.137024,-0.510542,-0.373518,-272.592926,0.316804,-0.219142,-0.535946,-169.172668,0.802548,0.193495,-0.609053,-75.889931,1.240492,0.362865,-0.877627,-70.748291,1.699952,0.558280,-1.141671,-67.159050,1982,Autumn,v10,10m V-Wind,m/s
90,0.830802,0.331034,-0.499768,0.499768,0.499900,0.631410,0.000000,0.398678,35.358082,90,90,-0.499768,0.014138,0.012399,0.877002,1.000000,0.000000,0.825802,0.326622,-0.499180,-60.447868,0.838845,0.339599,-0.499246,-59.515865,0.851528,0.350320,-0.501208,-58.859829,0.861069,0.354289,-0.506780,-58.854744,0.868702,0.359951,-0.508751,-58.564548,1982,Winter,lai,Leaf Area Index,Index
92,1.071378,0.579642,-0.491736,0.491736,0.491930,0.998164,0.000000,0.996332,2.965704,92,92,-0.491736,0.165873,0.175038,1.055256,0.902174,0.000000,1.039403,0.528543,-0.510860,-49.149403,1.212397,0.724572,-0.487825,-40.236397,1.317859,0.848183,-0.469676,-35.639294,1.353485,0.891347,-0.462138,-34.144302,1.381986,0.925886,-0.456100,-33.003212,1982,Spring,lai,Leaf Area Index,Index
92,1.543955,1.122747,-0.421208,0.421208,0.421342,0.998140,0.000000,0.996283,7.007906,92,92,-0.421208,0.060124,0.069991,1.164116,1.000000,0.000000,1.561647,1.144999,-0.416648,-26.680021,1.593155,1.178804,-0.414351,-26.008179,1.611411,1.200100,-0.411311,-25.524906,1.618217,1.206265,-0.411952,-25.457163,1.622969,1.212188,-0.410782,-25.310501,1982,Summer,lai,Leaf Area Index,Index
91,1.091397,0.608377,-0.483020,0.483020,0.483896,0.999799,0.000000,0.999599,2.719520,91,91,-0.483020,0.177934,0.206795,1.162196,0.824176,0.000000,1.029400,0.541799,-0.487602,-47.367561,1.246184,0.789526,-0.456658,-36.644508,1.368852,0.927034,-0.441818,-32.276527,1.401409,0.964713,-0.436697,-31.161259,1.427456,0.994855,-0.432600,-30.305698,1982,Autumn,lai,Leaf Area Index,Index
90,276.443695,276.815308,0.371643,0.580619,0.757318,0.992179,0.000000,0.984420,0.239521,90,90,0.371613,3.161800,2.608248,0.824925,0.111111,0.637827,277.069458,277.349854,0.280396,0.101200,278.676117,278.766296,0.090179,0.032360,279.994324,279.401001,-0.593323,-0.211905,280.323700,279.792633,-0.531067,-0.189448,281.028534,280.785339,-0.243195,-0.086537,1983,Winter,t2m,2m Temperature,K
92,284.243011,283.911926,-0.331087,0.472891,0.579325,0.992870,0.000000,0.985791,0.160412,92,92,-0.331085,3.611475,3.384033,0.937023,0.141304,0.318630,282.973083,282.536926,-0.436157,-0.154134,287.045197,286.422058,-0.623138,-0.217087,289.720367,289.319946,-0.400421,-0.138210,290.650970,289.785645,-0.865326,-0.297720,291.310333,290.925446,-0.384888,-0.132123,1983,Spring,t2m,2m Temperature,K
92,295.225128,294.310944,-0.914181,0.914181,0.948383,0.992391,0.000000,0.984840,0.506900,92,92,-0.914185,1.870946,1.753583,0.937271,0.380435,0.000003,295.774109,294.750702,-1.023407,-0.346010,296.566162,295.510986,-1.055176,-0.355798,297.028717,295.970551,-1.058167,-0.356251,297.272217,296.192566,-1.079651,-0.363186,297.877533,296.800781,-1.076752,-0.361475,1983,Summer,t2m,2m Temperature,K
91,287.620392,287.573914,-0.046471,0.385651,0.486978,0.997587,0.000000,0.995180,0.103375,91,91,-0.046478,4.710800,4.341617,0.921631,0.076923,0.952399,287.351501,287.424988,0.073486,0.025574,290.796326,290.512817,-0.283508,-0.097494,294.551666,293.488739,-1.062927,-0.360863,295.570923,294.560089,-1.010834,-0.341994,296.099884,295.384308,-0.715576,-0.241667,1983,Autumn,t2m,2m Temperature,K
90,271.749146,272.902985,1.153868,1.160360,1.305016,0.992226,0.000000,0.984513,0.409104,90,90,1.153839,3.189936,2.702466,0.847185,0.222222,0.023205,272.640259,273.359985,0.719727,0.263984,274.295197,274.986572,0.691376,0.252055,274.998566,275.648956,0.650391,0.236507,275.305267,275.886871,0.581604,0.211258,275.737671,276.419434,0.681763,0.247250,1983,Winter,d2m,2m Dewpoint,K
92,277.704834,278.495850,0.791003,0.847746,0.982267,0.982679,0.000000,0.965657,0.318408,92,92,0.791016,3.084935,2.920455,0.946683,0.163043,0.173668,277.279785,277.650269,0.370483,0.133614,279.807648,280.679016,0.871368,0.311417,282.871521,283.286407,0.414886,0.146670,283.436371,283.658142,0.221771,0.078244,283.763672,284.180725,0.417053,0.146972,1983,Spring,d2m,2m Dewpoint,K
92,288.056396,287.965881,-0.090498,0.291351,0.336201,0.990828,0.000000,0.981739,0.179484,92,92,-0.090515,1.873153,1.654059,0.883035,0.141304,0.318630,288.709656,288.524445,-0.185211,-0.064151,289.582245,289.317993,-0.264252,-0.091253,290.067810,289.668671,-0.399139,-0.137602,290.243591,289.891937,-0.351654,-0.121158,290.519623,290.012573,-0.507050,-0.174532,1983,Summer,d2m,2m Dewpoint,K
91,281.869476,282.789917,0.920435,0.939616,1.087496,0.994906,0.000000,0.989839,0.259270,91,91,0.920441,4.194448,3.777266,0.900539,0.175824,0.120121,282.002136,283.328766,1.326630,0.470432,284.988434,285.566986,0.578552,0.203009,287.819061,287.798279,-0.020782,-0.007221,288.553101,288.557861,0.004761,0.001650,289.205505,289.439636,0.234131,0.080957,1983,Autumn,d2m,2m Dewpoint,K
90,955.734436,96649.757812,95694.007812,95694.007812,95694.476562,0.963294,0.000000,0.927935,29354.203125,90,90,95694.023438,3.259992,299.795746,91.962097,1.000000,0.000000,955.310852,96572.820312,95617.507812,10009.046875,957.937256,96855.117188,95897.179688,10010.799805,960.003967,97065.593750,96105.585938,10010.958008,961.383911,97232.281250,96270.898438,10013.783203,964.441406,97499.070312,96534.625000,10009.381836,1983,Winter,sp,Surface Pressure,hPa
92,953.271667,96492.304688,95539.023438,95539.023438,95539.359375,0.971677,0.000000,0.944156,34205.574219,92,92,95539.031250,2.793093,258.730408,92.632217,1.000000,0.000000,953.830566,96523.359375,95569.531250,10019.549805,955.398682,96692.468750,95737.070312,10020.640625,956.576233,96781.554688,95824.976562,10017.495117,957.158203,96862.515625,95905.359375,10019.802734,958.118652,96935.132812,95977.015625,10017.237305,1983,Spring,sp,Surface Pressure,hPa
92,956.194824,96670.296875,95714.078125,95714.078125,95714.250000,0.978200,0.000000,0.956876,47580.335938,92,92,95714.101562,2.011635,178.640442,88.803627,1.000000,0.000000,956.191284,96654.562500,95698.375000,10008.288086,957.410400,96786.929688,95829.515625,10009.241211,959.220459,96932.492188,95973.273438,10005.339844,959.504883,96969.953125,96010.445312,10006.249023,960.645142,97065.773438,96105.125000,10004.226562,1983,Summer,sp,Surface Pressure,hPa
91,955.731384,96642.234375,95686.507812,95686.507812,95686.906250,0.979005,0.000000,0.958450,28704.140625,91,91,95686.500000,3.333558,285.752228,85.719902,1.000000,0.000000,956.008911,96678.125000,95722.117188,10012.680664,958.040283,96869.781250,95911.742188,10011.243164,959.783997,96995.382812,96035.601562,10005.959961,960.638794,97029.945312,96069.304688,10000.564453,961.729736,97102.515625,96140.789062,9996.653320,1983,Autumn,sp,Surface Pressure,hPa
90,0.614883,0.406909,-0.207975,0.349864,0.455769,0.873393,0.000000,0.762816,0.559285,90,90,-0.207975,0.814914,0.628304,0.771006,0.222222,0.023205,0.651591,0.404210,-0.247381,-37.965641,1.164020,0.765977,-0.398043,-34.195545,1.546668,1.080657,-0.466011,-30.129969,1.962973,1.251329,-0.711644,-36.253395,2.782715,2.446637,-0.336078,-12.077331,1983,Winter,u10,10m U-Wind,m/s
92,0.390268,0.055215,-0.335053,0.380288,0.459600,0.885797,0.000000,0.784636,0.686602,92,92,-0.335053,0.669384,0.642662,0.960080,0.239130,0.010156,0.343807,-0.018258,-0.362065,-105.310577,0.760844,0.524164,-0.236680,-31.107599,1.267745,0.929875,-0.337870,-26.651257,1.709260,1.164481,-0.544779,-31.872196,1.969813,1.536260,-0.433553,-22.009842,1983,Spring,u10,10m U-Wind,m/s
92,0.289857,-0.030591,-0.320448,0.341114,0.411002,0.822758,0.000000,0.676930,0.930354,92,92,-0.320448,0.441769,0.307031,0.695003,0.391304,0.000001,0.265654,0.001832,-0.263822,-99.310570,0.698020,0.204257,-0.493763,-70.737595,0.882187,0.316890,-0.565297,-64.079071,0.973152,0.399066,-0.574086,-58.992416,1.043394,0.538140,-0.505254,-48.424091,1983,Summer,u10,10m U-Wind,m/s
91,0.232704,0.002580,-0.230124,0.416418,0.518187,0.858917,0.000000,0.737739,0.595557,91,91,-0.230125,0.870088,0.616894,0.709002,0.274725,0.001979,0.342898,-0.024120,-0.367017,-107.034111,0.938434,0.325330,-0.613104,-65.332703,1.343066,0.794523,-0.548544,-40.842625,1.652173,1.001858,-0.650315,-39.361183,1.997825,1.942620,-0.055204,-2.763219,1983,Autumn,u10,10m U-Wind,m/s
90,-0.246663,-0.281435,-0.034771,0.332878,0.399137,0.817206,0.000000,0.667826,0.586300,90,90,-0.034771,0.680773,0.620791,0.911891,0.100000,0.762125,-0.226436,-0.207204,0.019232,8.493297,0.177708,0.185392,0.007684,4.323694,0.691131,0.447037,-0.244093,-35.317963,0.914908,0.555191,-0.359718,-39.317356,1.181847,0.812319,-0.369528,-31.266993,1983,Winter,v10,10m V-Wind,m/s
92,-0.126673,-0.572890,-0.446217,0.527872,0.618143,0.749930,0.000000,0.562396,0.978578,92,92,-0.446217,0.631675,0.565262,0.894863,0.326087,0.000100,-0.198988,-0.633320,-0.434332,-218.269958,0.229557,-0.249197,-0.478754,-208.555267,0.676361,0.038057,-0.638304,-94.373230,0.893849,0.251714,-0.642134,-71.839264,1.447549,1.005230,-0.442319,-30.556419,1983,Spring,v10,10m V-Wind,m/s
92,0.354515,-0.161708,-0.516223,0.517215,0.575392,0.780402,0.000000,0.609028,1.442100,92,92,-0.516223,0.398996,0.359835,0.901850,0.554348,0.000000,0.342899,-0.150222,-0.493122,-143.809418,0.553498,0.066871,-0.486627,-87.918396,0.811472,0.250667,-0.560805,-69.109581,0.992223,0.442997,-0.549225,-55.353024,1.404108,0.670456,-0.733652,-52.250404,1983,Summer,v10,10m V-Wind,m/s
91,0.045367,-0.370374,-0.415741,0.488321,0.597824,0.637634,0.000000,0.406577,1.112196,91,91,-0.415741,0.537517,0.457187,0.850554,0.395604,0.000001,-0.022259,-0.354984,-0.332725,-1494.806152,0.392321,-0.006305,-0.398626,-101.607178,0.801454,0.162498,-0.638957,-79.724648,0.913891,0.371478,-0.542413,-59.352055,1.015004,0.513890,-0.501114,-49.370636,1983,Autumn,v10,10m V-Wind,m/s
90,0.830802,0.331004,-0.499798,0.499798,0.499929,0.633070,0.000000,0.400777,35.360100,90,90,-0.499798,0.014138,0.012365,0.874552,1.000000,0.000000,0.825802,0.326613,-0.499190,-60.449051,0.838845,0.339503,-0.499341,-59.527283,0.851528,0.350228,-0.501300,-58.870613,0.861069,0.354220,-0.506849,-58.862797,0.868702,0.359843,-0.508859,-58.576920,1983,Winter,lai,Leaf Area Index,Index
92,1.071378,0.579603,-0.491775,0.491775,0.491969,0.998171,0.000000,0.996345,2.965943,92,92,-0.491775,0.165873,0.175073,1.055463,0.902174,0.000000,1.039403,0.528515,-0.510888,-49.152027,1.212397,0.724579,-0.487818,-40.235821,1.317859,0.848182,-0.469677,-35.639423,1.353485,0.891354,-0.462131,-34.143776,1.381986,0.925887,-0.456098,-33.003120,1983,Spring,lai,Leaf Area Index,Index
92,1.543955,1.122749,-0.421206,0.421206,0.421340,0.998140,0.000000,0.996284,7.007870,92,92,-0.421206,0.060124,0.069994,1.164169,1.000000,0.000000,1.561647,1.144999,-0.416647,-26.680004,1.593155,1.178795,-0.414360,-26.008749,1.611411,1.200114,-0.411296,-25.523996,1.618217,1.206264,-0.411953,-25.457207,1.622969,1.212202,-0.410767,-25.309620,1983,Summer,lai,Leaf Area Index,Index
91,1.091397,0.608372,-0.483025,0.483025,0.483903,0.999799,0.000000,0.999599,2.719554,91,91,-0.483026,0.177934,0.206801,1.162234,0.824176,0.000000,1.029400,0.541798,-0.487602,-47.367596,1.246184,0.789526,-0.456658,-36.644508,1.368852,0.927034,-0.441818,-32.276527,1.401409,0.964713,-0.436697,-31.161259,1.427456,0.994855,-0.432600,-30.305698,1983,Autumn,lai,Leaf Area Index,Index
91,277.156189,277.348846,0.192639,0.590698,0.757015,0.975964,0.000000,0.952507,0.253035,91,91,0.192657,2.991744,2.586864,0.864667,0.087912,0.876095,277.422455,277.543182,0.120728,0.043518,279.338043,279.138184,-0.199860,-0.071548,280.548462,280.496704,-0.051758,-0.018449,281.277771,281.049255,-0.228516,-0.081242,281.921844,281.477783,-0.444061,-0.157512,1984,Winter,t2m,2m Temperature,K
92,284.542664,284.147736,-0.394895,0.489717,0.605420,0.997427,0.000000,0.994860,0.141080,92,92,-0.394928,4.291321,3.939777,0.918080,0.130435,0.416118,285.406036,285.172974,-0.233063,-0.081660,287.826202,287.196167,-0.630035,-0.218894,290.328217,289.369354,-0.958862,-0.330268,290.562775,289.924957,-0.637817,-0.219511,291.108795,290.264557,-0.844238,-0.290008,1984,Spring,t2m,2m Temperature,K
92,294.829865,293.964386,-0.865438,0.865438,0.915311,0.981366,0.000000,0.963080,0.632705,92,92,-0.865479,1.446662,1.527142,1.055631,0.380435,0.000003,295.234558,294.575348,-0.659210,-0.223284,295.940125,295.021606,-0.918518,-0.310373,296.242889,295.473785,-0.769104,-0.259619,296.480042,295.607239,-0.872803,-0.294388,296.760437,295.825745,-0.934692,-0.314965,1984,Summer,t2m,2m Temperature,K
91,286.643188,286.466278,-0.176920,0.442574,0.535284,0.994525,0.000000,0.989080,0.120366,91,91,-0.176910,4.447128,4.224638,0.949970,0.120879,0.521725,286.547180,286.929199,0.382019,0.133318,290.493164,289.920410,-0.572754,-0.197166,292.821381,292.218140,-0.603241,-0.206010,292.997467,292.488953,-0.508514,-0.173556,293.344971,292.744904,-0.600067,-0.204560,1984,Autumn,t2m,2m Temperature,K
91,272.163300,273.251709,1.088408,1.156748,1.305714,0.978371,0.000000,0.957209,0.424498,91,91,1.088409,3.075903,2.669659,0.867927,0.197802,0.056641,272.676514,273.520721,0.844208,0.309600,274.318298,275.027100,0.708801,0.258386,275.768463,276.160950,0.392487,0.142325,276.558594,277.123596,0.565002,0.204298,277.063171,277.791504,0.728333,0.262876,1984,Winter,d2m,2m Dewpoint,K
92,277.284302,278.242767,0.958460,0.965218,1.066052,0.993645,0.000000,0.987331,0.282138,92,92,0.958466,3.778480,3.562241,0.942771,0.217391,0.025592,277.133057,278.650757,1.517700,0.547643,280.212891,281.029419,0.816528,0.291396,282.461853,283.120026,0.658173,0.233013,282.974579,283.201324,0.226746,0.080129,283.655640,284.094391,0.438751,0.154677,1984,Spring,d2m,2m Dewpoint,K
92,287.854309,287.663910,-0.190387,0.272115,0.334807,0.991745,0.000000,0.983559,0.201893,92,92,-0.190399,1.658338,1.469623,0.886202,0.141304,0.318630,288.110535,287.902039,-0.208496,-0.072367,288.848633,288.567993,-0.280640,-0.097158,289.677612,289.310760,-0.366852,-0.126641,289.950623,289.640045,-0.310577,-0.107114,290.273743,289.813721,-0.460022,-0.158479,1984,Summer,d2m,2m Dewpoint,K
91,280.782501,281.602051,0.819567,0.869419,1.033042,0.992101,0.000000,0.984265,0.255389,91,91,0.819550,4.044983,3.641495,0.900250,0.164835,0.169060,280.918488,281.941925,1.023438,0.364318,284.420837,285.022278,0.601440,0.211461,285.905701,286.104523,0.198822,0.069541,286.764099,286.526581,-0.237518,-0.082827,287.118286,287.058899,-0.059387,-0.020684,1984,Autumn,d2m,2m Dewpoint,K
91,956.965393,96796.695312,95839.734375,95839.734375,95840.242188,0.977333,0.000000,0.955180,27459.056641,91,91,95839.726562,3.490296,313.151855,89.720703,1.000000,0.000000,956.629761,96734.046875,95777.414062,10011.961914,958.977417,96980.421875,96021.445312,10012.900391,961.902954,97188.117188,96226.210938,10003.733398,962.930542,97390.437500,96427.507812,10013.962891,965.463257,97569.679688,96604.218750,10005.996094,1984,Winter,sp,Surface Pressure,hPa
92,954.892517,96630.757812,95675.867188,95675.867188,95676.234375,0.978264,0.000000,0.957000,29666.380859,92,92,95675.867188,3.225073,268.445251,83.236961,1.000000,0.000000,955.265137,96658.328125,95703.062500,10018.481445,957.082031,96820.359375,95863.281250,10016.203125,958.683105,96946.203125,95987.523438,10012.434570,960.000244,97102.078125,96142.078125,10014.797852,961.565857,97182.398438,96220.835938,10006.682617,1984,Spring,sp,Surface Pressure,hPa
92,955.971802,96658.796875,95702.812500,95702.812500,95702.960938,0.976362,0.000000,0.953283,54153.027344,92,92,95702.828125,1.767269,156.560715,88.589073,1.000000,0.000000,955.960815,96654.132812,95698.171875,10010.678711,956.946533,96753.078125,95796.132812,10010.604492,958.325378,96888.062500,95929.734375,10010.141602,958.877502,96922.023438,95963.148438,10007.863281,959.576233,96953.062500,95993.484375,10003.736328,1984,Summer,sp,Surface Pressure,hPa
91,956.250061,96683.062500,95726.835938,95726.835938,95727.101562,0.968699,0.000000,0.938377,34383.828125,91,91,95726.812500,2.784073,232.555099,83.530525,1.000000,0.000000,956.439941,96697.820312,95741.382812,10010.181641,957.954224,96812.757812,95854.804688,10006.198242,959.926880,96965.265625,96005.335938,10001.318359,960.798584,97090.687500,96129.890625,10005.207031,963.495483,97282.953125,96319.460938,9996.876953,1984,Autumn,sp,Surface Pressure,hPa
91,0.586822,0.267339,-0.319483,0.405215,0.470008,0.924612,0.000000,0.854908,0.555595,91,91,-0.319483,0.845954,0.659688,0.779815,0.241758,0.009575,0.600555,0.123559,-0.476996,-79.425896,1.238732,0.833734,-0.404999,-32.694622,1.641757,1.226704,-0.415053,-25.281025,1.802940,1.346998,-0.455941,-25.288767,2.337127,1.693967,-0.643160,-27.519262,1984,Winter,u10,10m U-Wind,m/s
92,0.535594,0.232296,-0.303298,0.380332,0.454395,0.871162,0.000000,0.758924,0.662599,92,92,-0.303298,0.685776,0.564110,0.822586,0.228261,0.016306,0.520283,0.237714,-0.282569,-54.310600,0.990114,0.684904,-0.305209,-30.825670,1.397302,1.011781,-0.385521,-27.590405,1.552458,1.128870,-0.423587,-27.284952,2.059855,1.299195,-0.760660,-36.927834,1984,Spring,u10,10m U-Wind,m/s
92,0.342034,-0.050989,-0.393023,0.394522,0.447592,0.894168,0.000000,0.799537,0.943395,92,92,-0.393023,0.474448,0.396911,0.836574,0.391304,0.000001,0.357184,-0.065210,-0.422394,-118.256691,0.712862,0.229546,-0.483317,-67.799431,0.970033,0.509364,-0.460669,-47.490070,1.031048,0.602351,-0.428698,-41.578808,1.313908,0.853907,-0.460001,-35.010128,1984,Summer,u10,10m U-Wind,m/s
91,0.054526,-0.049930,-0.104456,0.328303,0.417116,0.764602,0.000000,0.584616,0.665802,91,91,-0.104456,0.626486,0.485553,0.775042,0.142857,0.312341,0.046561,-0.116136,-0.162696,-349.429840,0.471578,0.311800,-0.159777,-33.881405,0.881868,0.619514,-0.262354,-29.749807,1.089057,0.716167,-0.372890,-34.239681,1.388968,1.196411,-0.192557,-13.863339,1984,Autumn,u10,10m U-Wind,m/s
91,-0.261517,-0.577801,-0.316285,0.469698,0.585293,0.750318,0.000000,0.562977,0.786743,91,91,-0.316285,0.743945,0.532489,0.715764,0.208791,0.037590,-0.364875,-0.636268,-0.271393,-74.379539,0.260111,-0.187669,-0.447779,-172.149460,0.788650,0.112194,-0.676456,-85.773888,0.993804,0.359227,-0.634577,-63.853333,1.330510,0.535312,-0.795198,-59.766403,1984,Winter,v10,10m V-Wind,m/s
92,-0.287357,-0.598998,-0.311641,0.396489,0.493036,0.839653,0.000000,0.705017,0.705941,92,92,-0.311641,0.698410,0.540830,0.774373,0.250000,0.006182,-0.267488,-0.595115,-0.327627,-122.483101,0.172526,-0.258955,-0.431481,-250.096878,0.688529,0.116978,-0.571551,-83.010391,0.923026,0.247504,-0.675522,-73.185570,1.102343,0.626814,-0.475529,-43.138046,1984,Spring,v10,10m V-Wind,m/s
92,0.402104,-0.136340,-0.538444,0.542903,0.619939,0.743563,0.000000,0.552885,1.349690,92,92,-0.538444,0.459320,0.350055,0.762116,0.521739,0.000000,0.439735,-0.097693,-0.537428,-122.216454,0.722521,0.105982,-0.616539,-85.331673,0.984195,0.301004,-0.683191,-69.416222,1.089606,0.383272,-0.706335,-64.824753,1.500372,0.437551,-1.062822,-70.837204,1984,Summer,v10,10m V-Wind,m/s
91,-0.094812,-0.580415,-0.485603,0.535353,0.657245,0.654348,0.000000,0.428171,1.130188,91,91,-0.485603,0.581536,0.433222,0.744962,0.395604,0.000001,-0.079755,-0.521268,-0.441513,-553.583252,0.289982,-0.231228,-0.521210,-179.738571,0.553731,-0.035541,-0.589272,-106.418488,0.979876,0.068530,-0.911345,-93.006248,1.109539,0.167382,-0.942157,-84.914261,1984,Autumn,v10,10m V-Wind,m/s
91,0.830935,0.331326,-0.499609,0.499609,0.499742,0.634499,0.000000,0.402589,35.326370,91,91,-0.499609,0.014146,0.012617,0.891871,1.000000,0.000000,0.825907,0.326747,-0.499160,-60.437778,0.839086,0.339888,-0.499198,-59.493046,0.851313,0.351316,-0.499998,-58.732517,0.860962,0.355186,-0.505776,-58.745445,0.868680,0.360740,-0.507940,-58.472630,1984,Winter,lai,Leaf Area Index,Index
92,1.071447,0.579706,-0.491742,0.491742,0.491935,0.998169,0.000000,0.996342,2.967336,92,92,-0.491742,0.165783,0.174959,1.055347,0.902174,0.000000,1.039403,0.528539,-0.510864,-49.149738,1.212397,0.724563,-0.487833,-40.237106,1.317859,0.848173,-0.469686,-35.640068,1.353485,0.891343,-0.462141,-34.144562,1.381986,0.925876,-0.456110,-33.003933,1984,Spring,lai,Leaf Area Index,Index
92,1.543955,1.122738,-0.421217,0.421217,0.421351,0.998139,0.000000,0.996282,7.008052,92,92,-0.421217,0.060124,0.069984,1.163991,1.000000,0.000000,1.561647,1.144989,-0.416658,-26.680695,1.593155,1.178779,-0.414376,-26.009748,1.611411,1.200093,-0.411318,-25.525341,1.618217,1.206252,-0.411966,-25.458004,1.622969,1.212170,-0.410799,-25.311573,1984,Summer,lai,Leaf Area Index,Index
91,1.091397,0.608381,-0.483016,0.483016,0.483892,0.999800,0.000000,0.999600,2.719497,91,91,-0.483016,0.177934,0.206792,1.162180,0.824176,0.000000,1.029400,0.541798,-0.487602,-47.367596,1.246184,0.789526,-0.456658,-36.644508,1.368852,0.927034,-0.441818,-32.276527,1.401409,0.964713,-0.436697,-31.161259,1.427456,0.994855,-0.432600,-30.305698,1984,Autumn,lai,Leaf Area Index,Index
90,274.955933,275.649963,0.694018,0.859918,1.006669,0.977295,0.000000,0.955106,0.356771,90,90,0.694031,2.821613,2.340054,0.829332,0.200000,0.054425,274.717255,275.676697,0.959442,0.349247,276.474915,277.155975,0.681061,0.246337,278.517090,278.855896,0.338806,0.121646,279.696808,279.173401,-0.523407,-0.187134,281.526184,280.383423,-1.142761,-0.405917,1985,Winter,t2m,2m Temperature,K
92,285.671478,284.856476,-0.814985,0.814985,0.904010,0.996435,0.000000,0.992884,0.225195,92,92,-0.815002,4.014333,3.804192,0.947652,0.152174,0.238009,286.301575,285.463226,-0.838348,-0.292820,289.246155,288.270264,-0.975891,-0.337391,290.988159,290.069427,-0.918732,-0.315728,291.348724,290.488953,-0.859772,-0.295101,291.762604,290.662964,-1.099640,-0.376895,1985,Spring,t2m,2m Temperature,K
92,294.661560,293.831970,-0.829614,0.829614,0.882502,0.976628,0.000000,0.953803,0.630424,92,92,-0.829590,1.399856,1.362325,0.973190,0.271739,0.002137,294.754272,294.139404,-0.614868,-0.208604,295.678223,294.872253,-0.805969,-0.272583,296.272980,295.321808,-0.951172,-0.321046,296.465607,295.517426,-0.948181,-0.319828,297.101410,295.773346,-1.328064,-0.447007,1985,Summer,t2m,2m Temperature,K
91,286.452637,286.289520,-0.163121,0.373350,0.467359,0.996036,0.000000,0.992087,0.095274,91,91,-0.163116,4.905409,4.848443,0.988387,0.076923,0.952399,287.609619,287.521240,-0.088379,-0.030729,289.821503,290.023254,0.201752,0.069612,292.250793,291.814331,-0.436462,-0.149345,294.123108,293.269684,-0.853424,-0.290159,294.341492,293.583557,-0.757935,-0.257502,1985,Autumn,t2m,2m Temperature,K
90,269.928162,271.394012,1.465868,1.490118,1.625473,0.978006,0.000000,0.956496,0.568173,90,90,1.465851,2.860877,2.427376,0.848473,0.344444,0.000039,269.746948,271.198181,1.451233,0.537998,271.354126,272.947815,1.593689,0.587310,273.652863,274.858398,1.205536,0.440535,274.876709,275.244751,0.368042,0.133893,276.979370,277.021912,0.042542,0.015359,1985,Winter,d2m,2m Dewpoint,K
92,278.502045,278.948334,0.446266,0.487717,0.616997,0.994582,0.000000,0.989193,0.170881,92,92,0.446289,3.610686,3.389540,0.938753,0.119565,0.528851,279.213776,279.475159,0.261383,0.093614,281.416382,281.931610,0.515228,0.183084,283.186890,283.268555,0.081665,0.028838,283.764160,283.870239,0.106079,0.037383,284.244263,284.377686,0.133423,0.046940,1985,Spring,d2m,2m Dewpoint,K
92,287.050385,286.906372,-0.143995,0.274546,0.389985,0.964856,0.000000,0.930947,0.282776,92,92,-0.144012,1.379129,1.326582,0.961898,0.130435,0.416118,287.426331,287.465637,0.039307,0.013675,288.224976,287.879425,-0.345551,-0.119889,288.578094,288.369873,-0.208221,-0.072154,288.719757,288.463348,-0.256409,-0.088809,288.855865,288.615631,-0.240234,-0.083168,1985,Summer,d2m,2m Dewpoint,K
91,280.941986,281.656708,0.714716,0.800378,0.906954,0.991788,0.000000,0.983644,0.208971,91,91,0.714722,4.340095,4.243994,0.977857,0.208791,0.037590,281.786987,282.871033,1.084045,0.384704,283.739349,284.607513,0.868164,0.305972,286.551849,286.296234,-0.255615,-0.089204,287.786011,287.441315,-0.344696,-0.119775,288.318481,288.069031,-0.249451,-0.086519,1985,Autumn,d2m,2m Dewpoint,K
90,957.407532,96848.421875,95891.007812,95891.007812,95891.320312,0.963719,0.000000,0.928754,34197.703125,90,90,95891.015625,2.804028,242.300980,86.411751,1.000000,0.000000,957.189087,96825.585938,95868.398438,10015.618164,959.497253,97022.617188,96063.117188,10011.818359,961.068237,97148.203125,96187.132812,10008.355469,962.426758,97293.226562,96330.796875,10009.156250,963.555176,97324.250000,96360.695312,10000.538086,1985,Winter,sp,Surface Pressure,hPa
92,955.109436,96634.117188,95679.007812,95679.007812,95679.296875,0.977191,0.000000,0.954902,33920.800781,92,92,95679.007812,2.820668,238.788498,84.656731,1.000000,0.000000,955.032471,96646.593750,95691.562500,10019.717773,956.801025,96787.656250,95830.851562,10015.754883,958.668701,96910.054688,95951.382812,10008.815430,959.954102,96984.484375,96024.531250,10003.033203,962.601746,97309.843750,96347.242188,10009.044922,1985,Spring,sp,Surface Pressure,hPa
92,956.154053,96694.492188,95738.335938,95738.335938,95738.468750,0.979997,0.000000,0.960395,53954.136719,92,92,95738.335938,1.774442,164.532043,92.723274,1.000000,0.000000,956.091675,96691.304688,95735.210938,10013.182617,957.298218,96800.414062,95843.117188,10011.834961,957.997253,96858.609375,95900.609375,10010.531250,959.633240,96995.906250,96036.273438,10007.601562,960.602783,97073.398438,96112.796875,10005.467773,1985,Summer,sp,Surface Pressure,hPa
91,956.243835,96705.562500,95749.320312,95749.320312,95749.578125,0.944192,0.000000,0.891498,39469.250000,91,91,95749.320312,2.425929,222.647385,91.778214,1.000000,0.000000,956.016968,96685.742188,95729.726562,10013.392578,957.880615,96856.468750,95898.585938,10011.539062,959.206177,97004.328125,96045.125000,10012.979492,960.261230,97070.648438,96110.390625,10008.775391,962.003174,97171.406250,96209.406250,10000.945312,1985,Autumn,sp,Surface Pressure,hPa
90,1.230656,0.676111,-0.554545,0.566453,0.649540,0.930393,0.000000,0.865632,0.736469,90,90,-0.554545,0.881965,0.721271,0.817800,0.311111,0.000299,1.285333,0.631848,-0.653485,-50.841698,1.872834,1.183798,-0.689036,-36.791096,2.404870,1.712066,-0.692804,-28.808367,2.686053,1.828917,-0.857136,-31.910625,2.985178,1.992154,-0.993024,-33.265137,1985,Winter,u10,10m U-Wind,m/s
92,0.589280,0.245526,-0.343753,0.389223,0.489880,0.804775,0.000000,0.647663,0.835955,92,92,-0.343753,0.586013,0.442973,0.755910,0.391304,0.000001,0.571093,0.220124,-0.350969,-61.455708,0.845735,0.498377,-0.347358,-41.071686,1.314842,0.803863,-0.510979,-38.862423,1.624411,1.018222,-0.606189,-37.317436,2.091862,1.270548,-0.821314,-39.262352,1985,Spring,u10,10m U-Wind,m/s
92,0.397794,-0.077937,-0.475731,0.484678,0.548857,0.876781,0.000000,0.768745,1.031471,92,92,-0.475731,0.532111,0.369356,0.694133,0.402174,0.000000,0.308547,-0.086285,-0.394832,-127.964890,0.775471,0.201833,-0.573638,-73.972824,1.109050,0.413905,-0.695144,-62.679279,1.372717,0.542566,-0.830151,-60.475044,1.578635,0.679053,-0.899582,-56.984810,1985,Summer,u10,10m U-Wind,m/s
91,-0.055106,-0.172143,-0.117037,0.328823,0.410605,0.799489,0.000000,0.639183,0.627103,91,91,-0.117037,0.654766,0.508976,0.777341,0.219780,0.024383,-0.149377,-0.210473,-0.061097,-40.900902,0.342872,0.072374,-0.270498,-78.891724,0.712202,0.602208,-0.109994,-15.444271,1.104460,0.754914,-0.349546,-31.648611,1.804788,1.166519,-0.638269,-35.365303,1985,Autumn,u10,10m U-Wind,m/s
90,-0.617265,-0.647601,-0.030337,0.410009,0.501003,0.651922,0.000000,0.425002,0.795836,90,90,-0.030337,0.629531,0.559424,0.888637,0.100000,0.762125,-0.619678,-0.634435,-0.014757,-2.381336,-0.198319,-0.274285,-0.075966,-38.305050,0.242097,-0.039150,-0.281247,-116.171150,0.417555,0.398398,-0.019157,-4.587807,0.698033,0.659378,-0.038655,-5.537761,1985,Winter,v10,10m V-Wind,m/s
92,-0.018227,-0.528199,-0.509972,0.547532,0.666494,0.764204,0.000000,0.584008,1.004812,92,92,-0.509972,0.663302,0.473457,0.713788,0.347826,0.000025,-0.132005,-0.472183,-0.340178,-257.700134,0.503117,-0.159405,-0.662522,-131.683411,0.891339,0.064693,-0.826647,-92.742096,1.039054,0.199243,-0.839811,-80.824554,1.585666,0.356143,-1.229523,-77.539841,1985,Spring,v10,10m V-Wind,m/s
92,0.348172,-0.165012,-0.513183,0.518517,0.606226,0.582389,0.000000,0.339177,1.586230,92,92,-0.513183,0.382180,0.309939,0.810975,0.619565,0.000000,0.378260,-0.164127,-0.542387,-143.389893,0.566532,0.027264,-0.539269,-95.187630,0.823794,0.205044,-0.618750,-75.109833,0.968606,0.362739,-0.605867,-62.550449,1.095718,0.505474,-0.590243,-53.868187,1985,Summer,v10,10m V-Wind,m/s
91,0.052493,-0.555542,-0.608035,0.620289,0.699616,0.738141,0.000000,0.544853,1.372612,91,91,-0.608034,0.509697,0.415137,0.814477,0.505495,0.000000,0.082066,-0.566101,-0.648166,-789.814270,0.386597,-0.215493,-0.602090,-155.741013,0.632375,-0.013311,-0.645686,-102.104935,0.744684,0.028333,-0.716351,-96.195259,1.250099,0.301004,-0.949095,-75.921600,1985,Autumn,v10,10m V-Wind,m/s
90,0.830802,0.331053,-0.499748,0.499748,0.499881,0.631510,0.000000,0.398804,35.356674,90,90,-0.499748,0.014138,0.012384,0.875921,1.000000,0.000000,0.825802,0.326649,-0.499153,-60.444641,0.838845,0.339582,-0.499263,-59.517933,0.851528,0.350313,-0.501215,-58.860634,0.861069,0.354305,-0.506765,-58.852940,0.868702,0.359942,-0.508760,-58.565552,1985,Winter,lai,Leaf Area Index,Index
92,1.071378,0.579624,-0.491754,0.491754,0.491948,0.998164,0.000000,0.996332,2.965816,92,92,-0.491754,0.165873,0.175047,1.055310,0.902174,0.000000,1.039403,0.528525,-0.510878,-49.151127,1.212397,0.724569,-0.487828,-40.236645,1.317859,0.848168,-0.469691,-35.640461,1.353485,0.891338,-0.462147,-34.144951,1.381986,0.925885,-0.456101,-33.003300,1985,Spring,lai,Leaf Area Index,Index
92,1.543955,1.122749,-0.421206,0.421206,0.421340,0.998136,0.000000,0.996276,7.007870,92,92,-0.421206,0.060124,0.069995,1.164189,1.000000,0.000000,1.561647,1.145007,-0.416640,-26.679541,1.593155,1.178818,-0.414337,-26.007326,1.611411,1.200105,-0.411306,-25.524588,1.618217,1.206277,-0.411940,-25.456404,1.622969,1.212195,-0.410774,-25.310038,1985,Summer,lai,Leaf Area Index,Index
91,1.091397,0.608388,-0.483009,0.483009,0.483885,0.999800,0.000000,0.999600,2.719457,91,91,-0.483009,0.177934,0.206785,1.162139,0.824176,0.000000,1.029400,0.541801,-0.487600,-47.367336,1.246184,0.789526,-0.456658,-36.644508,1.368852,0.927034,-0.441818,-32.276527,1.401409,0.964713,-0.436697,-31.161259,1.427456,0.994855,-0.432600,-30.305698,1985,Autumn,lai,Leaf Area Index,Index
90,277.588440,277.832306,0.243872,0.646671,0.788155,0.939421,0.000000,0.882511,0.369428,90,90,0.243866,2.133443,1.840026,0.862468,0.088889,0.871900,277.870453,278.158325,0.287872,0.103599,278.976654,279.251648,0.274994,0.098572,280.119324,280.041229,-0.078094,-0.027879,280.475433,280.335785,-0.139648,-0.049790,281.412903,280.938416,-0.474487,-0.168609,1986,Winter,t2m,2m Temperature,K
92,285.856140,285.088562,-0.767586,0.777913,0.871490,0.993934,0.000000,0.987905,0.233207,92,92,-0.767578,3.736972,3.676899,0.983925,0.184783,0.086376,286.179321,285.439453,-0.739868,-0.258533,288.192383,287.302216,-0.890167,-0.308880,289.919861,289.522461,-0.397400,-0.137072,292.296783,291.751923,-0.544861,-0.186407,293.617615,292.170685,-1.446930,-0.492794,1986,Spring,t2m,2m Temperature,K
92,294.752838,293.910370,-0.842429,0.854936,0.909634,0.960574,0.000000,0.922702,0.755645,92,92,-0.842468,1.203786,1.232054,1.023483,0.358696,0.000012,294.896423,294.091095,-0.805328,-0.273089,295.768463,295.006561,-0.761902,-0.257601,296.126343,295.394135,-0.732208,-0.247262,296.290497,295.481781,-0.808716,-0.272947,296.517761,295.584473,-0.933289,-0.314750,1986,Summer,t2m,2m Temperature,K
91,286.627808,286.489349,-0.138418,0.337217,0.424196,0.995724,0.000000,0.991466,0.098708,91,91,-0.138458,4.297497,4.222854,0.982631,0.087912,0.876095,286.831390,286.865601,0.034210,0.011927,290.637238,290.310791,-0.326447,-0.112321,291.383759,291.162323,-0.221436,-0.075994,292.460449,292.017944,-0.442505,-0.151304,293.592438,293.095093,-0.497345,-0.169400,1986,Autumn,t2m,2m Temperature,K
90,272.600739,273.702942,1.102203,1.163169,1.302023,0.961119,0.000000,0.923750,0.534416,90,90,1.102203,2.436348,2.174862,0.892673,0.233333,0.014634,272.890625,273.939087,1.048462,0.384206,274.181641,275.484222,1.302582,0.475080,275.568634,276.087311,0.518677,0.188221,276.114960,277.110321,0.995361,0.360488,276.970123,277.473724,0.503601,0.181825,1986,Winter,d2m,2m Dewpoint,K
92,278.665741,279.247498,0.581748,0.640647,0.733756,0.991797,0.000000,0.983661,0.212924,92,92,0.581757,3.446090,3.340795,0.969445,0.141304,0.318630,278.510803,279.188324,0.677521,0.243266,280.989410,281.497131,0.507721,0.180690,282.396698,283.185669,0.788971,0.279384,284.919983,285.491089,0.571106,0.200444,286.274292,285.913574,-0.360718,-0.126004,1986,Spring,d2m,2m Dewpoint,K
92,287.691681,287.309479,-0.382226,0.428364,0.488378,0.964781,0.000000,0.930802,0.422912,92,92,-0.382202,1.154798,1.125845,0.974928,0.195652,0.058896,288.006470,287.681091,-0.325378,-0.112976,288.646149,288.159180,-0.486969,-0.168708,288.939240,288.491241,-0.447998,-0.155049,289.276855,288.696045,-0.580811,-0.200780,289.449738,288.727966,-0.721771,-0.249360,1986,Summer,d2m,2m Dewpoint,K
91,281.369324,282.066284,0.696959,0.709012,0.855773,0.993938,0.000000,0.987912,0.209811,91,91,0.696960,4.078773,3.840743,0.941642,0.131868,0.409226,281.432495,282.627136,1.194641,0.424486,285.193726,285.415833,0.222107,0.077879,286.032043,286.253876,0.221832,0.077555,286.750885,286.850922,0.100037,0.034886,287.941132,288.111877,0.170746,0.059299,1986,Autumn,d2m,2m Dewpoint,K
90,956.661804,96729.476562,95772.820312,95772.820312,95773.109375,0.951664,0.000000,0.905665,32639.921875,90,90,95772.812500,2.934232,237.655594,80.994133,1.000000,0.000000,956.483521,96723.265625,95766.781250,10012.381836,958.825073,96884.179688,95925.351562,10004.467773,959.994080,97043.945312,96083.953125,10008.806641,960.608521,97078.710938,96118.101562,10005.959961,962.337158,97183.609375,96221.273438,9998.707031,1986,Winter,sp,Surface Pressure,hPa
92,955.205505,96649.968750,95694.742188,95694.742188,95695.000000,0.962413,0.000000,0.926238,36221.097656,92,92,95694.765625,2.641968,220.764465,83.560600,1.000000,0.000000,954.785645,96654.234375,95699.445312,10023.134766,956.319824,96732.851562,95776.531250,10015.115234,958.182007,96880.343750,95922.164062,10010.849609,961.120972,97113.468750,96152.351562,10004.188477,962.184204,97242.218750,96280.031250,10006.403320,1986,Spring,sp,Surface Pressure,hPa
92,956.304932,96698.921875,95742.609375,95742.609375,95742.734375,0.966913,0.000000,0.934922,58399.046875,92,92,95742.617188,1.639457,150.590851,91.854095,1.000000,0.000000,956.368347,96705.359375,95748.992188,10011.727539,957.440857,96808.812500,95851.375000,10011.206055,958.467102,96907.664062,95949.195312,10010.693359,958.910217,96940.328125,95981.414062,10009.425781,959.861145,96993.890625,96034.031250,10004.992188,1986,Summer,sp,Surface Pressure,hPa
91,957.086975,96786.164062,95829.078125,95829.078125,95829.382812,0.970583,0.000000,0.942032,35953.621094,91,91,95829.078125,2.665361,243.981476,91.537865,1.000000,0.000000,957.105103,96774.851562,95817.750000,10011.205078,958.800598,96945.265625,95986.468750,10011.098633,960.303650,97050.804688,96090.500000,10006.261719,961.449585,97173.257812,96211.804688,10006.952148,963.523010,97376.265625,96412.742188,10006.272461,1986,Autumn,sp,Surface Pressure,hPa
90,0.761955,0.449285,-0.312670,0.354013,0.444064,0.895123,0.000000,0.801246,0.635518,90,90,-0.312670,0.698744,0.576567,0.825149,0.244444,0.009015,0.639951,0.337521,-0.302431,-47.258404,1.244787,0.850327,-0.394460,-31.688980,1.696706,1.211473,-0.485233,-28.598539,1.866275,1.583875,-0.282400,-15.131742,2.340406,1.716494,-0.623912,-26.658283,1986,Winter,u10,10m U-Wind,m/s
92,0.436097,0.151397,-0.284700,0.348432,0.427699,0.883235,0.000000,0.780104,0.635840,92,92,-0.284700,0.672653,0.545345,0.810738,0.260870,0.003677,0.423465,0.086547,-0.336918,-79.562180,0.849279,0.440366,-0.408913,-48.148300,1.389580,0.759633,-0.629947,-45.333622,1.614964,1.055476,-0.559489,-34.644020,2.082132,1.848853,-0.233279,-11.203848,1986,Spring,u10,10m U-Wind,m/s
92,0.453479,0.000123,-0.453356,0.457680,0.509661,0.833629,0.000000,0.694937,1.217372,92,92,-0.453356,0.418657,0.321564,0.768085,0.554348,0.000000,0.508640,-0.003756,-0.512395,-100.738365,0.724237,0.205458,-0.518780,-71.631180,0.911949,0.396111,-0.515839,-56.564415,1.034972,0.517993,-0.516979,-49.950996,1.356676,0.877481,-0.479195,-35.321239,1986,Summer,u10,10m U-Wind,m/s
91,0.085587,-0.178730,-0.264317,0.334690,0.424176,0.829480,0.000000,0.688037,0.719688,91,91,-0.264317,0.589388,0.447745,0.759678,0.252747,0.005795,0.026219,-0.223296,-0.249515,-951.668945,0.561133,0.125124,-0.436009,-77.701523,0.865812,0.459597,-0.406215,-46.917236,1.053787,0.563345,-0.490442,-46.540882,1.262843,0.949641,-0.313203,-24.801378,1986,Autumn,u10,10m U-Wind,m/s
90,-0.219495,-0.138335,0.081160,0.348215,0.433464,0.784523,0.000000,0.615476,0.631507,90,90,0.081160,0.686396,0.550304,0.801730,0.122222,0.514520,-0.300837,-0.175365,0.125471,41.707474,0.225598,0.193686,-0.031912,-14.145329,0.634662,0.641451,0.006788,1.069613,0.976018,0.771937,-0.204081,-20.909531,1.639719,1.190791,-0.448929,-27.378387,1986,Winter,v10,10m V-Wind,m/s
92,-0.142306,-0.547307,-0.405001,0.514992,0.601578,0.773586,0.000000,0.598436,0.888823,92,92,-0.405001,0.676826,0.641552,0.947883,0.282609,0.001213,-0.258081,-0.595128,-0.337047,-130.597656,0.325969,-0.132156,-0.458125,-140.542343,0.755112,0.190836,-0.564276,-74.727486,1.018908,0.474238,-0.544670,-53.456287,1.488373,1.077901,-0.410472,-27.578562,1986,Spring,v10,10m V-Wind,m/s
92,0.442019,-0.133963,-0.575982,0.581764,0.656908,0.706576,0.000000,0.499250,1.474743,92,92,-0.575982,0.445439,0.335143,0.752387,0.576087,0.000000,0.477707,-0.162016,-0.639723,-133.915359,0.715965,0.044071,-0.671894,-93.844513,1.042950,0.233478,-0.809472,-77.613670,1.163378,0.366757,-0.796622,-68.474854,1.410126,0.789285,-0.620840,-44.027309,1986,Summer,v10,10m V-Wind,m/s
91,-0.060933,-0.518057,-0.457124,0.527281,0.641387,0.702853,0.000000,0.494003,1.019105,91,91,-0.457124,0.629363,0.486965,0.773743,0.362637,0.000010,-0.093457,-0.534949,-0.441493,-472.403900,0.295868,-0.203135,-0.499003,-168.657516,0.769883,0.159246,-0.610637,-79.315529,0.925560,0.356564,-0.568996,-61.475895,1.714866,0.538111,-1.176755,-68.620827,1986,Autumn,v10,10m V-Wind,m/s
90,0.830802,0.331052,-0.499750,0.499750,0.499882,0.631564,0.000000,0.398873,35.356781,90,90,-0.499750,0.014138,0.012378,0.875519,1.000000,0.000000,0.825802,0.326636,-0.499167,-60.446266,0.838845,0.339588,-0.499256,-59.517155,0.851528,0.350321,-0.501207,-58.859737,0.861069,0.354294,-0.506775,-58.854156,0.868702,0.359950,-0.508752,-58.564651,1986,Winter,lai,Leaf Area Index,Index
92,1.071378,0.579662,-0.491716,0.491716,0.491909,0.998174,0.000000,0.996351,2.965579,92,92,-0.491716,0.165873,0.175032,1.055219,0.902174,0.000000,1.039403,0.528616,-0.510786,-49.142288,1.212397,0.724575,-0.487822,-40.236149,1.317859,0.848173,-0.469686,-35.640049,1.353485,0.891338,-0.462147,-34.144939,1.381986,0.925875,-0.456111,-33.004028,1986,Spring,lai,Leaf Area Index,Index
92,1.543955,1.122745,-0.421209,0.421209,0.421344,0.998141,0.000000,0.996285,7.007935,92,92,-0.421210,0.060124,0.069994,1.164168,1.000000,0.000000,1.561647,1.144998,-0.416648,-26.680069,1.593155,1.178801,-0.414353,-26.008358,1.611411,1.200109,-0.411301,-25.524307,1.618217,1.206265,-0.411952,-25.457163,1.622969,1.212186,-0.410783,-25.310612,1986,Summer,lai,Leaf Area Index,Index
91,1.091397,0.608393,-0.483005,0.483005,0.483880,0.999801,0.000000,0.999602,2.719428,91,91,-0.483005,0.177934,0.206779,1.162105,0.824176,0.000000,1.029400,0.541798,-0.487602,-47.367596,1.246184,0.789526,-0.456658,-36.644508,1.368852,0.927034,-0.441818,-32.276527,1.401409,0.964713,-0.436697,-31.161259,1.427456,0.994855,-0.432600,-30.305698,1986,Autumn,lai,Leaf Area Index,Index
90,277.477875,277.795074,0.317202,0.511809,0.620883,0.973447,0.000000,0.947599,0.288205,90,90,0.317200,2.154314,1.892953,0.878680,0.133333,0.402289,277.625885,277.924805,0.298920,0.107670,278.823486,278.624420,-0.199066,-0.071395,280.232941,280.417145,0.184204,0.065732,280.755798,280.997406,0.241608,0.086056,282.169922,282.020355,-0.149567,-0.053006,1987,Winter,t2m,2m Temperature,K
92,285.694580,285.143433,-0.551158,0.624369,0.745688,0.995840,0.000000,0.991698,0.172089,92,92,-0.551147,4.333143,4.004644,0.924189,0.130435,0.416118,287.057373,286.409393,-0.647980,-0.225732,289.519989,288.978912,-0.541077,-0.186888,290.977966,289.998749,-0.979218,-0.336526,291.468079,290.449036,-1.019043,-0.349624,292.620514,291.517700,-1.102814,-0.376875,1987,Spring,t2m,2m Temperature,K
92,294.981110,294.141052,-0.840054,0.840054,0.885910,0.973136,0.000000,0.946993,0.736204,92,92,-0.840057,1.203348,1.122141,0.932516,0.402174,0.000000,295.157349,294.300232,-0.857117,-0.290393,295.893188,294.948730,-0.944458,-0.319189,296.301849,295.495697,-0.806152,-0.272071,296.559113,295.641937,-0.917175,-0.309272,296.812866,295.710052,-1.102814,-0.371552,1987,Summer,t2m,2m Temperature,K
91,287.332794,287.409332,0.076545,0.343927,0.458875,0.996549,0.000000,0.993109,0.103932,91,91,0.076538,4.415128,4.134589,0.936460,0.076923,0.952399,286.924988,286.795837,-0.129150,-0.045012,291.620117,291.567169,-0.052948,-0.018156,293.195221,293.036530,-0.158691,-0.054125,293.727356,293.342865,-0.384491,-0.130901,293.909180,293.558044,-0.351135,-0.119471,1987,Autumn,t2m,2m Temperature,K
90,272.343384,273.566742,1.223342,1.223342,1.287923,0.981599,0.000000,0.963537,0.620977,90,90,1.223358,2.074027,1.962832,0.946387,0.344444,0.000039,272.451660,273.576263,1.124603,0.412772,273.561523,274.470764,0.909241,0.332372,274.757935,276.047760,1.289825,0.469441,275.370544,277.002075,1.631531,0.592486,276.868500,278.067841,1.199341,0.433181,1987,Winter,d2m,2m Dewpoint,K
92,278.558685,279.228607,0.669909,0.821574,0.962807,0.990596,0.000000,0.981279,0.237004,92,92,0.669922,4.062412,3.612783,0.889320,0.130435,0.416118,278.465942,279.460083,0.994141,0.357006,281.595703,282.312805,0.717102,0.254657,283.951477,283.705109,-0.246368,-0.086764,285.157623,284.902466,-0.255157,-0.089479,286.345154,285.975952,-0.369202,-0.128936,1987,Spring,d2m,2m Dewpoint,K
92,287.741211,287.446472,-0.294762,0.354194,0.413206,0.975796,0.000000,0.952177,0.312398,92,92,-0.294739,1.322691,1.276956,0.965423,0.195652,0.058896,287.572510,287.412842,-0.159668,-0.055523,289.079529,288.744629,-0.334900,-0.115850,289.427124,289.043854,-0.383270,-0.132424,289.552399,289.154480,-0.397919,-0.137425,289.685577,289.303253,-0.382324,-0.131979,1987,Summer,d2m,2m Dewpoint,K
91,280.640594,281.746338,1.105717,1.107668,1.235625,0.996108,0.000000,0.992232,0.312519,91,91,1.105743,3.953762,3.510901,0.887990,0.208791,0.037590,279.849487,281.206268,1.356781,0.484825,284.255676,285.234558,0.978882,0.344367,286.591003,287.030823,0.439819,0.153466,286.841766,287.137268,0.295502,0.103019,287.447998,287.553009,0.105011,0.036532,1987,Autumn,d2m,2m Dewpoint,K
90,955.304626,96632.335938,95677.023438,95677.023438,95677.375000,0.945782,0.000000,0.894504,34260.949219,90,90,95677.031250,2.792607,261.851624,93.765999,1.000000,0.000000,955.143066,96641.500000,95686.359375,10018.013672,956.967773,96776.140625,95819.171875,10012.790039,958.954529,97021.679688,96062.726562,10017.443359,959.712891,97074.468750,96114.757812,10014.949219,961.837036,97135.578125,96173.742188,9998.963867,1987,Winter,sp,Surface Pressure,hPa
92,955.786316,96694.031250,95738.250000,95738.250000,95738.546875,0.968682,0.000000,0.938345,33003.976562,92,92,95738.242188,2.900819,244.242065,84.197632,1.000000,0.000000,955.654053,96690.531250,95734.875000,10017.734375,957.803650,96873.789062,95915.984375,10014.159180,959.758911,97032.390625,96072.632812,10010.079102,960.640991,97084.679688,96124.039062,10006.239258,961.953186,97175.484375,96213.531250,10001.893555,1987,Spring,sp,Surface Pressure,hPa
92,955.996582,96670.750000,95714.742188,95714.742188,95714.890625,0.981857,0.000000,0.964042,51861.738281,92,92,95714.750000,1.845578,165.061127,89.436005,1.000000,0.000000,955.649048,96646.078125,95690.429688,10013.134766,957.189087,96758.304688,95801.117188,10008.588867,959.178589,96923.125000,95963.945312,10004.805664,959.427307,96984.960938,96025.531250,10008.629883,960.158325,97068.531250,96108.375000,10009.638672,1987,Summer,sp,Surface Pressure,hPa
91,957.008606,96769.046875,95812.031250,95812.031250,95812.250000,0.982729,0.000000,0.965757,40624.847656,91,91,95812.039062,2.358464,207.020782,87.777794,1.000000,0.000000,956.693054,96741.906250,95785.210938,10012.115234,958.378235,96889.375000,95931.000000,10009.722656,960.695679,97050.351562,96089.656250,10002.091797,961.132446,97147.921875,96186.789062,10007.652344,962.377686,97196.539062,96234.164062,9999.625000,1987,Autumn,sp,Surface Pressure,hPa
90,0.928806,0.596823,-0.331983,0.422841,0.511162,0.887206,0.000000,0.787134,0.610838,90,90,-0.331983,0.836821,0.697598,0.833629,0.233333,0.014634,0.929018,0.562586,-0.366433,-39.442982,1.492821,1.086517,-0.406303,-27.217146,1.934971,1.538689,-0.396282,-20.480003,2.366808,1.687730,-0.679078,-28.691730,2.816497,2.167076,-0.649421,-23.057756,1987,Winter,u10,10m U-Wind,m/s
92,0.233808,0.103978,-0.129830,0.237086,0.320208,0.905438,0.000000,0.819818,0.481474,92,92,-0.129830,0.665057,0.524820,0.789136,0.152174,0.238009,0.154194,0.050343,-0.103851,-67.350655,0.580383,0.343338,-0.237045,-40.842785,1.103153,0.806992,-0.296161,-26.846785,1.427365,1.104939,-0.322426,-22.588902,2.002786,1.593261,-0.409525,-20.447746,1987,Spring,u10,10m U-Wind,m/s
92,0.433212,-0.031553,-0.464765,0.464765,0.512737,0.855360,0.000000,0.731641,1.255921,92,92,-0.464765,0.408256,0.302687,0.741415,0.500000,0.000000,0.422181,-0.093643,-0.515824,-122.180740,0.708105,0.216020,-0.492084,-69.493187,0.999432,0.344753,-0.654679,-65.505135,1.151654,0.442823,-0.708831,-61.548958,1.281792,0.596143,-0.685649,-53.491444,1987,Summer,u10,10m U-Wind,m/s
91,0.138410,-0.035767,-0.174177,0.324042,0.393869,0.905040,0.000000,0.819098,0.500401,91,91,-0.174177,0.787107,0.599584,0.761757,0.274725,0.001979,0.231116,-0.056459,-0.287575,-124.428802,0.697830,0.257915,-0.439914,-63.040340,1.097116,0.850918,-0.246198,-22.440462,1.179538,1.066900,-0.112637,-9.549285,1.878939,1.356196,-0.522744,-27.821207,1987,Autumn,u10,10m U-Wind,m/s
90,-0.551852,-0.646110,-0.094257,0.401321,0.486235,0.783683,0.000000,0.614160,0.767694,90,90,-0.094257,0.633371,0.766097,1.209554,0.144444,0.306035,-0.530840,-0.499229,0.031611,5.954850,-0.072899,-0.046083,0.026817,36.785931,0.298164,0.251826,-0.046337,-15.540924,0.480999,0.326517,-0.154482,-32.116920,0.661184,0.542507,-0.118677,-17.949177,1987,Winter,v10,10m V-Wind,m/s
92,-0.280413,-0.654143,-0.373730,0.461940,0.560626,0.798160,0.000000,0.637060,0.812740,92,92,-0.373730,0.689797,0.594529,0.861889,0.271739,0.002137,-0.243777,-0.743073,-0.499296,-204.817123,0.231542,-0.196629,-0.428171,-184.921555,0.634748,0.200295,-0.434453,-68.445023,0.798938,0.327811,-0.471127,-58.969185,0.915223,0.440999,-0.474224,-51.815113,1987,Spring,v10,10m V-Wind,m/s
92,0.301175,-0.311903,-0.613078,0.613078,0.660579,0.793492,0.000000,0.629629,1.636116,92,92,-0.613078,0.403748,0.331573,0.821236,0.597826,0.000000,0.286823,-0.365128,-0.651951,-227.300812,0.564612,-0.108002,-0.672614,-119.128571,0.851396,0.156052,-0.695344,-81.671021,0.975457,0.268683,-0.706774,-72.455688,1.034136,0.476811,-0.557325,-53.892780,1987,Summer,v10,10m V-Wind,m/s
91,-0.348658,-0.666309,-0.317651,0.423835,0.514457,0.601676,0.000000,0.362014,1.074483,91,91,-0.317651,0.478795,0.420401,0.878040,0.329670,0.000089,-0.398210,-0.648812,-0.250602,-62.932034,0.010921,-0.455692,-0.466613,-4272.472168,0.242556,-0.235137,-0.477693,-196.941177,0.425761,0.219638,-0.206123,-48.412918,0.924154,0.395311,-0.528844,-57.224594,1987,Autumn,v10,10m V-Wind,m/s
90,0.830802,0.331028,-0.499774,0.499774,0.499905,0.632082,0.000000,0.399528,35.358433,90,90,-0.499774,0.014138,0.012360,0.874245,1.000000,0.000000,0.825802,0.326622,-0.499180,-60.447887,0.838845,0.339506,-0.499339,-59.526993,0.851528,0.350252,-0.501275,-58.867767,0.861069,0.354246,-0.506823,-58.859753,0.868702,0.359898,-0.508804,-58.570641,1987,Winter,lai,Leaf Area Index,Index
92,1.071378,0.579609,-0.491769,0.491769,0.491962,0.998172,0.000000,0.996346,2.965903,92,92,-0.491769,0.165873,0.175057,1.055367,0.902174,0.000000,1.039403,0.528543,-0.510859,-49.149330,1.212397,0.724550,-0.487847,-40.238247,1.317859,0.848171,-0.469688,-35.640244,1.353485,0.891338,-0.462147,-34.144981,1.381986,0.925876,-0.456110,-33.003937,1987,Spring,lai,Leaf Area Index,Index
92,1.543955,1.122731,-0.421224,0.421224,0.421358,0.998135,0.000000,0.996274,7.008165,92,92,-0.421224,0.060124,0.069984,1.163993,1.000000,0.000000,1.561647,1.144982,-0.416665,-26.681114,1.593155,1.178776,-0.414379,-26.009953,1.611411,1.200073,-0.411337,-25.526531,1.618217,1.206245,-0.411973,-25.458414,1.622969,1.212151,-0.410818,-25.312756,1987,Summer,lai,Leaf Area Index,Index
91,1.091397,0.608376,-0.483021,0.483021,0.483898,0.999799,0.000000,0.999599,2.719530,91,91,-0.483022,0.177934,0.206797,1.162207,0.824176,0.000000,1.029400,0.541798,-0.487602,-47.367596,1.246184,0.789526,-0.456658,-36.644508,1.368852,0.927034,-0.441818,-32.276527,1.401409,0.964713,-0.436697,-31.161259,1.427456,0.994855,-0.432600,-30.305698,1987,Autumn,lai,Leaf Area Index,Index
91,276.045654,276.245178,0.199555,0.592653,0.722605,0.972969,0.000000,0.946669,0.271753,91,91,0.199524,2.659048,2.262747,0.850961,0.098901,0.768023,275.694916,276.391846,0.696930,0.252790,278.301270,277.916382,-0.384888,-0.138299,279.326477,279.517120,0.190643,0.068251,280.190857,279.940430,-0.250427,-0.089377,280.567383,280.369690,-0.197693,-0.070462,1988,Winter,t2m,2m Temperature,K
92,285.243256,284.673615,-0.569658,0.612763,0.713689,0.996061,0.000000,0.992138,0.167800,92,92,-0.569641,4.253216,4.030014,0.947521,0.130435,0.416118,285.042572,284.676270,-0.366302,-0.128508,288.761536,288.127350,-0.634186,-0.219623,290.985718,290.132507,-0.853210,-0.293214,291.741089,290.912933,-0.828156,-0.283867,292.402954,291.236816,-1.166138,-0.398812,1988,Spring,t2m,2m Temperature,K
92,295.436707,294.452209,-0.984480,0.984480,1.046514,0.970993,0.000000,0.942828,0.706858,92,92,-0.984497,1.480515,1.411621,0.953466,0.413043,0.000000,295.946411,294.766541,-1.179871,-0.398677,296.636719,295.577301,-1.059418,-0.357143,296.932922,295.952576,-0.980347,-0.330158,297.141998,296.239441,-0.902557,-0.303746,297.531311,296.440002,-1.091309,-0.366788,1988,Summer,t2m,2m Temperature,K
91,287.200775,287.031464,-0.169300,0.347238,0.396170,0.996975,0.000000,0.993960,0.092216,91,91,-0.169312,4.296106,4.153456,0.966795,0.098901,0.768023,287.013672,287.358582,0.344910,0.120172,290.932373,290.464783,-0.467590,-0.160721,292.402496,292.197479,-0.205017,-0.070115,293.374146,292.754761,-0.619385,-0.211125,294.843506,294.380859,-0.462646,-0.156913,1988,Autumn,t2m,2m Temperature,K
91,270.607361,271.654755,1.047372,1.087310,1.244420,0.962862,0.000000,0.927102,0.519259,91,91,1.047394,2.396528,2.126099,0.887158,0.252747,0.005795,270.394806,271.535614,1.140808,0.421905,272.674896,273.544678,0.869781,0.318981,273.800720,274.601685,0.800964,0.292536,274.200958,274.882690,0.681732,0.248625,274.561768,275.741547,1.179779,0.429695,1988,Winter,d2m,2m Dewpoint,K
92,277.368713,278.336823,0.968059,0.968917,1.092021,0.992890,0.000000,0.985830,0.276719,92,92,0.968109,3.946310,3.731955,0.945682,0.184783,0.086376,277.337921,278.707153,1.369232,0.493705,279.951935,280.886780,0.934845,0.333931,283.026672,283.304657,0.277985,0.098219,283.622925,284.033264,0.410339,0.144678,284.453522,284.579651,0.126129,0.044341,1988,Spring,d2m,2m Dewpoint,K
92,287.491699,287.307800,-0.183893,0.329124,0.393732,0.991439,0.000000,0.982951,0.202065,92,92,-0.183899,1.948539,1.694209,0.869477,0.141304,0.318630,287.975098,287.772095,-0.203003,-0.070493,288.799927,288.509491,-0.290436,-0.100566,289.572510,289.075012,-0.497498,-0.171804,289.790802,289.242432,-0.548370,-0.189230,289.999786,289.489868,-0.509918,-0.175834,1988,Summer,d2m,2m Dewpoint,K
91,280.655731,281.598724,0.942973,0.942973,1.064177,0.993249,0.000000,0.986544,0.283693,91,91,0.942993,3.751162,3.493602,0.931339,0.186813,0.083428,280.298553,281.750885,1.452332,0.518137,284.054138,284.702393,0.648254,0.228215,285.286194,285.790741,0.504547,0.176856,286.079224,286.190521,0.111298,0.038904,287.506134,287.688507,0.182373,0.063433,1988,Autumn,d2m,2m Dewpoint,K
91,958.112183,96905.914062,95947.812500,95947.812500,95948.179688,0.969173,0.000000,0.939297,29337.015625,91,91,95947.804688,3.270550,270.842041,82.812386,1.000000,0.000000,958.325378,96936.710938,95978.382812,10015.218750,960.673401,97086.406250,96125.734375,10006.078125,962.529053,97271.734375,96309.203125,10005.848633,963.009705,97322.828125,96359.820312,10006.111328,963.845276,97383.757812,96419.914062,10003.670898,1988,Winter,sp,Surface Pressure,hPa
92,955.127014,96650.859375,95695.726562,95695.726562,95695.976562,0.959204,0.000000,0.920072,37196.730469,92,92,95695.734375,2.572699,225.760315,87.752335,1.000000,0.000000,955.121094,96676.875000,95721.750000,10021.949219,956.885742,96809.031250,95852.148438,10017.094727,958.412292,96903.992188,95945.578125,10010.887695,959.116699,96950.632812,95991.515625,10008.325195,960.310059,97096.312500,96136.000000,10010.933594,1988,Spring,sp,Surface Pressure,hPa
92,956.284302,96694.382812,95738.101562,95738.101562,95738.281250,0.979589,0.000000,0.959595,48370.410156,92,92,95738.101562,1.979274,184.326248,93.128227,1.000000,0.000000,956.037476,96645.773438,95689.734375,10008.993164,957.840454,96846.812500,95888.968750,10010.954102,959.142700,96966.007812,96006.867188,10009.654297,959.623901,97013.539062,96053.914062,10009.537109,960.520569,97084.828125,96124.304688,10007.521484,1988,Summer,sp,Surface Pressure,hPa
91,955.711731,96643.914062,95688.210938,95688.210938,95688.609375,0.980067,0.000000,0.960532,30433.996094,91,91,95688.203125,3.144135,277.619019,88.297409,1.000000,0.000000,955.959900,96668.242188,95712.281250,10012.165039,957.903320,96827.156250,95869.250000,10008.238281,959.288757,96960.437500,96001.148438,10007.534180,960.358887,97062.984375,96102.625000,10006.948242,962.778198,97281.101562,96318.320312,10004.207031,1988,Autumn,sp,Surface Pressure,hPa
91,0.801695,0.383826,-0.417869,0.464738,0.571794,0.805971,0.000000,0.649590,0.867438,91,91,-0.417869,0.659175,0.540005,0.819213,0.351648,0.000022,0.747307,0.464237,-0.283070,-37.878658,1.235099,0.732386,-0.502714,-40.702278,1.596023,0.962140,-0.633883,-39.716427,1.916776,1.215374,-0.701402,-36.592789,2.554173,1.548346,-1.005827,-39.379749,1988,Winter,u10,10m U-Wind,m/s
92,0.646402,0.315147,-0.331255,0.375516,0.460868,0.859803,0.000000,0.739261,0.736241,92,92,-0.331255,0.625974,0.515837,0.824055,0.293478,0.000673,0.622769,0.345787,-0.276982,-44.475914,1.043690,0.603863,-0.439827,-42.141525,1.397030,0.966924,-0.430107,-30.787207,1.657222,1.148969,-0.508253,-30.668985,2.051421,1.554909,-0.496512,-24.203314,1988,Spring,u10,10m U-Wind,m/s
92,0.248186,-0.105388,-0.353574,0.372043,0.414436,0.852803,0.000000,0.727274,1.001179,92,92,-0.353574,0.413948,0.356151,0.860378,0.489130,0.000000,0.284256,-0.105526,-0.389782,-137.123535,0.489521,0.149975,-0.339546,-69.362892,0.758728,0.358766,-0.399962,-52.714848,0.863043,0.503436,-0.359607,-41.667374,1.297084,0.765665,-0.531419,-40.970272,1988,Summer,u10,10m U-Wind,m/s
91,0.361485,0.114023,-0.247462,0.361319,0.429212,0.875541,0.000000,0.766572,0.591819,91,91,-0.247461,0.725241,0.620549,0.855645,0.186813,0.083428,0.267522,0.107007,-0.160514,-60.000458,0.925627,0.639944,-0.285682,-30.863657,1.373567,0.877640,-0.495927,-36.105072,1.519619,1.122493,-0.397127,-26.133303,1.819313,1.376335,-0.442979,-24.348677,1988,Autumn,u10,10m U-Wind,m/s
91,-0.378586,-0.646225,-0.267639,0.464635,0.599445,0.692760,0.000000,0.479916,0.805961,91,91,-0.267639,0.743765,0.514301,0.691484,0.241758,0.009575,-0.402637,-0.685750,-0.283113,-70.314667,0.110870,-0.348409,-0.459280,-414.249054,0.756872,0.037609,-0.719263,-95.030983,0.886697,0.224382,-0.662315,-74.694595,1.344880,0.620201,-0.724679,-53.884304,1988,Winter,v10,10m V-Wind,m/s
92,-0.211406,-0.602407,-0.391001,0.450498,0.569823,0.869410,0.000000,0.755875,0.681571,92,92,-0.391001,0.836043,0.692508,0.828315,0.304348,0.000365,-0.101397,-0.480181,-0.378784,-373.565826,0.297038,-0.111823,-0.408862,-137.646042,0.640379,0.186774,-0.453606,-70.833878,0.920090,0.369268,-0.550821,-59.866051,1.405973,0.549192,-0.856782,-60.938683,1988,Spring,v10,10m V-Wind,m/s
92,0.384229,-0.168546,-0.552776,0.562830,0.615912,0.817888,0.000000,0.668940,1.311515,92,92,-0.552776,0.469618,0.356275,0.758648,0.565217,0.000000,0.381519,-0.192175,-0.573693,-150.370926,0.710247,0.063671,-0.646576,-91.035385,1.008352,0.343697,-0.664654,-65.914925,1.140683,0.434375,-0.706308,-61.919773,1.267143,0.576500,-0.690643,-54.503960,1988,Summer,v10,10m V-Wind,m/s
91,-0.107207,-0.528251,-0.421044,0.480674,0.594157,0.700428,0.000000,0.490599,1.014297,91,91,-0.421044,0.585782,0.441092,0.752996,0.362637,0.000010,-0.008485,-0.535436,-0.526951,-6210.247559,0.299169,-0.234466,-0.533635,-178.372574,0.649354,0.071493,-0.577860,-88.990074,0.716356,0.242098,-0.474258,-66.204269,0.935476,0.373263,-0.562213,-60.099144,1988,Autumn,v10,10m V-Wind,m/s
91,0.830935,0.331303,-0.499632,0.499632,0.499764,0.635390,0.000000,0.403720,35.327957,91,91,-0.499632,0.014146,0.012624,0.892353,1.000000,0.000000,0.825907,0.326671,-0.499236,-60.446999,0.839086,0.339868,-0.499219,-59.495514,0.851313,0.351351,-0.499962,-58.728313,0.860962,0.355185,-0.505777,-58.745586,0.868680,0.360769,-0.507912,-58.469330,1988,Winter,lai,Leaf Area Index,Index
92,1.071447,0.579672,-0.491776,0.491776,0.491970,0.998168,0.000000,0.996340,2.967545,92,92,-0.491776,0.165783,0.174978,1.055459,0.902174,0.000000,1.039403,0.528517,-0.510886,-49.151878,1.212397,0.724552,-0.487844,-40.238014,1.317859,0.848174,-0.469685,-35.640003,1.353485,0.891344,-0.462140,-34.144470,1.381986,0.925875,-0.456111,-33.004028,1988,Spring,lai,Leaf Area Index,Index
92,1.543955,1.122726,-0.421229,0.421229,0.421363,0.998133,0.000000,0.996270,7.008261,92,92,-0.421229,0.060124,0.069980,1.163937,1.000000,0.000000,1.561647,1.144978,-0.416669,-26.681379,1.593155,1.178782,-0.414373,-26.009562,1.611411,1.200063,-0.411348,-25.527206,1.618217,1.206226,-0.411991,-25.459585,1.622969,1.212140,-0.410829,-25.313433,1988,Summer,lai,Leaf Area Index,Index
91,1.091397,0.608373,-0.483024,0.483024,0.483901,0.999799,0.000000,0.999599,2.719545,91,91,-0.483024,0.177934,0.206800,1.162225,0.824176,0.000000,1.029400,0.541798,-0.487602,-47.367596,1.246184,0.789526,-0.456658,-36.644508,1.368852,0.927034,-0.441818,-32.276527,1.401409,0.964713,-0.436697,-31.161259,1.427456,0.994855,-0.432600,-30.305698,1988,Autumn,lai,Leaf Area Index,Index
90,275.448730,275.735291,0.286565,0.674592,0.877843,0.966691,0.000000,0.934491,0.321135,90,90,0.286560,2.733565,2.196437,0.803506,0.111111,0.637827,276.173828,276.258545,0.084717,0.030675,277.231750,277.400696,0.168945,0.060940,278.286316,278.153992,-0.132324,-0.047550,278.917694,278.741211,-0.176483,-0.063274,280.235474,279.359100,-0.876373,-0.312727,1989,Winter,t2m,2m Temperature,K
92,285.296204,284.529541,-0.766652,0.807494,0.939227,0.993307,0.000000,0.986659,0.207590,92,92,-0.766663,4.524441,4.348258,0.961060,0.141304,0.318630,286.116577,285.154816,-0.961761,-0.336143,288.608795,287.978516,-0.630280,-0.218385,291.060059,290.124542,-0.935516,-0.321417,291.436462,290.348358,-1.088104,-0.373359,291.933075,290.768982,-1.164093,-0.398753,1989,Spring,t2m,2m Temperature,K
92,294.893005,294.093781,-0.799204,0.800603,0.873167,0.968162,0.000000,0.937338,0.621522,92,92,-0.799225,1.404885,1.364519,0.971268,0.293478,0.000673,294.913208,294.376862,-0.536346,-0.181866,296.072205,295.132355,-0.939850,-0.317439,296.595154,295.556091,-1.039062,-0.350330,296.832428,295.780975,-1.051453,-0.354224,297.077820,295.945557,-1.132263,-0.381134,1989,Summer,t2m,2m Temperature,K
91,287.122345,286.945740,-0.176615,0.495247,0.569064,0.993618,0.000000,0.987276,0.122000,91,91,-0.176605,4.664453,4.508995,0.966672,0.076923,0.952399,287.678558,287.723724,0.045166,0.015700,291.137787,290.653992,-0.483795,-0.166174,292.622772,292.048706,-0.574066,-0.196180,294.214966,293.599396,-0.615570,-0.209225,294.508514,293.904877,-0.603638,-0.204964,1989,Autumn,t2m,2m Temperature,K
90,270.118835,271.284363,1.165526,1.206662,1.427505,0.964150,0.000000,0.929585,0.520045,90,90,1.165527,2.744963,2.260872,0.823644,0.211111,0.035951,270.848572,271.659149,0.810577,0.299273,272.134766,272.902222,0.767456,0.282013,273.028503,274.206726,1.178223,0.431538,273.936249,274.777740,0.841492,0.307185,274.778717,275.211029,0.432312,0.157331,1989,Winter,d2m,2m Dewpoint,K
92,277.965240,278.530365,0.565131,0.648008,0.777781,0.990951,0.000000,0.981984,0.202368,92,92,0.565125,3.843410,3.948069,1.027231,0.141304,0.318630,278.529236,279.101257,0.572021,0.205372,280.564575,281.522278,0.957703,0.341348,283.018219,283.529114,0.510895,0.180517,283.464417,283.903900,0.439484,0.155040,283.877686,284.319641,0.441956,0.155685,1989,Spring,d2m,2m Dewpoint,K
92,287.567352,287.572021,0.004646,0.233106,0.302772,0.976841,0.000000,0.954219,0.219244,92,92,0.004669,1.380980,1.283117,0.929135,0.076087,0.954508,287.837585,287.725525,-0.112061,-0.038932,288.745270,288.553619,-0.191650,-0.066374,289.196564,288.992004,-0.204559,-0.070734,289.497467,289.266724,-0.230743,-0.079705,289.774811,289.532379,-0.242432,-0.083662,1989,Summer,d2m,2m Dewpoint,K
91,280.393433,281.567108,1.173689,1.173689,1.300015,0.993676,0.000000,0.987392,0.291276,91,91,1.173676,4.463166,4.187284,0.938187,0.197802,0.056641,280.917084,282.345734,1.428650,0.508566,283.381042,284.327179,0.946136,0.333874,286.493591,286.916809,0.423218,0.147723,287.095581,287.571533,0.475952,0.165782,288.021667,288.345245,0.323578,0.112345,1989,Autumn,d2m,2m Dewpoint,K
90,958.325317,96940.109375,95981.781250,95981.781250,95982.312500,0.975299,0.000000,0.951208,25800.902344,90,90,95981.781250,3.720114,321.756409,86.490997,1.000000,0.000000,957.744873,96911.953125,95954.210938,10018.765625,960.309204,97136.281250,96175.968750,10015.104492,963.090698,97369.914062,96406.820312,10010.149414,964.961792,97491.945312,96526.984375,10003.192383,969.070679,97914.257812,96945.187500,10003.933594,1989,Winter,sp,Surface Pressure,hPa
92,956.064941,96721.046875,95764.968750,95764.968750,95765.187500,0.971427,0.000000,0.943671,40704.015625,92,92,95764.984375,2.352721,202.270950,85.973198,1.000000,0.000000,955.666931,96700.703125,95745.039062,10018.662109,957.809509,96861.070312,95903.257812,10012.769531,959.258179,96999.062500,96039.804688,10011.881836,959.813354,97056.945312,96097.132812,10012.064453,961.125549,97119.453125,96158.328125,10004.762695,1989,Spring,sp,Surface Pressure,hPa
92,956.474609,96724.492188,95768.000000,95768.000000,95768.148438,0.971755,0.000000,0.944308,51229.960938,92,92,95768.015625,1.869378,168.444489,90.107254,1.000000,0.000000,956.513428,96723.531250,95767.015625,10012.093750,957.747437,96822.570312,95864.820312,10009.405273,958.815613,96947.945312,95989.132812,10011.218750,959.654175,96995.601562,96035.945312,10007.349609,960.519592,97077.726562,96117.203125,10006.791992,1989,Summer,sp,Surface Pressure,hPa
91,956.054626,96674.734375,95718.679688,95718.679688,95718.906250,0.959606,0.000000,0.920844,39498.257812,91,91,95718.679688,2.423370,210.390533,86.817322,1.000000,0.000000,956.088806,96684.406250,95728.320312,10012.492188,957.704590,96808.937500,95851.234375,10008.433594,959.073303,96936.875000,95977.804688,10007.347656,959.724304,96983.023438,96023.296875,10005.300781,962.308899,97195.859375,96233.546875,10000.276367,1989,Autumn,sp,Surface Pressure,hPa
90,0.918254,0.501765,-0.416489,0.469757,0.556249,0.868058,0.000000,0.753525,0.754769,90,90,-0.416489,0.736979,0.594134,0.806175,0.333333,0.000079,0.974905,0.571940,-0.402965,-41.333801,1.379757,0.849676,-0.530082,-38.418468,1.781485,1.170154,-0.611331,-34.315784,2.107121,1.566193,-0.540928,-25.671429,2.562042,1.756874,-0.805168,-31.426807,1989,Winter,u10,10m U-Wind,m/s
92,0.452593,0.141431,-0.311162,0.436902,0.515973,0.689779,0.000000,0.475795,0.907646,92,92,-0.311162,0.568473,0.390424,0.686793,0.347826,0.000025,0.503469,0.141878,-0.361591,-71.819878,0.790322,0.382022,-0.408299,-51.662437,1.149359,0.628264,-0.521096,-45.337914,1.500241,0.806835,-0.693406,-46.219624,1.703016,1.104172,-0.598843,-35.163696,1989,Spring,u10,10m U-Wind,m/s
92,0.218170,-0.154815,-0.372985,0.377645,0.436448,0.877649,0.000000,0.770268,0.987306,92,92,-0.372985,0.442060,0.307500,0.695608,0.489130,0.000000,0.252880,-0.110338,-0.363218,-143.632751,0.536284,0.045655,-0.490629,-91.486832,0.791300,0.193435,-0.597865,-75.554817,0.889156,0.261529,-0.627626,-70.586769,1.263545,0.503212,-0.760333,-60.174591,1989,Summer,u10,10m U-Wind,m/s
91,0.292122,0.028049,-0.264073,0.353685,0.424727,0.905913,0.000000,0.820679,0.563825,91,91,-0.264073,0.753294,0.588069,0.780663,0.208791,0.037590,0.197523,-0.106157,-0.303680,-153.744141,0.929488,0.507255,-0.422233,-45.426441,1.216094,0.786487,-0.429607,-35.326824,1.396802,1.113237,-0.283566,-20.301050,2.224412,1.311505,-0.912907,-41.040359,1989,Autumn,u10,10m U-Wind,m/s
90,-0.470524,-0.719351,-0.248828,0.410765,0.509536,0.742437,0.000000,0.551213,0.767969,90,90,-0.248828,0.663486,0.480352,0.723982,0.266667,0.003188,-0.437095,-0.733986,-0.296891,-67.923782,0.052289,-0.312424,-0.364712,-697.497742,0.312897,-0.132931,-0.445828,-142.483856,0.413618,0.101335,-0.312283,-75.500427,0.852115,0.224719,-0.627396,-73.628113,1989,Winter,v10,10m V-Wind,m/s
92,0.071697,-0.348327,-0.420024,0.475732,0.558792,0.720356,0.000000,0.518913,1.066307,92,92,-0.420024,0.524044,0.438416,0.836601,0.380435,0.000003,0.063186,-0.386977,-0.450163,-712.439636,0.432075,-0.027026,-0.459101,-106.254997,0.702693,0.191756,-0.510937,-72.711227,0.925573,0.306982,-0.618592,-66.833336,1.284955,0.479364,-0.805591,-62.694111,1989,Spring,v10,10m V-Wind,m/s
92,0.340302,-0.217686,-0.557987,0.569365,0.636250,0.694297,0.000000,0.482049,1.555111,92,92,-0.557987,0.409135,0.366301,0.895307,0.565217,0.000000,0.378769,-0.259070,-0.637839,-168.397797,0.644281,0.038647,-0.605634,-94.001564,0.823116,0.219703,-0.603413,-73.308403,0.969491,0.465740,-0.503751,-51.960358,1.197553,0.616479,-0.581074,-48.521759,1989,Summer,v10,10m V-Wind,m/s
91,-0.129458,-0.554012,-0.424553,0.521143,0.620928,0.702106,0.000000,0.492953,0.975849,91,91,-0.424553,0.636295,0.442570,0.695542,0.395604,0.000001,-0.115296,-0.582571,-0.467275,-405.284393,0.247429,-0.264059,-0.511488,-206.721100,0.700642,0.041538,-0.659103,-94.071373,0.872997,0.183023,-0.689974,-79.035049,1.085306,0.583291,-0.502015,-46.255600,1989,Autumn,v10,10m V-Wind,m/s
90,0.830802,0.331031,-0.499771,0.499771,0.499903,0.632988,0.000000,0.400674,35.358238,90,90,-0.499771,0.014138,0.012370,0.874916,1.000000,0.000000,0.825802,0.326622,-0.499181,-60.447968,0.838845,0.339504,-0.499340,-59.527161,0.851528,0.350264,-0.501263,-58.866348,0.861069,0.354285,-0.506785,-58.855263,0.868702,0.359922,-0.508779,-58.567780,1989,Winter,lai,Leaf Area Index,Index
92,1.071378,0.579630,-0.491748,0.491748,0.491942,0.998163,0.000000,0.996329,2.965779,92,92,-0.491748,0.165873,0.175033,1.055227,0.902174,0.000000,1.039403,0.528532,-0.510871,-49.150410,1.212397,0.724554,-0.487843,-40.237919,1.317859,0.848171,-0.469688,-35.640205,1.353485,0.891339,-0.462146,-34.144882,1.381986,0.925876,-0.456110,-33.003929,1989,Spring,lai,Leaf Area Index,Index
92,1.543955,1.122737,-0.421218,0.421218,0.421352,0.998139,0.000000,0.996282,7.008069,92,92,-0.421218,0.060124,0.069986,1.164036,1.000000,0.000000,1.561647,1.144998,-0.416648,-26.680059,1.593155,1.178777,-0.414378,-26.009876,1.611411,1.200090,-0.411321,-25.525511,1.618217,1.206255,-0.411963,-25.457804,1.622969,1.212172,-0.410797,-25.311470,1989,Summer,lai,Leaf Area Index,Index
91,1.091397,0.608381,-0.483016,0.483016,0.483893,0.999800,0.000000,0.999600,2.719498,91,91,-0.483016,0.177934,0.206791,1.162175,0.824176,0.000000,1.029400,0.541798,-0.487602,-47.367596,1.246184,0.789526,-0.456658,-36.644508,1.368852,0.927034,-0.441818,-32.276527,1.401409,0.964713,-0.436697,-31.161259,1.427456,0.994855,-0.432600,-30.305698,1989,Autumn,lai,Leaf Area Index,Index
90,277.536682,277.241272,-0.295386,0.558369,0.670768,0.971539,0.000000,0.943888,0.284464,90,90,-0.295410,2.358008,2.065768,0.876065,0.166667,0.164473,278.113800,277.666107,-0.447693,-0.160975,279.329041,278.884338,-0.444702,-0.159204,280.106354,279.344208,-0.762146,-0.272092,280.297150,279.710144,-0.587006,-0.209423,280.669006,280.130859,-0.538147,-0.191737,1990,Winter,t2m,2m Temperature,K
92,285.385651,284.792572,-0.593037,0.621394,0.744902,0.992864,0.000000,0.985780,0.208159,92,92,-0.593079,3.578532,3.407803,0.952291,0.163043,0.173668,285.172241,284.545410,-0.626831,-0.219808,288.500916,287.337189,-1.163727,-0.403370,290.011871,289.692810,-0.319061,-0.110017,290.507874,290.065552,-0.442322,-0.152258,291.287170,290.839417,-0.447754,-0.153716,1990,Spring,t2m,2m Temperature,K
92,295.142334,294.378845,-0.763456,0.767874,0.856070,0.950251,0.000000,0.902977,0.713801,92,92,-0.763489,1.199312,1.241816,1.035441,0.423913,0.000000,295.427338,294.849670,-0.577667,-0.195536,295.971863,295.168304,-0.803558,-0.271498,296.277740,295.445984,-0.831757,-0.280735,296.542664,295.571442,-0.971222,-0.327515,296.862915,295.817413,-1.045502,-0.352183,1990,Summer,t2m,2m Temperature,K
91,287.703705,287.495850,-0.207853,0.420951,0.516730,0.994884,0.000000,0.989794,0.114575,91,91,-0.207855,4.509980,4.359516,0.966638,0.098901,0.768023,287.071899,287.345642,0.273743,0.095357,291.189148,291.180054,-0.009094,-0.003123,294.730621,294.057892,-0.672729,-0.228252,295.174561,294.476196,-0.698364,-0.236594,295.644623,294.800568,-0.844055,-0.285497,1990,Autumn,t2m,2m Temperature,K
90,271.998383,272.668457,0.670085,0.736408,0.902424,0.965628,0.000000,0.932437,0.388830,90,90,0.670074,2.320872,2.203288,0.949336,0.188889,0.080517,272.330078,273.028900,0.698822,0.256608,273.461639,274.271790,0.810150,0.296257,274.640472,275.163910,0.523438,0.190590,275.050232,275.518341,0.468109,0.170190,275.872803,276.229614,0.356812,0.129339,1990,Winter,d2m,2m Dewpoint,K
92,278.434540,279.183746,0.749194,0.814418,0.903419,0.989394,0.000000,0.978901,0.267610,92,92,0.749207,3.375885,3.220005,0.953826,0.141304,0.318630,278.816101,279.529968,0.713867,0.256035,281.328583,281.812042,0.483459,0.171849,282.866791,283.657043,0.790253,0.279373,283.122070,283.888153,0.766083,0.270584,284.266663,284.856445,0.589783,0.207475,1990,Spring,d2m,2m Dewpoint,K
92,287.743622,287.912628,0.169056,0.292029,0.357652,0.978212,0.000000,0.956898,0.245611,92,92,0.169006,1.456173,1.335335,0.917017,0.119565,0.528851,288.192627,288.307495,0.114868,0.039858,288.698242,288.890625,0.192383,0.066638,289.189789,289.233734,0.043945,0.015196,289.359985,289.364777,0.004791,0.001656,289.581085,289.747559,0.166473,0.057488,1990,Summer,d2m,2m Dewpoint,K
91,281.011688,282.035278,1.023581,1.078866,1.222003,0.992516,0.000000,0.985089,0.285813,91,91,1.023590,4.275527,3.827604,0.895235,0.175824,0.120121,280.125763,281.749115,1.623352,0.579508,284.573975,285.378357,0.804382,0.282662,287.045532,287.299835,0.254303,0.088593,287.963043,287.778778,-0.184265,-0.063989,288.869629,288.419281,-0.450348,-0.155900,1990,Autumn,d2m,2m Dewpoint,K
90,956.536377,96760.867188,95804.320312,95804.320312,95804.750000,0.970681,0.000000,0.942222,29216.013672,90,90,95804.328125,3.279186,288.153015,87.873329,1.000000,0.000000,956.349487,96764.000000,95807.648438,10018.058594,957.906006,96898.328125,95940.421875,10015.640625,960.481812,97092.453125,96131.968750,10008.723633,961.525818,97195.093750,96233.570312,10008.422852,966.485352,97665.093750,96698.609375,10005.180664,1990,Winter,sp,Surface Pressure,hPa
92,956.119812,96724.742188,95768.609375,95768.609375,95769.015625,0.975530,0.000000,0.951659,29736.650391,92,92,95768.625000,3.220572,279.883423,86.904884,1.000000,0.000000,955.304688,96656.640625,95701.335938,10017.886719,958.918274,96954.242188,95995.320312,10010.792969,961.128235,97154.914062,96193.789062,10008.423828,961.651794,97221.281250,96259.632812,10009.821289,962.770264,97333.757812,96370.984375,10009.758789,1990,Spring,sp,Surface Pressure,hPa
92,956.467590,96705.085938,95748.609375,95748.609375,95748.750000,0.980160,0.000000,0.960714,53912.039062,92,92,95748.617188,1.776018,166.041504,93.490891,1.000000,0.000000,956.339844,96685.367188,95729.031250,10009.938477,957.587036,96815.531250,95857.945312,10010.364258,958.787537,96946.359375,95987.570312,10011.349609,959.261353,96964.031250,96004.773438,10008.197266,960.467896,97074.500000,96114.031250,10007.000977,1990,Summer,sp,Surface Pressure,hPa
91,956.110291,96675.656250,95719.539062,95719.539062,95719.742188,0.966747,0.000000,0.934601,41074.394531,91,91,95719.546875,2.330399,199.512039,85.612816,1.000000,0.000000,956.271179,96695.101562,95738.828125,10011.681641,957.744873,96783.265625,95825.523438,10005.328125,959.079834,96942.742188,95983.664062,10007.890625,959.921753,97030.546875,96070.625000,10008.171875,960.898315,97078.617188,96117.718750,10002.902344,1990,Autumn,sp,Surface Pressure,hPa
90,0.689554,0.261964,-0.427590,0.455464,0.537872,0.900209,0.000000,0.810376,0.729981,90,90,-0.427590,0.736830,0.603949,0.819658,0.333333,0.000079,0.707124,0.302829,-0.404294,-57.174465,1.136207,0.659119,-0.477087,-41.989468,1.592542,1.031083,-0.561459,-35.255543,1.926630,1.217715,-0.708915,-36.795612,2.285113,1.516445,-0.768667,-33.638046,1990,Winter,u10,10m U-Wind,m/s
92,0.313060,-0.049227,-0.362287,0.431499,0.519969,0.814343,0.000000,0.663154,0.815600,92,92,-0.362287,0.637529,0.472189,0.740654,0.369565,0.000006,0.331185,-0.065604,-0.396789,-119.808884,0.652163,0.260744,-0.391419,-60.018555,1.113709,0.551827,-0.561882,-50.451401,1.273780,0.789447,-0.484334,-38.023315,1.592599,0.898917,-0.693682,-43.556580,1990,Spring,u10,10m U-Wind,m/s
92,0.330826,-0.076458,-0.407284,0.417925,0.465499,0.904477,0.000000,0.818079,0.929812,92,92,-0.407284,0.500637,0.380617,0.760265,0.391304,0.000001,0.268638,-0.075384,-0.344023,-128.061691,0.703576,0.141181,-0.562395,-79.933792,0.992383,0.413946,-0.578437,-58.287689,1.132256,0.647757,-0.484499,-42.790600,1.433417,0.833615,-0.599803,-41.844257,1990,Summer,u10,10m U-Wind,m/s
91,0.326306,0.046601,-0.279705,0.330606,0.396625,0.930440,0.000000,0.865719,0.552758,91,91,-0.279705,0.717538,0.567923,0.791488,0.208791,0.037590,0.307885,0.038984,-0.268900,-87.338028,0.760004,0.420119,-0.339885,-44.721462,1.256731,0.822095,-0.434635,-34.584599,1.553860,1.059220,-0.494640,-31.833000,1.966469,1.363181,-0.603288,-30.678761,1990,Autumn,u10,10m U-Wind,m/s
90,0.128474,-0.397235,-0.525710,0.595108,0.700581,0.612866,0.000000,0.375604,1.323129,90,90,-0.525709,0.529488,0.522973,0.987695,0.455556,0.000000,0.221329,-0.290787,-0.512116,-231.382431,0.518332,-0.044452,-0.562783,-108.575966,0.750190,0.254290,-0.495900,-66.103271,0.852715,0.380791,-0.471924,-55.343739,1.027780,0.487537,-0.540243,-52.564049,1990,Winter,v10,10m V-Wind,m/s
92,0.043924,-0.446443,-0.490367,0.534731,0.657341,0.640625,0.000000,0.410401,1.207048,92,92,-0.490367,0.544586,0.478404,0.878473,0.369565,0.000006,0.139116,-0.534349,-0.673465,-484.103424,0.437273,-0.103742,-0.541014,-123.724663,0.738128,0.298289,-0.439839,-59.588470,0.911936,0.365106,-0.546830,-59.963634,1.141359,0.545379,-0.595980,-52.216713,1990,Spring,v10,10m V-Wind,m/s
92,0.411099,-0.086748,-0.497847,0.508181,0.580940,0.734479,0.000000,0.539459,1.376450,92,92,-0.497847,0.422057,0.397183,0.941066,0.467391,0.000000,0.417752,-0.129595,-0.547347,-131.021927,0.693890,0.258883,-0.435007,-62.691109,0.934312,0.436848,-0.497464,-53.243923,0.990398,0.472206,-0.518192,-52.321575,1.359368,0.548144,-0.811224,-59.676548,1990,Summer,v10,10m V-Wind,m/s
91,-0.222109,-0.690547,-0.468438,0.518086,0.605556,0.654057,0.000000,0.427791,1.224937,91,91,-0.468438,0.494357,0.409490,0.828329,0.461538,0.000000,-0.225410,-0.658670,-0.433260,-192.209869,0.065241,-0.456071,-0.521312,-799.051758,0.364284,-0.124127,-0.488410,-134.074112,0.535941,-0.044355,-0.580296,-108.276093,0.941178,0.146569,-0.794609,-84.427071,1990,Autumn,v10,10m V-Wind,m/s
90,0.830802,0.331026,-0.499775,0.499775,0.499907,0.632664,0.000000,0.400263,35.358532,90,90,-0.499775,0.014138,0.012360,0.874258,1.000000,0.000000,0.825802,0.326614,-0.499188,-60.448875,0.838845,0.339501,-0.499343,-59.527519,0.851528,0.350236,-0.501292,-58.869678,0.861069,0.354242,-0.506827,-58.860222,0.868702,0.359919,-0.508783,-58.568218,1990,Winter,lai,Leaf Area Index,Index
92,1.071378,0.579616,-0.491762,0.491762,0.491956,0.998166,0.000000,0.996336,2.965862,92,92,-0.491762,0.165873,0.175055,1.055360,0.902174,0.000000,1.039403,0.528524,-0.510879,-49.151207,1.212397,0.724564,-0.487833,-40.237061,1.317859,0.848187,-0.469672,-35.639050,1.353485,0.891352,-0.462132,-34.143902,1.381986,0.925885,-0.456101,-33.003288,1990,Spring,lai,Leaf Area Index,Index
92,1.543955,1.122743,-0.421212,0.421212,0.421346,0.998139,0.000000,0.996281,7.007976,92,92,-0.421212,0.060124,0.069992,1.164137,1.000000,0.000000,1.561647,1.144993,-0.416654,-26.680418,1.593155,1.178800,-0.414354,-26.008411,1.611411,1.200105,-0.411306,-25.524595,1.618217,1.206273,-0.411945,-25.456692,1.622969,1.212184,-0.410785,-25.310722,1990,Summer,lai,Leaf Area Index,Index
91,1.091397,0.608375,-0.483022,0.483022,0.483899,0.999799,0.000000,0.999599,2.719534,91,91,-0.483022,0.177934,0.206798,1.162212,0.824176,0.000000,1.029400,0.541798,-0.487602,-47.367596,1.246184,0.789526,-0.456658,-36.644508,1.368852,0.927034,-0.441818,-32.276527,1.401409,0.964713,-0.436697,-31.161259,1.427456,0.994855,-0.432600,-30.305698,1990,Autumn,lai,Leaf Area Index,Index
90,277.436462,277.596497,0.160056,0.550361,0.648088,0.977601,0.000000,0.955703,0.248909,90,90,0.160034,2.603720,2.238646,0.859788,0.088889,0.871900,277.592773,277.562164,-0.030609,-0.011027,279.226501,279.420258,0.193756,0.069390,281.243591,280.512573,-0.731018,-0.259923,281.581787,281.397186,-0.184601,-0.065559,282.334747,281.737457,-0.597290,-0.211554,1991,Winter,t2m,2m Temperature,K
92,285.716248,285.123627,-0.592650,0.671489,0.798789,0.993348,0.000000,0.986740,0.195715,92,92,-0.592621,4.081390,3.797438,0.930428,0.130435,0.416118,285.767944,285.523010,-0.244934,-0.085711,288.533691,287.887329,-0.646362,-0.224016,292.011139,290.730530,-1.280609,-0.438548,292.330078,291.098999,-1.231079,-0.421126,292.667267,291.482513,-1.184753,-0.404812,1991,Spring,t2m,2m Temperature,K
92,295.050995,294.205505,-0.845489,0.845489,0.906309,0.964556,0.000000,0.930368,0.756437,92,92,-0.845490,1.198129,1.236818,1.032291,0.391304,0.000001,295.325500,294.683472,-0.642029,-0.217397,295.907532,295.124329,-0.783203,-0.264678,296.271332,295.399628,-0.871704,-0.294225,296.627686,295.514587,-1.113098,-0.375251,296.767731,295.722290,-1.045441,-0.352276,1991,Summer,t2m,2m Temperature,K
91,286.718384,286.726959,0.008587,0.490126,0.597053,0.995324,0.000000,0.990669,0.119048,91,91,0.008575,5.015218,4.642900,0.925762,0.087912,0.876095,287.582245,287.966492,0.384247,0.133613,290.263489,290.383423,0.119934,0.041319,293.176178,292.657349,-0.518829,-0.176968,294.007080,293.327576,-0.679504,-0.231118,294.472626,293.787598,-0.685028,-0.232629,1991,Autumn,t2m,2m Temperature,K
90,272.407928,273.398010,0.990074,1.004259,1.146141,0.976952,0.000000,0.954435,0.429343,90,90,0.990082,2.669523,2.514838,0.942055,0.200000,0.054425,272.159119,273.552185,1.393066,0.511857,274.483826,275.578552,1.094727,0.398831,276.077240,276.997864,0.920624,0.333466,276.899292,277.411682,0.512390,0.185046,277.278442,277.881989,0.603546,0.217668,1991,Winter,d2m,2m Dewpoint,K
92,278.769958,279.354462,0.584479,0.730429,0.850922,0.990579,0.000000,0.981246,0.209512,92,92,0.584503,4.061455,3.752810,0.924006,0.141304,0.318630,278.763916,279.692505,0.928589,0.333109,281.670959,282.351074,0.680115,0.241457,285.232819,285.089661,-0.143158,-0.050190,285.717041,285.305420,-0.411621,-0.144066,286.244995,285.618073,-0.626923,-0.219016,1991,Spring,d2m,2m Dewpoint,K
92,287.797455,287.707397,-0.090078,0.252700,0.307883,0.975500,0.000000,0.951599,0.232629,92,92,-0.090057,1.323494,1.247502,0.942582,0.152174,0.238009,288.279114,288.131592,-0.147522,-0.051173,288.725555,288.547394,-0.178162,-0.061706,289.078217,289.031067,-0.047150,-0.016310,289.442688,289.230743,-0.211945,-0.073225,289.561188,289.385559,-0.175629,-0.060653,1991,Summer,d2m,2m Dewpoint,K
91,280.370331,281.427612,1.057295,1.112583,1.295433,0.990211,0.000000,0.980517,0.288396,91,91,1.057281,4.491860,4.039013,0.899185,0.142857,0.312341,280.118225,281.604706,1.486481,0.530662,283.451721,284.622070,1.170349,0.412892,287.100647,287.235474,0.134827,0.046961,287.356354,287.368530,0.012177,0.004237,288.319183,287.751434,-0.567749,-0.196917,1991,Autumn,d2m,2m Dewpoint,K
90,957.474548,96814.523438,95857.046875,95857.046875,95857.460938,0.967152,0.000000,0.935384,28350.582031,90,90,95857.046875,3.381146,281.076721,83.130600,1.000000,0.000000,957.325745,96800.546875,95843.218750,10011.557617,960.270996,97045.703125,96085.429688,10006.074219,962.265869,97148.687500,96186.421875,9995.826172,962.717712,97279.179688,96316.460938,10004.641602,963.942749,97359.148438,96395.203125,10000.095703,1991,Winter,sp,Surface Pressure,hPa
92,954.353088,96582.304688,95627.945312,95627.945312,95628.367188,0.977724,0.000000,0.955944,28692.742188,92,92,95627.953125,3.332842,289.192291,86.770485,1.000000,0.000000,954.533691,96594.250000,95639.718750,10019.522461,956.669861,96794.031250,95837.359375,10017.808594,958.570129,96963.359375,96004.789062,10015.416016,959.999146,97021.476562,96061.476562,10006.413086,960.836365,97168.304688,96207.468750,10012.887695,1991,Spring,sp,Surface Pressure,hPa
92,956.671387,96733.992188,95777.312500,95777.312500,95777.445312,0.957437,0.000000,0.916686,53197.261719,92,92,95777.320312,1.800421,156.270416,86.796616,1.000000,0.000000,956.653809,96731.835938,95775.179688,10011.477539,957.714600,96818.640625,95860.929688,10009.341797,959.052063,96928.101562,95969.046875,10006.657227,959.929199,97013.960938,96054.031250,10006.366211,960.496216,97102.914062,96142.414062,10009.660156,1991,Summer,sp,Surface Pressure,hPa
91,956.985229,96773.750000,95816.734375,95816.734375,95816.992188,0.943813,0.000000,0.890784,41483.808594,91,91,95816.765625,2.309744,214.604233,92.912544,1.000000,0.000000,957.331482,96782.734375,95825.406250,10009.637695,958.515259,96943.031250,95984.515625,10013.875000,959.799622,97018.351562,96058.554688,10008.187500,960.531494,97117.875000,96157.343750,10010.847656,961.685913,97195.734375,96234.046875,10006.806641,1991,Autumn,sp,Surface Pressure,hPa
90,0.718924,0.358780,-0.360144,0.428078,0.518009,0.911182,0.000000,0.830252,0.615981,90,90,-0.360144,0.840950,0.629933,0.749073,0.244444,0.009015,0.711812,0.341682,-0.370130,-51.998310,1.326859,0.756057,-0.570803,-43.019073,1.756587,1.174252,-0.582335,-33.151489,1.945415,1.349264,-0.596151,-30.643887,2.745059,2.017365,-0.727695,-26.509245,1991,Winter,u10,10m U-Wind,m/s
92,0.355162,0.013196,-0.341965,0.404431,0.499373,0.911311,0.000000,0.830487,0.608243,92,92,-0.341966,0.821010,0.613391,0.747118,0.293478,0.000673,0.388111,-0.034086,-0.422197,-108.782501,0.835596,0.452937,-0.382659,-45.794701,1.379989,0.804931,-0.575058,-41.671219,1.733654,1.040738,-0.692917,-39.968548,2.145483,1.480524,-0.664959,-30.993431,1991,Spring,u10,10m U-Wind,m/s
92,0.343028,-0.001525,-0.344553,0.376270,0.427381,0.889288,0.000000,0.790833,0.901023,92,92,-0.344553,0.474328,0.291902,0.615401,0.456522,0.000000,0.420863,0.017934,-0.402929,-95.738647,0.691827,0.179601,-0.512226,-74.039627,0.918859,0.346806,-0.572053,-62.256870,0.999261,0.415861,-0.583400,-58.383179,1.187252,0.543232,-0.644020,-54.244583,1991,Summer,u10,10m U-Wind,m/s
91,0.183955,-0.127224,-0.311179,0.368537,0.456156,0.839866,0.000000,0.705375,0.747073,91,91,-0.311179,0.610591,0.475348,0.778505,0.263736,0.003427,0.209339,-0.176227,-0.385567,-184.182632,0.573879,0.220098,-0.353782,-61.647411,1.016684,0.427352,-0.589332,-57.966068,1.201879,0.599155,-0.602724,-50.148457,1.376513,1.054545,-0.321967,-23.390068,1991,Autumn,u10,10m U-Wind,m/s
90,-0.198124,-0.280604,-0.082480,0.388622,0.474085,0.705477,0.000000,0.497698,0.723200,90,90,-0.082480,0.655538,0.508286,0.775373,0.133333,0.402289,-0.232391,-0.355903,-0.123512,-53.148418,0.249172,0.052653,-0.196519,-78.868683,0.652555,0.367084,-0.285472,-43.746735,0.848257,0.517880,-0.330377,-38.947765,1.261799,1.048879,-0.212919,-16.874256,1991,Winter,v10,10m V-Wind,m/s
92,0.201370,-0.438136,-0.639506,0.639701,0.733443,0.840675,0.000000,0.706734,1.108047,92,92,-0.639506,0.661924,0.534592,0.807634,0.532609,0.000000,0.292288,-0.450940,-0.743227,-254.279495,0.557851,-0.163334,-0.721186,-129.279144,0.866744,0.111402,-0.755342,-87.147110,1.066459,0.352250,-0.714209,-66.970169,1.955324,1.259226,-0.696098,-35.600124,1991,Spring,v10,10m V-Wind,m/s
92,0.398078,-0.128771,-0.526849,0.535295,0.591067,0.772450,0.000000,0.596679,1.402107,92,92,-0.526849,0.421556,0.336429,0.798064,0.586957,0.000000,0.352598,-0.177942,-0.530540,-150.466125,0.629862,0.055030,-0.574832,-91.263145,1.020992,0.380576,-0.640416,-62.724857,1.208516,0.495044,-0.713472,-59.037029,1.399606,0.562085,-0.837520,-59.839745,1991,Summer,v10,10m V-Wind,m/s
91,-0.237955,-0.714746,-0.476791,0.509860,0.626765,0.747298,0.000000,0.558455,1.026170,91,91,-0.476791,0.610781,0.484461,0.793182,0.450549,0.000000,-0.202554,-0.585722,-0.383168,-189.168884,0.179051,-0.399845,-0.578896,-323.313965,0.496262,-0.251861,-0.748123,-150.751556,0.694863,-0.095811,-0.790674,-113.788513,1.167732,0.202951,-0.964781,-82.620087,1991,Autumn,v10,10m V-Wind,m/s
90,0.830802,0.331023,-0.499779,0.499779,0.499910,0.632637,0.000000,0.400230,35.358780,90,90,-0.499779,0.014138,0.012371,0.875018,1.000000,0.000000,0.825802,0.326621,-0.499181,-60.448017,0.838845,0.339511,-0.499333,-59.526302,0.851528,0.350253,-0.501275,-58.867691,0.861069,0.354272,-0.506798,-58.856773,0.868702,0.359904,-0.508798,-58.569893,1991,Winter,lai,Leaf Area Index,Index
92,1.071378,0.579617,-0.491761,0.491761,0.491955,0.998169,0.000000,0.996342,2.965855,92,92,-0.491761,0.165873,0.175049,1.055323,0.902174,0.000000,1.039403,0.528539,-0.510863,-49.149708,1.212397,0.724554,-0.487842,-40.237850,1.317859,0.848166,-0.469693,-35.640575,1.353485,0.891337,-0.462147,-34.144989,1.381986,0.925878,-0.456107,-33.003761,1991,Spring,lai,Leaf Area Index,Index
92,1.543955,1.122727,-0.421228,0.421228,0.421362,0.998133,0.000000,0.996269,7.008242,92,92,-0.421228,0.060124,0.069977,1.163884,1.000000,0.000000,1.561647,1.144986,-0.416661,-26.680861,1.593155,1.178776,-0.414379,-26.009960,1.611411,1.200047,-0.411364,-25.528196,1.618217,1.206217,-0.412000,-25.460115,1.622969,1.212128,-0.410841,-25.314159,1991,Summer,lai,Leaf Area Index,Index
91,1.091397,0.608378,-0.483019,0.483019,0.483895,0.999800,0.000000,0.999599,2.719514,91,91,-0.483019,0.177934,0.206795,1.162195,0.824176,0.000000,1.029400,0.541798,-0.487602,-47.367596,1.246184,0.789526,-0.456658,-36.644508,1.368852,0.927034,-0.441818,-32.276527,1.401409,0.964713,-0.436697,-31.161259,1.427456,0.994855,-0.432600,-30.305698,1991,Autumn,lai,Leaf Area Index,Index
91,277.426697,277.655975,0.229287,0.574339,0.702370,0.953144,0.000000,0.908483,0.325048,91,91,0.229279,2.160821,1.943623,0.899483,0.120879,0.521725,277.424255,278.123199,0.698944,0.251941,279.084991,279.276123,0.191132,0.068485,280.050232,279.845032,-0.205200,-0.073273,280.304932,280.200745,-0.104187,-0.037169,281.135345,280.680267,-0.455078,-0.161872,1992,Winter,t2m,2m Temperature,K
92,285.396362,284.954712,-0.441635,0.552048,0.671568,0.992857,0.000000,0.985765,0.177272,92,92,-0.441650,3.788356,3.533994,0.932857,0.119565,0.528851,285.720642,285.122864,-0.597778,-0.209218,288.800720,288.111420,-0.689301,-0.238677,290.299042,289.571259,-0.727783,-0.250701,290.988922,290.223175,-0.765747,-0.263153,291.759247,290.511322,-1.247925,-0.427724,1992,Spring,t2m,2m Temperature,K
92,294.137512,293.588348,-0.549153,0.550822,0.627262,0.964388,0.000000,0.930044,0.554286,92,92,-0.549164,1.131658,1.139315,1.006766,0.282609,0.001213,294.391418,293.797302,-0.594116,-0.201812,295.063782,294.473145,-0.590637,-0.200173,295.363617,294.801819,-0.561798,-0.190206,295.456909,294.886749,-0.570160,-0.192976,296.402344,295.518311,-0.884033,-0.298254,1992,Summer,t2m,2m Temperature,K
91,286.867035,286.974976,0.107911,0.439359,0.532579,0.998121,0.000000,0.996245,0.111715,91,91,0.107941,4.767313,4.326316,0.907496,0.109890,0.644738,287.436371,287.631165,0.194794,0.067769,291.205994,290.982178,-0.223816,-0.076858,292.837891,292.352020,-0.485870,-0.165918,293.167175,292.551758,-0.615417,-0.209920,293.463837,292.881012,-0.582825,-0.198602,1992,Autumn,t2m,2m Temperature,K
91,272.734283,273.811768,1.077490,1.121373,1.251831,0.965000,0.000000,0.931224,0.523779,91,91,1.077484,2.389997,2.191274,0.916852,0.263736,0.003427,272.938171,274.109283,1.171112,0.429076,274.253998,275.201172,0.947174,0.345364,275.719940,276.385834,0.665894,0.241511,275.969116,276.731018,0.761902,0.276082,276.403198,277.435303,1.032104,0.373405,1992,Winter,d2m,2m Dewpoint,K
92,278.322723,279.083313,0.760604,0.858497,1.058559,0.983203,0.000000,0.966689,0.303759,92,92,0.760590,3.484862,3.055530,0.876801,0.152174,0.238009,278.765869,279.042053,0.276184,0.099074,281.042938,281.370880,0.327942,0.116687,282.921722,283.282013,0.360291,0.127346,283.664825,283.798370,0.133545,0.047078,284.360657,284.482239,0.121582,0.042756,1992,Spring,d2m,2m Dewpoint,K
92,287.235260,287.354492,0.119211,0.255132,0.333378,0.976708,0.000000,0.953959,0.243835,92,92,0.119232,1.367230,1.231152,0.900471,0.119565,0.528851,287.495483,287.582764,0.087280,0.030359,288.238495,288.274017,0.035522,0.012324,288.903107,288.686066,-0.217041,-0.075126,289.142212,288.874146,-0.268066,-0.092711,289.410522,289.317627,-0.092896,-0.032098,1992,Summer,d2m,2m Dewpoint,K
91,280.570648,281.685547,1.114897,1.135105,1.260969,0.992410,0.000000,0.984878,0.310429,91,91,1.114899,4.062016,3.718889,0.915528,0.208791,0.037590,280.284882,281.811737,1.526855,0.544751,284.177490,285.284668,1.107178,0.389608,286.383270,286.594910,0.211639,0.073901,286.891846,286.927368,0.035522,0.012382,287.130127,287.056885,-0.073242,-0.025508,1992,Autumn,d2m,2m Dewpoint,K
91,955.768372,96660.406250,95704.656250,95704.656250,95704.953125,0.958242,0.000000,0.918229,33808.441406,91,91,95704.640625,2.830801,243.326889,85.956917,1.000000,0.000000,955.477478,96631.914062,95676.437500,10013.468750,957.887695,96836.328125,95878.437500,10009.361328,959.465027,97035.148438,96075.679688,10013.463867,960.282104,97062.265625,96101.984375,10007.681641,961.496582,97138.054688,96176.554688,10002.796875,1992,Winter,sp,Surface Pressure,hPa
92,955.570496,96671.812500,95716.250000,95716.250000,95716.398438,0.959224,0.000000,0.920111,46157.296875,92,92,95716.242188,2.073700,173.227081,83.535255,1.000000,0.000000,955.414062,96651.250000,95695.835938,10016.164062,957.001770,96785.187500,95828.187500,10013.375977,958.444641,96896.539062,95938.093750,10009.768555,958.722656,96947.296875,95988.578125,10012.131836,959.979980,96992.570312,96032.593750,10003.603516,1992,Spring,sp,Surface Pressure,hPa
92,955.851379,96670.703125,95714.851562,95714.851562,95715.078125,0.983111,0.000000,0.966507,41726.898438,92,92,95714.851562,2.293846,204.572937,89.183380,1.000000,0.000000,955.792603,96699.359375,95743.570312,10017.191406,957.622864,96822.578125,95864.953125,10010.720703,958.400940,96902.781250,95944.382812,10010.880859,959.495178,96994.312500,96034.820312,10008.890625,960.679077,97088.570312,96127.890625,10006.244141,1992,Summer,sp,Surface Pressure,hPa
91,956.345581,96691.117188,95734.765625,95734.765625,95735.031250,0.954148,0.000000,0.910399,39226.500000,91,91,95734.773438,2.440570,222.838623,91.305962,1.000000,0.000000,956.505615,96704.648438,95748.140625,10010.201172,958.203491,96859.140625,95900.937500,10008.410156,959.196350,96971.492188,96012.296875,10009.661133,959.830200,97021.984375,96062.156250,10008.245117,962.712524,97218.140625,96255.429688,9998.356445,1992,Autumn,sp,Surface Pressure,hPa
91,0.662205,0.420224,-0.241981,0.397085,0.486526,0.911820,0.000000,0.831415,0.525986,91,91,-0.241981,0.924979,0.659256,0.712725,0.186813,0.083428,0.740075,0.446601,-0.293474,-39.654617,1.324052,0.930576,-0.393477,-29.717600,1.820130,1.250434,-0.569696,-31.299730,2.273516,1.481557,-0.791959,-34.834110,2.446965,1.770575,-0.676390,-27.641985,1992,Winter,u10,10m U-Wind,m/s
92,0.353615,0.064100,-0.289515,0.360997,0.443132,0.897258,0.000000,0.805072,0.594631,92,92,-0.289515,0.745222,0.603138,0.809340,0.282609,0.001213,0.430313,0.110547,-0.319767,-74.310219,0.977441,0.429094,-0.548347,-56.100285,1.281708,0.912602,-0.369105,-28.797935,1.513897,1.084295,-0.429602,-28.377228,1.789257,1.303231,-0.486026,-27.163576,1992,Spring,u10,10m U-Wind,m/s
92,0.398882,-0.123545,-0.522427,0.522860,0.597983,0.803384,0.000000,0.645426,1.285916,92,92,-0.522427,0.465025,0.284273,0.611306,0.576087,0.000000,0.426784,-0.124977,-0.551762,-129.283463,0.710510,0.066094,-0.644416,-90.697708,0.936970,0.256485,-0.680485,-72.626160,1.171425,0.398718,-0.772708,-65.963036,1.325701,0.450271,-0.875430,-66.035248,1992,Summer,u10,10m U-Wind,m/s
91,0.031797,-0.150954,-0.182751,0.361105,0.444521,0.815402,0.000000,0.664880,0.644040,91,91,-0.182751,0.690208,0.495309,0.717624,0.197802,0.056641,0.037343,-0.176279,-0.213623,-572.050659,0.295165,0.257110,-0.038055,-12.892871,1.078553,0.558172,-0.520381,-48.248074,1.301205,0.669528,-0.631677,-48.545532,1.549833,0.783975,-0.765858,-49.415512,1992,Autumn,u10,10m U-Wind,m/s
91,-0.279739,-0.344155,-0.064416,0.387574,0.465098,0.772753,0.000000,0.597147,0.655481,91,91,-0.064416,0.709552,0.644973,0.908987,0.087912,0.876095,-0.290432,-0.369053,-0.078621,-27.070499,0.184947,0.020303,-0.164644,-89.022293,0.562128,0.406567,-0.155561,-27.673643,0.770781,0.719416,-0.051365,-6.664083,1.360084,1.101752,-0.258332,-18.993811,1992,Winter,v10,10m V-Wind,m/s
92,-0.179055,-0.557704,-0.378649,0.464117,0.575981,0.766124,0.000000,0.586945,0.853003,92,92,-0.378649,0.675240,0.524232,0.776364,0.347826,0.000025,-0.096559,-0.569959,-0.473400,-490.267639,0.330213,-0.304286,-0.634499,-192.148651,0.699980,0.167890,-0.532089,-76.014984,0.845770,0.400380,-0.445390,-52.660858,1.125457,0.757291,-0.368166,-32.712612,1992,Spring,v10,10m V-Wind,m/s
92,0.389706,-0.180399,-0.570105,0.570105,0.615181,0.818908,0.000000,0.670610,1.552554,92,92,-0.570105,0.396238,0.365863,0.923342,0.500000,0.000000,0.397862,-0.238633,-0.636495,-159.978943,0.629964,0.164082,-0.465882,-73.953712,0.951594,0.297689,-0.653905,-68.716812,1.020255,0.410326,-0.609928,-59.781963,1.273853,0.589837,-0.684015,-53.696583,1992,Summer,v10,10m V-Wind,m/s
91,-0.095825,-0.455991,-0.360166,0.461823,0.562562,0.703417,0.000000,0.494796,0.946087,91,91,-0.360166,0.594620,0.508432,0.855053,0.274725,0.001979,-0.123312,-0.409194,-0.285882,-231.835983,0.458029,-0.098974,-0.557003,-121.608704,0.713673,0.187376,-0.526297,-73.744873,0.781886,0.414300,-0.367585,-47.012691,0.933463,0.490447,-0.443017,-47.459461,1992,Autumn,v10,10m V-Wind,m/s
91,0.830935,0.331300,-0.499635,0.499635,0.499767,0.636172,0.000000,0.404715,35.328144,91,91,-0.499635,0.014146,0.012624,0.892371,1.000000,0.000000,0.825907,0.326681,-0.499226,-60.445732,0.839086,0.339860,-0.499226,-59.496452,0.851313,0.351312,-0.500002,-58.732960,0.860962,0.355172,-0.505790,-58.747101,0.868680,0.360729,-0.507951,-58.473896,1992,Winter,lai,Leaf Area Index,Index
92,1.071447,0.579683,-0.491765,0.491765,0.491958,0.998174,0.000000,0.996352,2.967475,92,92,-0.491765,0.165783,0.174980,1.055472,0.902174,0.000000,1.039403,0.528515,-0.510888,-49.152027,1.212397,0.724572,-0.487825,-40.236378,1.317859,0.848175,-0.469685,-35.639965,1.353485,0.891342,-0.462143,-34.144684,1.381986,0.925877,-0.456109,-33.003880,1992,Spring,lai,Leaf Area Index,Index
92,1.543955,1.122751,-0.421204,0.421204,0.421338,0.998135,0.000000,0.996273,7.007840,92,92,-0.421204,0.060124,0.069994,1.164169,1.000000,0.000000,1.561647,1.145007,-0.416640,-26.679508,1.593155,1.178815,-0.414339,-26.007475,1.611411,1.200102,-0.411309,-25.524750,1.618217,1.206271,-0.411946,-25.456787,1.622969,1.212183,-0.410786,-25.310780,1992,Summer,lai,Leaf Area Index,Index
91,1.091397,0.608382,-0.483015,0.483015,0.483891,0.999800,0.000000,0.999600,2.719492,91,91,-0.483015,0.177934,0.206790,1.162168,0.824176,0.000000,1.029400,0.541798,-0.487602,-47.367596,1.246184,0.789526,-0.456658,-36.644508,1.368852,0.927034,-0.441818,-32.276527,1.401409,0.964713,-0.436697,-31.161259,1.427456,0.994855,-0.432600,-30.305698,1992,Autumn,lai,Leaf Area Index,Index
90,276.450623,277.085724,0.635102,0.695946,0.835015,0.976839,0.000000,0.954215,0.346181,90,90,0.635101,2.412078,2.190343,0.908073,0.166667,0.164473,276.235962,277.021515,0.785553,0.284378,277.881470,278.644501,0.763031,0.274589,279.850433,280.250977,0.400543,0.143128,281.239288,280.993988,-0.245300,-0.087221,281.727173,281.711792,-0.015381,-0.005459,1993,Winter,t2m,2m Temperature,K
92,284.979858,284.666077,-0.313800,0.497070,0.592271,0.995781,0.000000,0.991580,0.140416,92,92,-0.313782,4.217964,3.879984,0.919871,0.184783,0.086376,284.819855,284.507324,-0.312531,-0.109729,289.458557,288.859985,-0.598572,-0.206790,290.168427,289.361877,-0.806549,-0.277959,290.526703,289.783966,-0.742737,-0.255652,290.883087,290.409637,-0.473450,-0.162763,1993,Spring,t2m,2m Temperature,K
92,294.536102,293.771790,-0.764294,0.765416,0.819261,0.979707,0.000000,0.959825,0.560457,92,92,-0.764313,1.461774,1.397475,0.956013,0.293478,0.000673,294.852814,293.979980,-0.872833,-0.296023,295.582123,294.723389,-0.858734,-0.290523,295.972565,295.290649,-0.681915,-0.230398,296.309998,295.473267,-0.836731,-0.282384,296.671997,295.788025,-0.883972,-0.297963,1993,Summer,t2m,2m Temperature,K
91,286.451996,286.501343,0.049338,0.373823,0.498029,0.996210,0.000000,0.992435,0.105748,91,91,0.049347,4.709569,4.412784,0.936983,0.054945,0.999268,287.046326,287.092529,0.046204,0.016096,290.324280,290.301636,-0.022644,-0.007800,292.487091,292.153839,-0.333252,-0.113937,293.152710,292.866394,-0.286316,-0.097668,294.082581,293.485596,-0.596985,-0.202999,1993,Autumn,t2m,2m Temperature,K
90,271.617859,272.946930,1.329079,1.329079,1.420753,0.978831,0.000000,0.958110,0.582252,90,90,1.329071,2.440099,2.336710,0.957630,0.255556,0.005425,271.690857,273.041077,1.350220,0.496969,273.181366,274.590668,1.409302,0.515885,274.648407,275.853333,1.204926,0.438716,276.002930,276.816559,0.813629,0.294790,276.741882,277.816772,1.074890,0.388409,1993,Winter,d2m,2m Dewpoint,K
92,278.196259,279.026398,0.830127,0.837480,0.934814,0.993841,0.000000,0.987720,0.247936,92,92,0.830139,3.770383,3.646153,0.967051,0.184783,0.086376,277.734863,278.720490,0.985626,0.354880,281.767303,282.598480,0.831177,0.294987,282.898071,283.503876,0.605804,0.214142,283.513367,283.801605,0.288239,0.101667,283.968109,284.428406,0.460297,0.162094,1993,Spring,d2m,2m Dewpoint,K
92,287.681122,287.676788,-0.004374,0.226390,0.286078,0.988664,0.000000,0.977457,0.183157,92,92,-0.004333,1.561925,1.380432,0.883802,0.108696,0.651538,288.266296,288.190979,-0.075317,-0.026128,288.735168,288.588501,-0.146667,-0.050797,289.161255,288.935852,-0.225403,-0.077951,289.274261,289.105408,-0.168854,-0.058372,289.488007,289.385651,-0.102356,-0.035358,1993,Summer,d2m,2m Dewpoint,K
91,280.148468,281.236877,1.088425,1.089221,1.234960,0.994350,0.000000,0.988733,0.274846,91,91,1.088409,4.493278,4.131772,0.919545,0.120879,0.521725,280.503784,282.237701,1.733917,0.618144,283.859680,284.428711,0.569031,0.200462,285.790619,286.323517,0.532898,0.186464,286.483826,286.963409,0.479584,0.167403,287.875671,288.115601,0.239929,0.083345,1993,Autumn,d2m,2m Dewpoint,K
90,956.833618,96762.359375,95805.507812,95805.507812,95805.804688,0.954488,0.000000,0.911047,33261.820312,90,90,95805.523438,2.880354,239.412201,83.119026,1.000000,0.000000,957.004150,96808.000000,95850.992188,10015.734375,959.049316,96954.875000,95995.828125,10009.477539,960.543640,97032.859375,96072.312500,10001.868164,960.871277,97057.687500,96096.812500,10001.007812,963.107666,97261.281250,96298.171875,9998.692383,1993,Winter,sp,Surface Pressure,hPa
92,955.330322,96643.648438,95688.335938,95688.335938,95688.609375,0.961900,0.000000,0.925252,36594.160156,92,92,95688.320312,2.614860,228.691635,87.458458,1.000000,0.000000,955.021240,96644.125000,95689.101562,10019.578125,956.922241,96801.218750,95844.296875,10015.892578,958.794617,96965.039062,96006.242188,10013.222656,960.208679,97027.070312,96066.859375,10004.790039,961.665527,97189.781250,96228.117188,10006.402344,1993,Spring,sp,Surface Pressure,hPa
92,955.495605,96640.898438,95685.414062,95685.414062,95685.562500,0.979069,0.000000,0.958576,50372.015625,92,92,95685.406250,1.899578,172.252548,90.679382,1.000000,0.000000,955.795654,96669.890625,95714.093750,10014.074219,956.865051,96755.203125,95798.335938,10011.687500,957.755615,96871.898438,95914.140625,10014.468750,958.618774,96910.921875,95952.304688,10009.432617,959.058655,96938.617188,95979.554688,10007.682617,1993,Summer,sp,Surface Pressure,hPa
91,956.710999,96747.000000,95790.296875,95790.296875,95790.492188,0.961535,0.000000,0.924549,43103.160156,91,91,95790.289062,2.222354,196.278702,88.320175,1.000000,0.000000,956.621887,96734.320312,95777.695312,10012.075195,958.128784,96885.835938,95927.710938,10011.985352,959.634705,96991.382812,96031.750000,10007.115234,960.428833,97108.000000,96147.570312,10010.900391,961.484741,97189.656250,96228.171875,10008.289062,1993,Autumn,sp,Surface Pressure,hPa
90,0.573967,0.297749,-0.276218,0.375207,0.465825,0.880376,0.000000,0.775062,0.621456,90,90,-0.276218,0.749571,0.540263,0.720764,0.233333,0.014634,0.631213,0.273847,-0.357366,-56.615749,1.093895,0.661155,-0.432741,-39.559612,1.593942,0.994385,-0.599558,-37.614773,1.815341,1.204195,-0.611146,-33.665627,2.098972,1.404192,-0.694780,-33.100979,1993,Winter,u10,10m U-Wind,m/s
92,0.307991,0.033704,-0.274287,0.351553,0.437006,0.895808,0.000000,0.802471,0.619671,92,92,-0.274287,0.705223,0.499448,0.708212,0.206522,0.039264,0.116588,-0.098633,-0.215221,-184.600006,0.775339,0.336102,-0.439237,-56.650967,1.289080,0.659777,-0.629303,-48.818008,1.510063,0.915451,-0.594613,-39.376675,1.889564,1.166945,-0.722620,-38.242668,1993,Spring,u10,10m U-Wind,m/s
92,0.458206,-0.027554,-0.485761,0.489466,0.545055,0.858618,0.000000,0.737225,1.163206,92,92,-0.485761,0.468580,0.343811,0.733730,0.554348,0.000000,0.554102,0.005496,-0.548606,-99.008141,0.764940,0.172660,-0.592281,-77.428352,0.980808,0.427812,-0.552996,-56.381714,1.115842,0.493128,-0.622714,-55.806652,1.293945,0.637833,-0.656112,-50.706333,1993,Summer,u10,10m U-Wind,m/s
91,0.316792,-0.042835,-0.359627,0.410685,0.501918,0.888883,0.000000,0.790113,0.727580,91,91,-0.359627,0.689847,0.462502,0.670442,0.296703,0.000615,0.283032,-0.149094,-0.432126,-152.677597,0.761875,0.269312,-0.492562,-64.651367,1.409248,0.520964,-0.888283,-63.032455,1.559536,0.880626,-0.678910,-43.532810,2.074168,1.118646,-0.955522,-46.067738,1993,Autumn,u10,10m U-Wind,m/s
90,-0.280806,-0.330214,-0.049408,0.355937,0.463266,0.736683,0.000000,0.542702,0.685246,90,90,-0.049408,0.676058,0.554290,0.819884,0.122222,0.514520,-0.316095,-0.355312,-0.039217,-12.406639,0.163216,0.001365,-0.161851,-99.163971,0.654700,0.459207,-0.195493,-29.859943,0.800071,0.612536,-0.187535,-23.439758,1.032491,0.805607,-0.226884,-21.974428,1993,Winter,v10,10m V-Wind,m/s
92,-0.240188,-0.490345,-0.250157,0.364232,0.437049,0.826277,0.000000,0.682734,0.686994,92,92,-0.250157,0.636175,0.520245,0.817770,0.228261,0.016306,-0.243217,-0.513764,-0.270547,-111.237160,0.176974,-0.100838,-0.277811,-156.978851,0.563525,0.210647,-0.352878,-62.619701,0.750569,0.404505,-0.346065,-46.106945,1.152493,0.564401,-0.588092,-51.027798,1993,Spring,v10,10m V-Wind,m/s
92,0.466403,-0.286728,-0.753131,0.754570,0.808471,0.665834,0.000000,0.443335,2.069325,92,92,-0.753131,0.390693,0.298205,0.763271,0.739130,0.000000,0.429549,-0.277829,-0.707377,-164.679184,0.715792,-0.073373,-0.789165,-110.250633,1.002248,0.126448,-0.875800,-87.383575,1.219354,0.184811,-1.034543,-84.843552,1.253270,0.271517,-0.981753,-78.335281,1993,Summer,v10,10m V-Wind,m/s
91,-0.126604,-0.550949,-0.424346,0.482565,0.570319,0.672710,0.000000,0.452539,1.117919,91,91,-0.424346,0.510161,0.395248,0.774751,0.472527,0.000000,-0.055908,-0.489094,-0.433185,-774.811707,0.159292,-0.276456,-0.435748,-273.552765,0.454823,-0.079707,-0.534530,-117.524925,0.681261,0.009130,-0.672131,-98.659767,0.809491,0.130132,-0.679359,-83.924232,1993,Autumn,v10,10m V-Wind,m/s
90,0.830802,0.331025,-0.499777,0.499777,0.499909,0.632704,0.000000,0.400315,35.358654,90,90,-0.499777,0.014138,0.012373,0.875137,1.000000,0.000000,0.825802,0.326618,-0.499185,-60.448448,0.838845,0.339512,-0.499333,-59.526287,0.851528,0.350283,-0.501245,-58.864220,0.861069,0.354264,-0.506805,-58.857662,0.868702,0.359945,-0.508757,-58.565174,1993,Winter,lai,Leaf Area Index,Index
92,1.071378,0.579634,-0.491744,0.491744,0.491937,0.998171,0.000000,0.996346,2.965751,92,92,-0.491744,0.165873,0.175039,1.055260,0.902174,0.000000,1.039403,0.528578,-0.510825,-49.145981,1.212397,0.724558,-0.487839,-40.237549,1.317859,0.848167,-0.469692,-35.640511,1.353485,0.891338,-0.462147,-34.144966,1.381986,0.925875,-0.456110,-33.003979,1993,Spring,lai,Leaf Area Index,Index
92,1.543955,1.122732,-0.421223,0.421223,0.421357,0.998136,0.000000,0.996275,7.008158,92,92,-0.421223,0.060124,0.069982,1.163961,1.000000,0.000000,1.561647,1.144990,-0.416656,-26.680586,1.593155,1.178778,-0.414376,-26.009794,1.611411,1.200061,-0.411349,-25.527287,1.618217,1.206246,-0.411972,-25.458364,1.622969,1.212149,-0.410820,-25.312859,1993,Summer,lai,Leaf Area Index,Index
91,1.091397,0.608386,-0.483011,0.483011,0.483888,0.999800,0.000000,0.999600,2.719470,91,91,-0.483011,0.177934,0.206786,1.162148,0.824176,0.000000,1.029400,0.541798,-0.487602,-47.367596,1.246184,0.789526,-0.456658,-36.644508,1.368852,0.927034,-0.441818,-32.276527,1.401409,0.964713,-0.436697,-31.161259,1.427456,0.994855,-0.432600,-30.305698,1993,Autumn,lai,Leaf Area Index,Index
90,276.387878,276.577118,0.189217,0.581341,0.681744,0.976121,0.000000,0.952811,0.235800,90,90,0.189240,2.891200,2.636359,0.911857,0.111111,0.637827,276.237854,276.289948,0.052094,0.018858,279.010437,279.136353,0.125916,0.045129,280.097961,280.222290,0.124329,0.044388,280.864807,280.394592,-0.470215,-0.167417,281.362030,281.478882,0.116852,0.041531,1994,Winter,t2m,2m Temperature,K
92,285.622589,284.969788,-0.652771,0.705722,0.809474,0.993999,0.000000,0.988033,0.216476,92,92,-0.652802,3.739326,3.468257,0.927509,0.141304,0.318630,285.516296,285.390686,-0.125610,-0.043994,289.036621,288.468353,-0.568268,-0.196608,290.225677,289.521118,-0.704559,-0.242763,291.504517,290.275513,-1.229004,-0.421607,292.753632,291.464722,-1.288910,-0.440271,1994,Spring,t2m,2m Temperature,K
92,295.238525,294.337646,-0.900904,0.900904,0.948392,0.966962,0.000000,0.935015,0.818926,92,92,-0.900879,1.158092,1.145603,0.989216,0.478261,0.000000,295.593689,294.634888,-0.958801,-0.324365,295.869019,295.011627,-0.857391,-0.289787,296.313232,295.510162,-0.803070,-0.271021,296.596222,295.705414,-0.890808,-0.300344,297.006989,296.172546,-0.834442,-0.280950,1994,Summer,t2m,2m Temperature,K
91,287.597015,287.502655,-0.094313,0.277392,0.330346,0.997814,0.000000,0.995633,0.074446,91,91,-0.094360,4.437409,4.308370,0.970920,0.087912,0.876095,287.490631,287.624176,0.133545,0.046452,292.126343,291.833954,-0.292389,-0.100090,293.307617,292.825256,-0.482361,-0.164456,293.450073,293.063385,-0.386688,-0.131773,293.993927,293.408600,-0.585327,-0.199095,1994,Autumn,t2m,2m Temperature,K
90,271.234039,272.193390,0.959364,0.990709,1.146072,0.984002,0.000000,0.968260,0.338095,90,90,0.959351,3.389789,3.167068,0.934297,0.144444,0.306035,271.145752,272.007355,0.861603,0.317764,274.021301,275.058838,1.037537,0.378634,275.705719,276.512543,0.806824,0.292639,276.190857,277.066620,0.875763,0.317086,276.825409,277.409027,0.583618,0.210825,1994,Winter,d2m,2m Dewpoint,K
92,278.280579,279.066895,0.786291,0.802341,0.908510,0.990925,0.000000,0.981932,0.276804,92,92,0.786316,3.282140,3.140525,0.956853,0.163043,0.173668,278.643829,279.691650,1.047821,0.376043,281.398193,282.172424,0.774231,0.275137,282.597626,283.128326,0.530701,0.187794,283.150635,283.550262,0.399628,0.141136,284.285706,284.320221,0.034515,0.012141,1994,Spring,d2m,2m Dewpoint,K
92,287.460358,287.640930,0.180524,0.308773,0.381953,0.964751,0.000000,0.930744,0.302713,92,92,0.180573,1.261766,1.162165,0.921062,0.119565,0.528851,287.610168,287.773621,0.163452,0.056831,288.253296,288.469360,0.216064,0.074956,288.931030,288.992126,0.061096,0.021146,289.215057,289.126190,-0.088867,-0.030727,289.329773,289.318604,-0.011169,-0.003860,1994,Summer,d2m,2m Dewpoint,K
91,281.207153,282.293091,1.085939,1.085939,1.153834,0.995415,0.000000,0.990851,0.296818,91,91,1.085938,3.887347,3.752007,0.965184,0.186813,0.083428,282.047028,283.108215,1.061188,0.376245,284.174500,285.123413,0.948914,0.333919,286.039368,286.824097,0.784729,0.274343,286.314453,287.072266,0.757812,0.264678,286.887939,287.476776,0.588837,0.205250,1994,Autumn,d2m,2m Dewpoint,K
90,958.254517,96892.085938,95933.835938,95933.835938,95934.078125,0.940219,0.000000,0.884011,38413.398438,90,90,95933.828125,2.497412,217.575897,87.120544,1.000000,0.000000,958.254028,96880.468750,95922.210938,10010.102539,959.621338,97023.710938,96064.085938,10010.625000,961.113647,97167.125000,96206.007812,10009.847656,962.144897,97292.710938,96330.562500,10012.063477,965.102173,97391.648438,96426.546875,9991.331055,1994,Winter,sp,Surface Pressure,hPa
92,955.256531,96643.664062,95688.390625,95688.390625,95688.835938,0.980940,0.000000,0.962243,29468.845703,92,92,95688.406250,3.247118,292.306641,90.020317,1.000000,0.000000,955.411865,96663.320312,95707.906250,10017.450195,957.037598,96775.343750,95818.304688,10011.967773,959.606445,96987.648438,96028.039062,10007.023438,960.203186,97100.601562,96140.398438,10012.505859,963.205383,97369.117188,96405.914062,10008.863281,1994,Spring,sp,Surface Pressure,hPa
92,956.126892,96701.359375,95745.250000,95745.250000,95745.351562,0.971705,0.000000,0.944211,56228.128906,92,92,95745.234375,1.702802,152.982590,89.841698,1.000000,0.000000,956.233154,96717.742188,95761.507812,10014.452148,957.376709,96808.921875,95851.546875,10011.894531,958.206787,96874.679688,95916.476562,10009.998047,958.720276,96926.664062,95967.945312,10010.004883,959.247925,96967.804688,96008.554688,10008.731445,1994,Summer,sp,Surface Pressure,hPa
91,955.569885,96618.867188,95663.304688,95663.304688,95663.460938,0.944030,0.000000,0.891192,44600.503906,91,91,95663.296875,2.144897,177.537292,82.771965,1.000000,0.000000,955.916870,96637.328125,95681.414062,10009.385742,956.859009,96761.531250,95804.671875,10012.412109,958.385498,96834.875000,95876.492188,10003.958984,958.699890,96902.601562,95943.898438,10007.709961,959.522766,96968.671875,96009.148438,10005.927734,1994,Autumn,sp,Surface Pressure,hPa
90,0.351544,0.197416,-0.154127,0.313176,0.389758,0.877214,0.000000,0.769505,0.524048,90,90,-0.154127,0.743745,0.626809,0.842775,0.200000,0.054425,0.391466,0.181458,-0.210008,-53.646564,0.843907,0.536045,-0.307862,-36.480556,1.332093,1.043669,-0.288424,-21.651955,1.557382,1.359258,-0.198124,-12.721612,2.037477,1.726622,-0.310855,-15.256855,1994,Winter,u10,10m U-Wind,m/s
92,0.600943,0.252738,-0.348205,0.377465,0.452165,0.919553,0.000000,0.845579,0.635936,92,92,-0.348205,0.711023,0.582140,0.818736,0.326087,0.000100,0.532739,0.210862,-0.321877,-60.419243,0.933592,0.491379,-0.442213,-47.366840,1.540027,0.912056,-0.627970,-40.776581,1.917385,1.521308,-0.396076,-20.657116,2.494122,1.877454,-0.616667,-24.724827,1994,Spring,u10,10m U-Wind,m/s
92,0.377482,-0.098874,-0.476356,0.476978,0.527622,0.887043,0.000000,0.786845,1.120646,92,92,-0.476356,0.470819,0.352681,0.749079,0.543478,0.000000,0.365007,-0.064080,-0.429087,-117.555695,0.673721,0.113103,-0.560618,-83.212173,0.900192,0.297109,-0.603084,-66.994987,1.157349,0.444625,-0.712723,-61.582413,1.489272,0.765436,-0.723836,-48.603340,1994,Summer,u10,10m U-Wind,m/s
91,0.246432,0.072981,-0.173450,0.330397,0.397147,0.841568,0.000000,0.708237,0.624786,91,91,-0.173450,0.635652,0.436189,0.686207,0.241758,0.009575,0.230438,0.047162,-0.183276,-79.533752,0.719664,0.352950,-0.366715,-50.956364,0.964629,0.658717,-0.305912,-31.712925,1.214208,0.771537,-0.442670,-36.457539,1.660139,1.208284,-0.451856,-27.217941,1994,Autumn,u10,10m U-Wind,m/s
90,-0.336902,-0.529015,-0.192113,0.369238,0.485504,0.737439,0.000000,0.543816,0.738391,90,90,-0.192113,0.657516,0.524703,0.798009,0.144444,0.306035,-0.333540,-0.454743,-0.121202,-36.338100,0.062460,-0.165530,-0.227990,-365.015320,0.629348,0.110680,-0.518668,-82.413582,0.803043,0.312162,-0.490881,-61.127583,1.461686,0.563247,-0.898439,-61.465923,1994,Winter,v10,10m V-Wind,m/s
92,-0.024958,-0.425919,-0.400961,0.433732,0.516623,0.814128,0.000000,0.662805,0.930013,92,92,-0.400961,0.555501,0.497826,0.896174,0.326087,0.000100,0.000717,-0.386321,-0.387038,-53987.421875,0.342686,-0.108692,-0.451379,-131.717789,0.629070,0.197344,-0.431726,-68.629280,0.848634,0.423894,-0.424740,-50.049843,1.342967,0.503959,-0.839008,-62.474186,1994,Spring,v10,10m V-Wind,m/s
92,0.532162,-0.033911,-0.566073,0.570138,0.640169,0.703332,0.000000,0.494675,1.522999,92,92,-0.566073,0.420334,0.305426,0.726627,0.565217,0.000000,0.446961,-0.074232,-0.521193,-116.608162,0.780758,0.208576,-0.572182,-73.285484,1.097299,0.374652,-0.722647,-65.856895,1.224577,0.461407,-0.763170,-62.321098,1.682589,0.644208,-1.038381,-61.713303,1994,Summer,v10,10m V-Wind,m/s
91,-0.087875,-0.563567,-0.475692,0.515368,0.627144,0.637798,0.000000,0.406786,1.283440,91,91,-0.475692,0.488643,0.470978,0.963850,0.406593,0.000000,-0.045597,-0.543755,-0.498158,-1092.524048,0.251601,-0.170513,-0.422115,-167.771271,0.450114,-0.011944,-0.462058,-102.653580,0.627270,0.073321,-0.553949,-88.311073,0.859382,0.229764,-0.629619,-73.264107,1994,Autumn,v10,10m V-Wind,m/s
90,0.830802,0.331049,-0.499753,0.499753,0.499885,0.630261,0.000000,0.397229,35.356998,90,90,-0.499753,0.014138,0.012380,0.875658,1.000000,0.000000,0.825802,0.326659,-0.499144,-60.443497,0.838845,0.339604,-0.499241,-59.515308,0.851528,0.350300,-0.501228,-58.862213,0.861069,0.354274,-0.506795,-58.856533,0.868702,0.359958,-0.508744,-58.563675,1994,Winter,lai,Leaf Area Index,Index
92,1.071378,0.579660,-0.491718,0.491718,0.491911,0.998170,0.000000,0.996343,2.965594,92,92,-0.491718,0.165873,0.175027,1.055186,0.902174,0.000000,1.039403,0.528609,-0.510793,-49.142971,1.212397,0.724567,-0.487830,-40.236790,1.317859,0.848187,-0.469672,-35.639042,1.353485,0.891347,-0.462137,-34.144260,1.381986,0.925877,-0.456108,-33.003849,1994,Spring,lai,Leaf Area Index,Index
92,1.543955,1.122746,-0.421209,0.421209,0.421343,0.998139,0.000000,0.996281,7.007922,92,92,-0.421209,0.060124,0.069992,1.164127,1.000000,0.000000,1.561647,1.144996,-0.416651,-26.680235,1.593155,1.178806,-0.414349,-26.008087,1.611411,1.200093,-0.411317,-25.525290,1.618217,1.206271,-0.411947,-25.456825,1.622969,1.212182,-0.410787,-25.310862,1994,Summer,lai,Leaf Area Index,Index
91,1.091397,0.608372,-0.483025,0.483025,0.483902,0.999799,0.000000,0.999598,2.719553,91,91,-0.483025,0.177934,0.206802,1.162234,0.824176,0.000000,1.029400,0.541798,-0.487602,-47.367596,1.246184,0.789526,-0.456658,-36.644508,1.368852,0.927034,-0.441818,-32.276527,1.401409,0.964713,-0.436697,-31.161259,1.427456,0.994855,-0.432600,-30.305698,1994,Autumn,lai,Leaf Area Index,Index
90,277.186859,277.463898,0.277066,0.804533,0.980277,0.953335,0.000000,0.908848,0.392994,90,90,0.277039,2.494381,1.814925,0.727606,0.211111,0.035951,276.934998,277.554565,0.619568,0.223723,279.046387,278.747406,-0.298981,-0.107144,280.784973,280.136932,-0.648041,-0.230796,281.245331,280.301849,-0.943481,-0.335466,281.620819,280.495697,-1.125122,-0.399517,1995,Winter,t2m,2m Temperature,K
92,284.783112,284.375336,-0.407741,0.471631,0.546879,0.996070,0.000000,0.992156,0.141282,92,92,-0.407776,3.870836,3.731939,0.964117,0.173913,0.123865,284.625122,284.148193,-0.476929,-0.167564,287.609009,287.241669,-0.367340,-0.127722,289.598022,288.890594,-0.707428,-0.244279,289.984589,289.525543,-0.459045,-0.158300,291.850494,291.083099,-0.767395,-0.262941,1995,Spring,t2m,2m Temperature,K
92,295.247986,294.328918,-0.919050,0.919050,0.956631,0.989928,0.000000,0.979958,0.602723,92,92,-0.919067,1.587182,1.429768,0.900822,0.445652,0.000000,295.792236,294.887756,-0.904480,-0.305782,296.436829,295.357544,-1.079285,-0.364086,296.857727,295.693604,-1.164124,-0.392149,296.981171,295.958160,-1.023010,-0.344470,297.669006,296.304108,-1.364899,-0.458529,1995,Summer,t2m,2m Temperature,K
91,287.149628,287.035675,-0.113951,0.380425,0.484468,0.995724,0.000000,0.991466,0.100730,91,91,-0.113953,4.809583,4.633090,0.963304,0.054945,0.999268,288.049438,287.672302,-0.377136,-0.130928,291.072754,290.705841,-0.366913,-0.126055,293.124573,292.752136,-0.372437,-0.127057,294.969788,293.998016,-0.971771,-0.329448,295.446930,294.770142,-0.676788,-0.229073,1995,Autumn,t2m,2m Temperature,K
90,272.052734,273.139465,1.086734,1.099510,1.316932,0.969750,0.000000,0.940415,0.508543,90,90,1.086731,2.589616,2.119189,0.818341,0.222222,0.023205,272.142639,273.296326,1.153687,0.423927,274.044525,274.861694,0.817169,0.298188,275.158905,275.659454,0.500549,0.181913,276.463928,276.291931,-0.171997,-0.062213,277.146912,277.153320,0.006409,0.002312,1995,Winter,d2m,2m Dewpoint,K
92,278.119385,278.815277,0.695894,0.729735,0.823285,0.992933,0.000000,0.985916,0.222812,92,92,0.695892,3.694982,3.633636,0.983398,0.141304,0.318630,278.179108,279.019043,0.839935,0.301940,280.813416,281.902008,1.088593,0.387657,282.930176,283.253784,0.323608,0.114377,283.638611,283.908386,0.269775,0.095112,285.030182,285.285492,0.255310,0.089573,1995,Spring,d2m,2m Dewpoint,K
92,287.895630,287.840149,-0.055491,0.258088,0.327288,0.985160,0.000000,0.970541,0.211106,92,92,-0.055481,1.550349,1.345049,0.867578,0.152174,0.238009,288.216614,288.152710,-0.063904,-0.022172,289.164276,288.824127,-0.340149,-0.117632,289.548859,289.275757,-0.273102,-0.094320,289.766449,289.433411,-0.333038,-0.114933,290.237305,289.761536,-0.475769,-0.163924,1995,Summer,d2m,2m Dewpoint,K
91,280.571289,281.651093,1.079836,1.079836,1.185292,0.995543,0.000000,0.991106,0.270630,91,91,1.079803,4.379753,4.098957,0.935888,0.120879,0.521725,280.332153,281.414398,1.082245,0.386058,284.699768,285.597229,0.897461,0.315231,286.455688,286.902740,0.447052,0.156063,287.020233,287.506592,0.486359,0.169451,287.703827,287.977264,0.273438,0.095041,1995,Autumn,d2m,2m Dewpoint,K
90,956.452698,96728.500000,95772.054688,95772.054688,95772.320312,0.947086,0.000000,0.896972,38177.609375,90,90,95772.046875,2.508599,223.621323,89.141907,1.000000,0.000000,956.454956,96727.734375,95771.281250,10013.151367,958.291138,96892.601562,95934.312500,10010.977539,959.666870,96985.210938,96025.546875,10006.133789,960.557495,97088.875000,96128.320312,10007.554688,961.058411,97271.710938,96310.656250,10021.311523,1995,Winter,sp,Surface Pressure,hPa
92,954.658264,96605.421875,95650.796875,95650.796875,95651.179688,0.967488,0.000000,0.936032,30901.894531,92,92,95650.765625,3.095318,281.450439,90.927803,1.000000,0.000000,954.696533,96590.625000,95635.929688,10017.416992,956.985840,96818.312500,95861.328125,10017.005859,958.583618,96963.289062,96004.703125,10015.265625,959.537476,97080.421875,96120.882812,10017.417969,960.390076,97125.875000,96165.484375,10013.168945,1995,Spring,sp,Surface Pressure,hPa
92,954.927917,96569.335938,95614.414062,95614.414062,95614.531250,0.945234,0.000000,0.893467,55419.574219,92,92,95614.406250,1.725284,153.299515,88.854630,1.000000,0.000000,955.258057,96587.960938,95632.703125,10011.190430,956.212036,96695.289062,95739.078125,10012.327148,956.795105,96741.882812,95785.085938,10011.035156,957.081360,96779.953125,95822.875000,10011.989258,957.524048,96795.343750,95837.820312,10008.920898,1995,Summer,sp,Surface Pressure,hPa
91,955.945984,96668.164062,95712.218750,95712.218750,95712.429688,0.949269,0.000000,0.901111,42295.785156,91,91,95712.218750,2.262931,199.174973,88.016388,1.000000,0.000000,955.970703,96657.726562,95701.757812,10010.951172,957.594727,96809.257812,95851.664062,10009.626953,958.565002,96959.632812,96001.070312,10015.082031,958.904053,96980.156250,96021.250000,10013.645508,960.293091,97047.226562,96086.929688,10006.000000,1995,Autumn,sp,Surface Pressure,hPa
90,0.951273,0.547356,-0.403918,0.469141,0.556387,0.913011,0.000000,0.833589,0.625596,90,90,-0.403918,0.889371,0.690396,0.776274,0.322222,0.000156,1.053231,0.591712,-0.461519,-43.819332,1.493826,1.069929,-0.423897,-28.376574,2.169576,1.328195,-0.841381,-38.780884,2.444889,1.580121,-0.864768,-35.370438,2.881286,1.911384,-0.969902,-33.662128,1995,Winter,u10,10m U-Wind,m/s
92,0.256077,-0.023608,-0.279685,0.369302,0.438986,0.843220,0.000000,0.711019,0.697550,92,92,-0.279685,0.629326,0.524794,0.833899,0.250000,0.006182,0.261587,0.017981,-0.243606,-93.126305,0.694238,0.331841,-0.362396,-52.200596,1.039806,0.658826,-0.380980,-36.639492,1.343505,0.832161,-0.511344,-38.060425,1.594564,1.289673,-0.304891,-19.120621,1995,Spring,u10,10m U-Wind,m/s
92,0.245114,-0.058960,-0.304074,0.317461,0.391694,0.903171,0.000000,0.815718,0.746949,92,92,-0.304074,0.524392,0.372184,0.709744,0.282609,0.001213,0.237962,-0.073597,-0.311559,-130.927994,0.601079,0.240534,-0.360545,-59.983009,1.036415,0.394632,-0.641783,-61.923370,1.188420,0.522284,-0.666136,-56.052219,1.410577,0.775681,-0.634897,-45.009693,1995,Summer,u10,10m U-Wind,m/s
91,0.288533,0.040134,-0.248399,0.324167,0.427279,0.836285,0.000000,0.699372,0.674834,91,91,-0.248399,0.633163,0.510914,0.806925,0.175824,0.120121,0.213851,-0.008455,-0.222306,-103.953476,0.710724,0.359101,-0.351622,-49.473843,1.217673,0.735985,-0.481687,-39.558029,1.412949,1.008929,-0.404020,-28.594080,1.752479,1.219695,-0.532784,-30.401743,1995,Autumn,u10,10m U-Wind,m/s
90,-0.351217,-0.317183,0.034034,0.427168,0.513182,0.805902,0.000000,0.649479,0.599115,90,90,0.034034,0.856567,0.619474,0.723205,0.133333,0.402289,-0.368115,-0.341081,0.027034,7.343929,0.185696,-0.053663,-0.239359,-128.898438,0.895693,0.591443,-0.304250,-33.968128,1.140668,0.815466,-0.325202,-28.509796,1.516211,1.113352,-0.402859,-26.570122,1995,Winter,v10,10m V-Wind,m/s
92,-0.208129,-0.623003,-0.414875,0.490200,0.574224,0.840508,0.000000,0.706454,0.783655,92,92,-0.414875,0.732751,0.615301,0.839713,0.326087,0.000100,-0.262815,-0.647105,-0.384289,-146.220367,0.274748,-0.277077,-0.551825,-200.847672,0.565133,0.221793,-0.343339,-60.753746,0.862438,0.539226,-0.323212,-37.476509,1.588837,0.802028,-0.786810,-49.521107,1995,Spring,v10,10m V-Wind,m/s
92,0.379052,-0.212644,-0.591696,0.598592,0.652618,0.797246,0.000000,0.635601,1.434874,92,92,-0.591696,0.454826,0.342009,0.751956,0.554348,0.000000,0.352747,-0.207370,-0.560117,-158.787140,0.744967,0.057605,-0.687362,-92.267448,1.005220,0.211268,-0.793952,-78.982903,1.063504,0.257750,-0.805755,-75.764122,1.136660,0.410805,-0.725855,-63.858574,1995,Summer,v10,10m V-Wind,m/s
91,-0.205004,-0.568859,-0.363855,0.455563,0.537955,0.568763,0.000000,0.323491,1.158692,91,91,-0.363855,0.464277,0.369805,0.796518,0.373626,0.000005,-0.179155,-0.587589,-0.408434,-227.977600,0.134944,-0.333371,-0.468315,-347.043732,0.369900,-0.068683,-0.438584,-118.568085,0.486493,-0.013530,-0.500022,-102.781090,0.702038,0.171188,-0.530850,-75.615532,1995,Autumn,v10,10m V-Wind,m/s
90,0.830802,0.331003,-0.499799,0.499799,0.499930,0.633276,0.000000,0.401038,35.360168,90,90,-0.499799,0.014138,0.012375,0.875262,1.000000,0.000000,0.825802,0.326610,-0.499193,-60.449409,0.838845,0.339498,-0.499346,-59.527847,0.851528,0.350248,-0.501279,-58.868248,0.861069,0.354245,-0.506824,-58.859818,0.868702,0.359864,-0.508838,-58.574532,1995,Winter,lai,Leaf Area Index,Index
92,1.071378,0.579617,-0.491761,0.491761,0.491955,0.998174,0.000000,0.996350,2.965858,92,92,-0.491761,0.165873,0.175059,1.055379,0.902174,0.000000,1.039403,0.528573,-0.510830,-49.146458,1.212397,0.724556,-0.487841,-40.237713,1.317859,0.848178,-0.469681,-35.639683,1.353485,0.891341,-0.462144,-34.144730,1.381986,0.925875,-0.456111,-33.004017,1995,Spring,lai,Leaf Area Index,Index
92,1.543955,1.122741,-0.421214,0.421214,0.421348,0.998138,0.000000,0.996279,7.008008,92,92,-0.421214,0.060124,0.069990,1.164094,1.000000,0.000000,1.561647,1.144995,-0.416651,-26.680248,1.593155,1.178808,-0.414347,-26.007954,1.611411,1.200091,-0.411320,-25.525446,1.618217,1.206250,-0.411967,-25.458084,1.622969,1.212170,-0.410800,-25.311602,1995,Summer,lai,Leaf Area Index,Index
91,1.091397,0.608380,-0.483017,0.483017,0.483893,0.999800,0.000000,0.999600,2.719501,91,91,-0.483017,0.177934,0.206792,1.162178,0.824176,0.000000,1.029400,0.541798,-0.487602,-47.367596,1.246184,0.789526,-0.456658,-36.644508,1.368852,0.927034,-0.441818,-32.276527,1.401409,0.964713,-0.436697,-31.161259,1.427456,0.994855,-0.432600,-30.305698,1995,Autumn,lai,Leaf Area Index,Index
91,276.547791,276.668793,0.121018,0.682788,0.865429,0.974487,0.000000,0.949624,0.251946,91,91,0.121002,3.434983,2.973271,0.865586,0.076923,0.952399,276.942261,276.755585,-0.186676,-0.067406,278.988770,279.277527,0.288757,0.103501,281.036011,280.869049,-0.166962,-0.059409,281.905151,281.180328,-0.724823,-0.257116,282.283417,281.510162,-0.773254,-0.273928,1996,Winter,t2m,2m Temperature,K
92,284.357208,283.849701,-0.507544,0.661714,0.784133,0.994797,0.000000,0.989621,0.167094,92,92,-0.507507,4.692773,4.309628,0.918354,0.141304,0.318630,284.857971,284.583679,-0.274292,-0.096291,288.192017,287.308228,-0.883789,-0.306667,289.948914,289.466614,-0.482300,-0.166340,291.121796,289.998535,-1.123260,-0.385839,292.168823,290.509216,-1.659607,-0.568030,1996,Spring,t2m,2m Temperature,K
92,295.022156,294.203918,-0.818266,0.818266,0.869482,0.960299,0.000000,0.922174,0.851296,92,92,-0.818237,1.021363,1.053285,1.031254,0.456522,0.000000,295.350586,294.584961,-0.765625,-0.259226,295.744812,294.999146,-0.745667,-0.252132,296.020844,295.266754,-0.754089,-0.254742,296.139191,295.339355,-0.799835,-0.270088,296.310120,295.463867,-0.846252,-0.285597,1996,Summer,t2m,2m Temperature,K
91,286.416931,286.446014,0.029077,0.406651,0.506678,0.996738,0.000000,0.993487,0.099097,91,91,0.029083,5.112964,4.803697,0.939513,0.076923,0.952399,287.717987,287.073181,-0.644806,-0.224110,290.108978,290.008728,-0.100250,-0.034556,293.826782,293.082245,-0.744537,-0.253393,294.343506,293.523132,-0.820374,-0.278713,294.744415,294.122009,-0.622406,-0.211168,1996,Autumn,t2m,2m Temperature,K
91,271.106201,272.091766,0.985574,1.062524,1.248621,0.979606,0.000000,0.959629,0.349654,91,91,0.985565,3.571017,3.228229,0.904008,0.142857,0.312341,271.366180,272.165955,0.799774,0.294721,273.977783,274.523376,0.545593,0.199138,275.757172,276.606049,0.848877,0.307835,276.621552,277.076843,0.455292,0.164590,277.268982,277.801453,0.532471,0.192041,1996,Winter,d2m,2m Dewpoint,K
92,276.858002,277.748291,0.890253,0.913454,1.057930,0.992376,0.000000,0.984811,0.236067,92,92,0.890289,4.481479,4.300320,0.959576,0.173913,0.123865,276.628052,278.124878,1.496826,0.541097,280.231445,281.016907,0.785461,0.280290,282.631104,283.588562,0.957458,0.338766,283.815216,283.970551,0.155334,0.054731,284.885590,284.830292,-0.055298,-0.019411,1996,Spring,d2m,2m Dewpoint,K
92,287.669739,287.613617,-0.056137,0.272057,0.351436,0.968499,0.000000,0.937991,0.270336,92,92,-0.056122,1.299995,1.134300,0.872542,0.097826,0.773788,287.975159,287.833191,-0.141968,-0.049299,288.444458,288.466248,0.021790,0.007554,288.976501,288.903961,-0.072540,-0.025102,289.109497,289.126251,0.016754,0.005795,289.816711,289.227814,-0.588898,-0.203197,1996,Summer,d2m,2m Dewpoint,K
91,280.479706,281.370575,0.890900,0.910521,1.048437,0.995716,0.000000,0.991450,0.222634,91,91,0.890869,4.709243,4.348612,0.923421,0.120879,0.521725,280.688171,281.739197,1.051025,0.374446,283.651093,284.501770,0.850677,0.299903,287.686981,287.710480,0.023499,0.008168,287.905823,288.031067,0.125244,0.043502,288.511841,288.225647,-0.286194,-0.099197,1996,Autumn,d2m,2m Dewpoint,K
91,955.799011,96678.539062,95722.734375,95722.734375,95723.164062,0.964239,0.000000,0.929758,29077.689453,91,91,95722.742188,3.291980,290.490143,88.241776,1.000000,0.000000,955.998657,96652.101562,95696.101562,10010.066406,957.971130,96882.656250,95924.687500,10013.317383,959.420288,97033.476562,96074.054688,10013.760742,961.653564,97161.945312,96200.289062,10003.632812,964.086609,97324.343750,96360.257812,9994.979492,1996,Winter,sp,Surface Pressure,hPa
92,955.518738,96683.054688,95727.554688,95727.554688,95727.875000,0.967040,0.000000,0.935166,32051.552734,92,92,95727.539062,2.986685,255.711288,85.617104,1.000000,0.000000,955.106323,96646.343750,95691.234375,10018.908203,957.056519,96833.804688,95876.750000,10017.877930,959.193176,97024.726562,96065.531250,10015.243164,960.421631,97096.960938,96136.539062,10009.826172,963.550964,97325.570312,96362.015625,10000.718750,1996,Spring,sp,Surface Pressure,hPa
92,956.509949,96725.421875,95768.914062,95768.914062,95769.070312,0.974841,0.000000,0.950315,48569.476562,92,92,95768.914062,1.971795,173.882568,88.184898,1.000000,0.000000,956.497437,96722.390625,95765.890625,10012.142578,957.956055,96845.421875,95887.468750,10009.589844,958.911011,96921.109375,95962.195312,10007.414062,959.449524,96988.992188,96029.539062,10008.816406,961.048645,97149.210938,96188.164062,10008.666992,1996,Summer,sp,Surface Pressure,hPa
91,956.139587,96697.382812,95741.250000,95741.250000,95741.695312,0.986574,0.000000,0.973329,28659.382812,91,91,95741.242188,3.340675,292.471405,87.548584,1.000000,0.000000,956.189758,96707.835938,95751.648438,10013.875000,957.872803,96842.828125,95884.953125,10010.196289,959.977112,97034.109375,96074.132812,10007.960938,961.338623,97208.109375,96246.773438,10011.745117,965.767456,97515.156250,96549.390625,9997.166992,1996,Autumn,sp,Surface Pressure,hPa
91,0.870701,0.508739,-0.361961,0.442385,0.530143,0.881931,0.000000,0.777802,0.650754,91,91,-0.361961,0.814659,0.667784,0.819710,0.263736,0.003427,0.830688,0.578595,-0.252093,-30.347500,1.508072,0.905677,-0.602396,-39.944744,1.954036,1.390193,-0.563843,-28.855305,2.228641,1.632481,-0.596160,-26.749928,2.538265,2.057479,-0.480786,-18.941525,1996,Winter,u10,10m U-Wind,m/s
92,0.585678,0.173075,-0.412603,0.469352,0.559617,0.836322,0.000000,0.699434,0.815719,92,92,-0.412603,0.686041,0.535442,0.780482,0.260870,0.003677,0.495484,0.142155,-0.353328,-71.309784,1.268461,0.583220,-0.685241,-54.021481,1.426694,0.880090,-0.546605,-38.312675,1.679177,1.040051,-0.639127,-38.061886,1.959782,1.331373,-0.628409,-32.065235,1996,Spring,u10,10m U-Wind,m/s
92,0.234543,-0.137757,-0.372300,0.390585,0.466023,0.806775,0.000000,0.650886,1.007049,92,92,-0.372300,0.462761,0.311633,0.673422,0.434783,0.000000,0.215171,-0.094689,-0.309860,-144.006622,0.530762,0.094335,-0.436427,-82.226517,0.855564,0.281083,-0.574481,-67.146477,0.979140,0.345623,-0.633516,-64.701332,1.180363,0.396229,-0.784135,-66.431641,1996,Summer,u10,10m U-Wind,m/s
91,0.160218,-0.065605,-0.225823,0.346384,0.429656,0.869776,0.000000,0.756510,0.613153,91,91,-0.225823,0.700733,0.490954,0.700629,0.230769,0.015457,0.187054,-0.042110,-0.229164,-122.512207,0.604377,0.337092,-0.267285,-44.224865,1.054168,0.543452,-0.510716,-48.447296,1.245094,0.672816,-0.572278,-45.962669,1.585631,0.783201,-0.802430,-50.606354,1996,Autumn,u10,10m U-Wind,m/s
91,-0.070361,-0.353949,-0.283588,0.467595,0.586608,0.793570,0.000000,0.629753,0.695275,91,91,-0.283588,0.843706,0.658115,0.780028,0.197802,0.056641,-0.172410,-0.463569,-0.291158,-168.875153,0.535498,0.082815,-0.452683,-84.535027,0.947437,0.500664,-0.446772,-47.155910,1.331229,0.806342,-0.524887,-39.428738,1.885544,1.288083,-0.597461,-31.686403,1996,Winter,v10,10m V-Wind,m/s
92,-0.065609,-0.488199,-0.422590,0.531387,0.624063,0.777445,0.000000,0.604421,0.861088,92,92,-0.422590,0.724738,0.507804,0.700672,0.347826,0.000025,-0.118781,-0.538861,-0.420080,-353.657867,0.401019,-0.224434,-0.625453,-155.965881,0.783200,0.171262,-0.611938,-78.133095,1.187426,0.502043,-0.685383,-57.720036,1.497014,0.773882,-0.723132,-48.304958,1996,Spring,v10,10m V-Wind,m/s
92,0.404657,-0.179637,-0.584294,0.597208,0.644520,0.786407,0.000000,0.618436,1.464707,92,92,-0.584295,0.440033,0.334921,0.761127,0.608696,0.000000,0.376793,-0.214850,-0.591644,-157.020676,0.618306,0.026312,-0.591994,-95.744438,0.965907,0.305045,-0.660863,-68.418854,1.294422,0.429604,-0.864819,-66.811157,1.545481,0.627268,-0.918213,-59.412762,1996,Summer,v10,10m V-Wind,m/s
91,-0.287508,-0.744823,-0.457315,0.522353,0.617794,0.649419,0.000000,0.421745,1.149952,91,91,-0.457315,0.537235,0.423967,0.789165,0.406593,0.000000,-0.263837,-0.685432,-0.421596,-159.794113,0.118480,-0.449882,-0.568362,-479.711029,0.351593,-0.249675,-0.601268,-171.012634,0.497095,-0.163504,-0.660599,-132.891968,0.836493,0.025977,-0.810515,-96.894493,1996,Autumn,v10,10m V-Wind,m/s
91,0.830935,0.331314,-0.499621,0.499621,0.499754,0.634692,0.000000,0.402834,35.327259,91,91,-0.499621,0.014146,0.012639,0.893430,1.000000,0.000000,0.825907,0.326636,-0.499271,-60.451283,0.839086,0.339874,-0.499212,-59.494759,0.851313,0.351384,-0.499929,-58.724461,0.860962,0.355232,-0.505730,-58.740074,0.868680,0.360792,-0.507888,-58.466618,1996,Winter,lai,Leaf Area Index,Index
92,1.071447,0.579703,-0.491744,0.491744,0.491938,0.998166,0.000000,0.996335,2.967353,92,92,-0.491744,0.165783,0.174959,1.055346,0.902174,0.000000,1.039403,0.528522,-0.510880,-49.151344,1.212397,0.724558,-0.487838,-40.237522,1.317859,0.848186,-0.469673,-35.639126,1.353485,0.891357,-0.462128,-34.143559,1.381986,0.925891,-0.456094,-33.002838,1996,Spring,lai,Leaf Area Index,Index
92,1.543955,1.122741,-0.421214,0.421214,0.421348,0.998142,0.000000,0.996287,7.008005,92,92,-0.421214,0.060124,0.069987,1.164048,1.000000,0.000000,1.561647,1.144997,-0.416650,-26.680174,1.593155,1.178786,-0.414369,-26.009346,1.611411,1.200104,-0.411306,-25.524609,1.618217,1.206252,-0.411965,-25.457966,1.622969,1.212181,-0.410788,-25.310896,1996,Summer,lai,Leaf Area Index,Index
91,1.091397,0.608376,-0.483021,0.483021,0.483897,0.999799,0.000000,0.999599,2.719526,91,91,-0.483021,0.177934,0.206796,1.162205,0.824176,0.000000,1.029400,0.541798,-0.487602,-47.367596,1.246184,0.789526,-0.456658,-36.644508,1.368852,0.927034,-0.441818,-32.276527,1.401409,0.964713,-0.436697,-31.161259,1.427456,0.994855,-0.432600,-30.305698,1996,Autumn,lai,Leaf Area Index,Index
90,276.850708,277.309937,0.459203,0.818811,0.976488,0.951424,0.000000,0.905207,0.376777,90,90,0.459229,2.591688,2.140294,0.825830,0.144444,0.306035,277.195862,277.830414,0.634552,0.228918,278.737030,278.981140,0.244110,0.087577,279.861298,279.601807,-0.259491,-0.092721,280.648956,280.174377,-0.474579,-0.169101,281.734528,280.550659,-1.183868,-0.420207,1997,Winter,t2m,2m Temperature,K
92,284.489166,284.102570,-0.386603,0.458119,0.543000,0.995122,0.000000,0.990268,0.141526,92,92,-0.386597,3.836764,3.771866,0.983085,0.086957,0.880159,284.325043,283.678345,-0.646698,-0.227450,288.013153,287.669281,-0.343872,-0.119395,289.509369,289.043762,-0.465607,-0.160826,290.143616,289.507172,-0.636444,-0.219355,291.877655,291.464020,-0.413635,-0.141715,1997,Spring,t2m,2m Temperature,K
92,294.800598,294.250183,-0.550481,0.555425,0.623385,0.975658,0.000000,0.951908,0.470965,92,92,-0.550415,1.323633,1.327761,1.003118,0.250000,0.006182,295.039917,294.671143,-0.368774,-0.124991,295.504761,295.096313,-0.408447,-0.138220,296.277466,295.637268,-0.640198,-0.216080,296.816498,295.988434,-0.828064,-0.278982,297.309448,296.310028,-0.999420,-0.336155,1997,Summer,t2m,2m Temperature,K
91,287.236877,287.356323,0.119420,0.488736,0.621204,0.996455,0.000000,0.992923,0.118939,91,91,0.119446,5.222898,4.781793,0.915544,0.087912,0.876095,287.177765,287.258087,0.080322,0.027970,291.795410,291.657104,-0.138306,-0.047398,293.752319,293.539520,-0.212799,-0.072442,294.052582,293.866272,-0.186310,-0.063359,294.890228,294.504852,-0.385376,-0.130685,1997,Autumn,t2m,2m Temperature,K
90,272.024658,273.052338,1.027667,1.128428,1.291160,0.968368,0.000000,0.937736,0.457496,90,90,1.027679,2.822231,2.393756,0.848179,0.211111,0.035951,272.419128,273.053833,0.634705,0.232988,274.030518,275.088745,1.058228,0.386171,275.044434,275.613831,0.569397,0.207020,275.890503,276.130676,0.240173,0.087054,278.370667,277.410217,-0.960449,-0.345025,1997,Winter,d2m,2m Dewpoint,K
92,277.560211,278.335388,0.775173,0.825864,0.914547,0.991211,0.000000,0.982499,0.249985,92,92,0.775177,3.658401,3.661934,1.000966,0.163043,0.173668,277.472565,278.168335,0.695770,0.250753,279.922729,280.981750,1.059021,0.378326,282.686920,283.313171,0.626251,0.221535,283.424683,283.915131,0.490448,0.173044,285.356934,286.014252,0.657318,0.230349,1997,Spring,d2m,2m Dewpoint,K
92,287.834381,287.744659,-0.089751,0.294792,0.370089,0.976625,0.000000,0.953797,0.288188,92,92,-0.089722,1.284193,1.024580,0.797840,0.141304,0.318630,288.228607,288.249329,0.020721,0.007189,288.633728,288.439575,-0.194153,-0.067266,289.381256,288.822876,-0.558380,-0.192957,289.604889,289.031036,-0.573853,-0.198150,289.985596,289.117767,-0.867828,-0.299266,1997,Summer,d2m,2m Dewpoint,K
91,281.235962,282.180145,0.944168,0.969718,1.135725,0.997130,0.000000,0.994268,0.238256,91,91,0.944183,4.766831,4.235283,0.888490,0.175824,0.120121,280.236115,281.566193,1.330078,0.474628,285.677612,286.215210,0.537598,0.188183,287.292297,287.647797,0.355499,0.123741,287.838593,287.942383,0.103790,0.036059,289.073853,288.780151,-0.293701,-0.101601,1997,Autumn,d2m,2m Dewpoint,K
90,956.560791,96742.843750,95786.289062,95786.289062,95786.757812,0.971484,0.000000,0.943781,26584.916016,90,90,95786.281250,3.603049,306.033752,84.937439,1.000000,0.000000,956.330505,96739.515625,95783.187500,10015.699219,959.351501,97000.203125,96040.851562,10011.017578,961.148193,97140.554688,96179.406250,10006.719727,962.599487,97236.781250,96274.179688,10001.478516,964.521729,97375.078125,96410.554688,9995.684570,1997,Winter,sp,Surface Pressure,hPa
92,955.455688,96662.062500,95706.585938,95706.585938,95706.914062,0.974719,0.000000,0.950077,32184.912109,92,92,95706.609375,2.973658,248.183807,83.460785,1.000000,0.000000,955.538757,96667.875000,95712.335938,10016.583984,957.905029,96840.156250,95882.250000,10009.578125,958.963745,97009.757812,96050.796875,10016.103516,959.863220,97067.820312,96107.960938,10012.672852,961.492065,97141.765625,96180.273438,10003.230469,1997,Spring,sp,Surface Pressure,hPa
92,955.668213,96633.851562,95678.187500,95678.187500,95678.367188,0.980962,0.000000,0.962287,43212.785156,92,92,95678.179688,2.214122,187.017029,84.465553,1.000000,0.000000,955.909851,96641.398438,95685.492188,10009.886719,957.290710,96775.890625,95818.601562,10009.352539,958.193054,96876.718750,95918.523438,10010.354492,958.794556,96919.117188,95960.320312,10008.433594,960.149658,96991.078125,96030.929688,10001.663086,1997,Summer,sp,Surface Pressure,hPa
91,955.261841,96564.593750,95609.328125,95609.328125,95609.679688,0.964048,0.000000,0.929388,34581.429688,91,91,95609.328125,2.764769,261.370789,94.536201,1.000000,0.000000,955.051331,96548.382812,95593.328125,10009.234375,956.905334,96707.210938,95750.304688,10006.246094,959.169617,96944.968750,95985.796875,10007.176758,960.152466,97013.671875,96053.515625,10003.986328,961.959229,97159.304688,96197.343750,10000.147461,1997,Autumn,sp,Surface Pressure,hPa
90,0.928355,0.519277,-0.409078,0.450468,0.517199,0.912792,0.000000,0.833189,0.668179,90,90,-0.409078,0.774043,0.692161,0.894215,0.288889,0.001025,0.796286,0.424365,-0.371922,-46.707008,1.452018,1.049986,-0.402032,-27.687824,1.919677,1.570064,-0.349613,-18.212090,2.374608,1.754124,-0.620484,-26.129938,2.618522,1.947532,-0.670990,-25.624746,1997,Winter,u10,10m U-Wind,m/s
92,0.640298,0.258555,-0.381743,0.422964,0.519808,0.856408,0.000000,0.733434,0.761838,92,92,-0.381743,0.682308,0.564983,0.828047,0.304348,0.000365,0.690504,0.263284,-0.427220,-61.870705,1.146774,0.629984,-0.516790,-45.064651,1.495089,0.967282,-0.527808,-35.302750,1.672002,1.322439,-0.349563,-20.906843,1.988552,1.422502,-0.566050,-28.465416,1997,Spring,u10,10m U-Wind,m/s
92,0.360471,-0.047037,-0.407508,0.438147,0.504308,0.833129,0.000000,0.694104,1.006848,92,92,-0.407508,0.500878,0.309961,0.618836,0.456522,0.000000,0.389805,-0.036044,-0.425849,-109.246605,0.701876,0.170305,-0.531571,-75.735779,1.017686,0.338838,-0.678847,-66.705025,1.159383,0.444852,-0.714531,-61.630260,1.276520,0.647128,-0.629391,-49.305275,1997,Summer,u10,10m U-Wind,m/s
91,0.363612,0.092993,-0.270618,0.307732,0.395766,0.930124,0.000000,0.865130,0.539637,91,91,-0.270618,0.733392,0.577961,0.788065,0.208791,0.037590,0.455262,0.177747,-0.277515,-60.957153,0.882597,0.584077,-0.298520,-33.822884,1.262304,0.818046,-0.444259,-35.194263,1.527966,0.991391,-0.536576,-35.116985,2.038997,1.231735,-0.807262,-39.591125,1997,Autumn,u10,10m U-Wind,m/s
90,-0.438820,-0.507017,-0.068197,0.399949,0.511864,0.723214,0.000000,0.523038,0.697251,90,90,-0.068197,0.734117,0.513429,0.699384,0.144444,0.306035,-0.479699,-0.426759,0.052940,11.036082,0.027016,-0.170329,-0.197346,-730.471924,0.517527,0.080634,-0.436893,-84.419388,0.890630,0.389239,-0.501391,-56.296185,1.265141,0.667575,-0.597566,-47.233116,1997,Winter,v10,10m V-Wind,m/s
92,-0.301857,-0.576981,-0.275124,0.348052,0.455693,0.862516,0.000000,0.743934,0.637944,92,92,-0.275124,0.714314,0.652248,0.913111,0.239130,0.010156,-0.238899,-0.540870,-0.301971,-126.400955,0.244817,-0.177497,-0.422314,-172.502121,0.492458,0.292774,-0.199685,-40.548512,0.834217,0.415616,-0.418601,-50.178917,1.136398,0.753218,-0.383181,-33.718872,1997,Spring,v10,10m V-Wind,m/s
92,0.366838,-0.126104,-0.492942,0.511434,0.595602,0.596773,0.000000,0.356138,1.471253,92,92,-0.492942,0.404826,0.320525,0.791761,0.586957,0.000000,0.402958,-0.038918,-0.441877,-109.658180,0.650337,0.078521,-0.571816,-87.926132,0.844445,0.203124,-0.641322,-75.945915,0.952879,0.294079,-0.658800,-69.137871,1.153207,0.378595,-0.774611,-67.170219,1997,Summer,v10,10m V-Wind,m/s
91,-0.163869,-0.428157,-0.264288,0.416809,0.535240,0.717932,0.000000,0.515426,0.818268,91,91,-0.264288,0.654113,0.566055,0.865378,0.241758,0.009575,-0.092700,-0.391010,-0.298310,-321.801880,0.347793,-0.011468,-0.359261,-103.297234,0.642029,0.191175,-0.450854,-70.223251,0.762256,0.282522,-0.479734,-62.936028,0.968981,0.664163,-0.304818,-31.457582,1997,Autumn,v10,10m V-Wind,m/s
90,0.830802,0.331008,-0.499794,0.499794,0.499925,0.632711,0.000000,0.400323,35.359840,90,90,-0.499794,0.014138,0.012389,0.876305,1.000000,0.000000,0.825802,0.326619,-0.499183,-60.448296,0.838845,0.339537,-0.499308,-59.523239,0.851528,0.350267,-0.501261,-58.866024,0.861069,0.354274,-0.506795,-58.856518,0.868702,0.359921,-0.508781,-58.567963,1997,Winter,lai,Leaf Area Index,Index
92,1.071378,0.579624,-0.491754,0.491754,0.491948,0.998165,0.000000,0.996334,2.965816,92,92,-0.491754,0.165873,0.175047,1.055309,0.902174,0.000000,1.039403,0.528526,-0.510877,-49.151031,1.212397,0.724571,-0.487826,-40.236511,1.317859,0.848184,-0.469675,-35.639233,1.353485,0.891352,-0.462133,-34.143925,1.381986,0.925887,-0.456099,-33.003159,1997,Spring,lai,Leaf Area Index,Index
92,1.543955,1.122744,-0.421211,0.421211,0.421345,0.998140,0.000000,0.996283,7.007960,92,92,-0.421211,0.060124,0.069991,1.164121,1.000000,0.000000,1.561647,1.144998,-0.416649,-26.680105,1.593155,1.178801,-0.414353,-26.008358,1.611411,1.200093,-0.411318,-25.525312,1.618217,1.206257,-0.411961,-25.457685,1.622969,1.212180,-0.410789,-25.310986,1997,Summer,lai,Leaf Area Index,Index
91,1.091397,0.608381,-0.483016,0.483016,0.483892,0.999800,0.000000,0.999599,2.719497,91,91,-0.483016,0.177934,0.206791,1.162174,0.824176,0.000000,1.029400,0.541798,-0.487602,-47.367596,1.246184,0.789526,-0.456658,-36.644508,1.368852,0.927034,-0.441818,-32.276527,1.401409,0.964713,-0.436697,-31.161259,1.427456,0.994855,-0.432600,-30.305698,1997,Autumn,lai,Leaf Area Index,Index
90,278.259949,278.285522,0.025528,0.455993,0.591900,0.972222,0.000000,0.945215,0.239067,90,90,0.025574,2.475871,2.289336,0.924659,0.077778,0.950194,278.449738,278.326904,-0.122833,-0.044113,279.663452,279.958618,0.295166,0.105543,280.795532,280.933929,0.138397,0.049288,281.797211,281.226532,-0.570679,-0.202514,284.107483,282.909607,-1.197876,-0.421628,1998,Winter,t2m,2m Temperature,K
92,285.314484,284.946228,-0.368268,0.522572,0.634984,0.997010,0.000000,0.994028,0.132712,92,92,-0.368256,4.784696,4.408631,0.921403,0.119565,0.528851,285.296844,284.506592,-0.790253,-0.276993,289.470215,288.981293,-0.488922,-0.168902,291.363708,290.652191,-0.711517,-0.244202,292.225616,291.238831,-0.986786,-0.337679,292.371155,291.311340,-1.059814,-0.362489,1998,Spring,t2m,2m Temperature,K
92,295.456116,294.725830,-0.730284,0.735451,0.796480,0.988328,0.000000,0.976792,0.419060,92,92,-0.730286,1.900635,1.747188,0.919265,0.347826,0.000025,296.004272,295.295654,-0.708618,-0.239395,296.563538,295.845764,-0.717773,-0.242030,297.207581,296.160889,-1.046692,-0.352175,297.463501,296.506378,-0.957123,-0.321761,297.873627,296.655731,-1.217896,-0.408863,1998,Summer,t2m,2m Temperature,K
91,288.095001,287.878387,-0.216607,0.452725,0.562296,0.995408,0.000000,0.990836,0.122392,91,91,-0.216614,4.594215,4.297719,0.935463,0.087912,0.876095,287.867706,287.745148,-0.122559,-0.042575,292.601349,291.826233,-0.775116,-0.264905,294.351440,293.553192,-0.798248,-0.271189,295.424683,294.833496,-0.591187,-0.200114,296.058990,295.039551,-1.019440,-0.344337,1998,Autumn,t2m,2m Temperature,K
90,273.494995,274.207581,0.712614,0.859746,0.946701,0.970906,0.000000,0.942659,0.367024,90,90,0.712585,2.579395,2.421183,0.938663,0.200000,0.054425,273.780090,274.479248,0.699158,0.255372,274.864929,275.511139,0.646210,0.235101,276.113495,276.962097,0.848602,0.307338,277.305450,277.416718,0.111267,0.040124,279.280334,279.250763,-0.029572,-0.010588,1998,Winter,d2m,2m Dewpoint,K
92,278.444397,278.996979,0.552622,0.643458,0.808029,0.992713,0.000000,0.985479,0.197898,92,92,0.552582,4.083049,3.728581,0.913185,0.152174,0.238009,278.140198,278.920288,0.780090,0.280467,282.474548,282.646149,0.171600,0.060749,283.870850,283.639618,-0.231232,-0.081457,284.130890,284.006561,-0.124329,-0.043758,284.766724,284.363708,-0.403015,-0.141525,1998,Spring,d2m,2m Dewpoint,K
92,288.346954,288.110229,-0.236732,0.316483,0.377470,0.992416,0.000000,0.984889,0.209732,92,92,-0.236725,1.799776,1.592491,0.884828,0.304348,0.000365,288.912781,288.633545,-0.279236,-0.096651,289.433777,289.118347,-0.315430,-0.108982,289.829285,289.273254,-0.556030,-0.191848,289.977264,289.577759,-0.399506,-0.137771,290.264069,289.988617,-0.275452,-0.094897,1998,Summer,d2m,2m Dewpoint,K
91,282.177490,282.894897,0.717403,0.777373,0.924320,0.992972,0.000000,0.985993,0.241453,91,91,0.717407,3.828154,3.434598,0.897194,0.175824,0.120121,281.782715,282.726166,0.943451,0.334815,286.099274,286.475342,0.376068,0.131447,287.546509,287.588074,0.041565,0.014455,287.839691,287.714142,-0.125549,-0.043618,288.278015,287.757965,-0.520050,-0.180399,1998,Autumn,d2m,2m Dewpoint,K
90,955.728394,96648.257812,95692.531250,95692.531250,95693.070312,0.960428,0.000000,0.922422,26785.947266,90,90,95692.531250,3.572510,322.547760,90.286026,1.000000,0.000000,955.636719,96617.210938,95661.578125,10010.245117,957.708801,96824.109375,95866.398438,10009.973633,961.379883,97158.703125,96197.320312,10006.171875,962.600281,97274.093750,96311.492188,10005.345703,963.586365,97434.882812,96471.296875,10011.692383,1998,Winter,sp,Surface Pressure,hPa
92,954.537537,96601.992188,95647.453125,95647.453125,95647.750000,0.975942,0.000000,0.952464,33683.699219,92,92,95647.453125,2.839586,236.814484,83.397545,1.000000,0.000000,954.150146,96558.359375,95604.210938,10019.829102,955.857605,96718.812500,95762.953125,10018.537109,958.878113,96942.148438,95983.273438,10009.955078,959.871948,97062.914062,96103.039062,10012.068359,962.575256,97176.976562,96214.398438,9995.519531,1998,Spring,sp,Surface Pressure,hPa
92,955.753662,96664.367188,95708.632812,95708.632812,95708.843750,0.978059,0.000000,0.956600,38638.269531,92,92,95708.617188,2.477048,208.078857,84.002762,1.000000,0.000000,955.834473,96663.929688,95708.093750,10013.040039,957.215332,96790.781250,95833.562500,10011.703125,959.264771,96927.914062,95968.648438,10004.396484,959.996277,97040.117188,96080.117188,10008.384766,960.354004,97075.437500,96115.085938,10008.297852,1998,Summer,sp,Surface Pressure,hPa
91,955.888977,96640.062500,95684.179688,95684.179688,95684.437500,0.962493,0.000000,0.926393,39251.027344,91,91,95684.171875,2.437756,224.102203,91.929703,1.000000,0.000000,955.576477,96599.679688,95644.101562,10009.046875,957.505737,96828.421875,95870.914062,10012.567383,959.466736,96958.242188,95998.773438,10005.429688,960.093384,97010.640625,96050.546875,10004.291992,961.747864,97082.343750,96120.593750,9994.365234,1998,Autumn,sp,Surface Pressure,hPa
90,0.561509,0.393667,-0.167842,0.372451,0.458407,0.809975,0.000000,0.656059,0.630628,90,90,-0.167842,0.726905,0.603965,0.830872,0.222222,0.023205,0.728043,0.425385,-0.302658,-41.571415,1.037790,0.805211,-0.232579,-22.410995,1.345735,1.139984,-0.205751,-15.289087,1.538607,1.348192,-0.190416,-12.375836,1.974116,1.567684,-0.406431,-20.588026,1998,Winter,u10,10m U-Wind,m/s
92,0.478995,0.149520,-0.329475,0.372855,0.428413,0.853867,0.000000,0.729090,0.821681,92,92,-0.329475,0.521385,0.481781,0.924041,0.445652,0.000000,0.514637,0.142954,-0.371683,-72.222420,0.716813,0.401892,-0.314921,-43.933460,1.059456,0.799987,-0.259469,-24.490759,1.303503,0.937951,-0.365552,-28.043840,1.504720,1.158918,-0.345802,-22.981136,1998,Spring,u10,10m U-Wind,m/s
92,0.372003,-0.119433,-0.491436,0.507294,0.589142,0.864709,0.000000,0.747722,1.013126,92,92,-0.491436,0.581509,0.360463,0.619875,0.532609,0.000000,0.328796,-0.166240,-0.495035,-150.560181,0.748734,0.010865,-0.737868,-98.548851,1.057921,0.336935,-0.720986,-68.151199,1.371442,0.597315,-0.774127,-56.446209,1.861833,0.831908,-1.029925,-55.317806,1998,Summer,u10,10m U-Wind,m/s
91,0.169150,-0.074976,-0.244126,0.278225,0.361702,0.871392,0.000000,0.759324,0.666232,91,91,-0.244126,0.542907,0.455991,0.839907,0.241758,0.009575,0.163454,-0.111311,-0.274765,-168.099060,0.547184,0.220693,-0.326490,-59.667450,0.880152,0.508881,-0.371271,-42.182579,1.054979,0.714341,-0.340638,-32.288586,1.304690,0.975432,-0.329257,-25.236452,1998,Autumn,u10,10m U-Wind,m/s
90,-0.158951,-0.382784,-0.223832,0.408834,0.501646,0.743977,0.000000,0.553501,0.780482,90,90,-0.223832,0.642739,0.608925,0.947390,0.144444,0.306035,-0.160945,-0.355737,-0.194792,-121.029999,0.274248,0.076063,-0.198185,-72.264793,0.700356,0.390112,-0.310244,-44.298080,0.793926,0.535120,-0.258806,-32.598274,1.301811,0.760476,-0.541335,-41.583199,1998,Winter,v10,10m V-Wind,m/s
92,-0.044876,-0.542185,-0.497309,0.550640,0.679820,0.803945,0.000000,0.646328,0.883493,92,92,-0.497309,0.769469,0.544882,0.708127,0.391304,0.000001,-0.112788,-0.578423,-0.465635,-412.839600,0.447085,-0.241289,-0.688375,-153.969452,0.934270,0.276815,-0.657455,-70.370987,1.266649,0.445346,-0.821303,-64.840599,1.728384,0.707623,-1.020761,-59.058681,1998,Spring,v10,10m V-Wind,m/s
92,0.298867,-0.300993,-0.599859,0.601488,0.669356,0.780319,0.000000,0.608897,1.423693,92,92,-0.599859,0.470155,0.408765,0.869425,0.565217,0.000000,0.327014,-0.304552,-0.631566,-193.131409,0.625283,-0.071688,-0.696972,-111.464882,0.897559,0.231714,-0.665844,-74.183929,1.051937,0.356651,-0.695286,-66.095787,1.224858,0.652823,-0.572036,-46.702179,1998,Summer,v10,10m V-Wind,m/s
91,-0.185185,-0.589935,-0.404750,0.457657,0.541397,0.856959,0.000000,0.734379,0.777337,91,91,-0.404750,0.696476,0.575859,0.826818,0.373626,0.000005,-0.037281,-0.497942,-0.460661,-1235.638428,0.228725,-0.176146,-0.404871,-177.012238,0.591257,0.048243,-0.543014,-91.840614,0.869239,0.209053,-0.660186,-75.949913,1.243159,0.712302,-0.530857,-42.702278,1998,Autumn,v10,10m V-Wind,m/s
90,0.830802,0.330983,-0.499819,0.499819,0.499951,0.632271,0.000000,0.399766,35.361645,90,90,-0.499819,0.014138,0.012366,0.874667,1.000000,0.000000,0.825802,0.326573,-0.499229,-60.453838,0.838845,0.339493,-0.499352,-59.528496,0.851528,0.350216,-0.501312,-58.872025,0.861069,0.354203,-0.506866,-58.864723,0.868702,0.359831,-0.508871,-58.578281,1998,Winter,lai,Leaf Area Index,Index
92,1.071378,0.579569,-0.491809,0.491809,0.492004,0.998171,0.000000,0.996346,2.966151,92,92,-0.491809,0.165873,0.175079,1.055503,0.902174,0.000000,1.039403,0.528493,-0.510910,-49.154194,1.212397,0.724541,-0.487856,-40.238937,1.317859,0.848165,-0.469694,-35.640690,1.353485,0.891334,-0.462150,-34.145233,1.381986,0.925856,-0.456130,-33.005386,1998,Spring,lai,Leaf Area Index,Index
92,1.543955,1.122717,-0.421238,0.421238,0.421372,0.998129,0.000000,0.996261,7.008404,92,92,-0.421238,0.060124,0.069983,1.163988,1.000000,0.000000,1.561647,1.144971,-0.416676,-26.681847,1.593155,1.178776,-0.414379,-26.009960,1.611411,1.200057,-0.411353,-25.527538,1.618217,1.206216,-0.412002,-25.460220,1.622969,1.212133,-0.410836,-25.313835,1998,Summer,lai,Leaf Area Index,Index
91,1.091397,0.608371,-0.483026,0.483026,0.483903,0.999799,0.000000,0.999599,2.719559,91,91,-0.483026,0.177934,0.206802,1.162239,0.824176,0.000000,1.029400,0.541798,-0.487602,-47.367596,1.246184,0.789526,-0.456658,-36.644508,1.368852,0.927034,-0.441818,-32.276527,1.401409,0.964713,-0.436697,-31.161259,1.427456,0.994855,-0.432600,-30.305698,1998,Autumn,lai,Leaf Area Index,Index
90,278.071747,278.014221,-0.057491,0.440222,0.543147,0.972872,0.000000,0.946481,0.239014,90,90,-0.057526,2.272449,2.086994,0.918390,0.077778,0.950194,278.399109,278.253204,-0.145905,-0.052408,279.751801,279.663666,-0.088135,-0.031505,280.741669,280.383331,-0.358337,-0.127640,281.166870,280.698730,-0.468140,-0.166499,281.635559,281.318146,-0.317413,-0.112704,1999,Winter,t2m,2m Temperature,K
92,285.114014,284.652435,-0.461603,0.551816,0.637592,0.996299,0.000000,0.992612,0.161323,92,92,-0.461578,3.952275,3.658281,0.925614,0.097826,0.773788,285.173645,284.562347,-0.611298,-0.214360,288.346222,287.567078,-0.779144,-0.270211,290.546478,289.574921,-0.971558,-0.334390,290.868805,290.294647,-0.574158,-0.197394,292.175934,290.948395,-1.227539,-0.420137,1999,Spring,t2m,2m Temperature,K
92,294.954559,294.039581,-0.914950,0.914950,0.972355,0.975565,0.000000,0.951727,0.653265,92,92,-0.914978,1.488454,1.414763,0.950492,0.358696,0.000012,295.247559,294.367126,-0.880432,-0.298201,295.784668,295.076843,-0.707825,-0.239304,296.780029,295.700165,-1.079865,-0.363860,297.207672,295.941864,-1.265808,-0.425900,297.643738,296.285553,-1.358185,-0.456312,1999,Summer,t2m,2m Temperature,K
91,287.871552,287.542847,-0.328732,0.407618,0.486569,0.995443,0.000000,0.990908,0.130892,91,91,-0.328705,3.717336,3.645245,0.980607,0.087912,0.876095,287.570099,287.308807,-0.261292,-0.090862,290.937134,290.868164,-0.068970,-0.023706,293.197113,292.676941,-0.520172,-0.177414,294.060181,293.556458,-0.503723,-0.171299,294.524017,293.847809,-0.676208,-0.229594,1999,Autumn,t2m,2m Temperature,K
90,272.240204,273.073273,0.833109,0.868994,0.985084,0.976992,0.000000,0.954514,0.414808,90,90,0.833069,2.374793,2.179471,0.917752,0.177778,0.116410,272.525574,273.161072,0.635498,0.233188,274.312988,275.079651,0.766663,0.279485,275.029572,275.619995,0.590424,0.214676,275.526550,275.966858,0.440308,0.159806,276.002625,276.227020,0.224396,0.081302,1999,Winter,d2m,2m Dewpoint,K
92,277.871033,278.654327,0.783318,0.812433,0.938693,0.992952,0.000000,0.985954,0.251503,92,92,0.783295,3.732337,3.437916,0.921116,0.206522,0.039264,277.601410,278.384216,0.782806,0.281989,280.908203,281.444397,0.536194,0.190879,283.117889,283.386047,0.268158,0.094716,283.527283,283.777222,0.249939,0.088153,284.314087,284.210327,-0.103760,-0.036495,1999,Spring,d2m,2m Dewpoint,K
92,287.996674,287.654144,-0.342595,0.383352,0.467066,0.982818,0.000000,0.965932,0.324564,92,92,-0.342529,1.439058,1.240471,0.862001,0.217391,0.025592,288.344788,287.990356,-0.354431,-0.122919,289.037903,288.507019,-0.530884,-0.183673,289.529449,288.974548,-0.554901,-0.191656,289.769348,289.141266,-0.628082,-0.216752,290.172424,289.316132,-0.856293,-0.295098,1999,Summer,d2m,2m Dewpoint,K
91,280.647247,281.585388,0.938179,0.954229,1.092638,0.992966,0.000000,0.985982,0.290361,91,91,0.938141,3.763039,3.397190,0.902778,0.164835,0.169060,280.117432,281.268341,1.150909,0.410867,283.973022,284.584259,0.611237,0.215245,286.087585,286.471558,0.383972,0.134215,287.270996,287.063782,-0.207214,-0.072132,287.603973,287.763458,0.159485,0.055453,1999,Autumn,d2m,2m Dewpoint,K
90,957.711731,96847.710938,95890.000000,95890.000000,95890.398438,0.973756,0.000000,0.948201,31551.949219,90,90,95890.000000,3.039128,276.789886,91.075439,1.000000,0.000000,958.026978,96877.390625,95919.367188,10012.178711,959.830139,97054.742188,96094.914062,10011.658203,961.311523,97152.031250,96190.718750,10006.196289,962.215149,97214.765625,96252.546875,10003.225586,964.472351,97445.101562,96480.632812,10003.462891,1999,Winter,sp,Surface Pressure,hPa
92,955.450500,96681.132812,95725.687500,95725.687500,95725.882812,0.950594,0.000000,0.903629,42245.718750,92,92,95725.679688,2.265931,195.922165,86.464317,1.000000,0.000000,955.822021,96693.265625,95737.445312,10016.242188,956.950562,96780.468750,95823.515625,10013.423828,958.039307,96928.648438,95970.609375,10017.398438,959.228760,96967.781250,96008.554688,10008.931641,960.191711,97073.437500,96113.242188,10009.796875,1999,Spring,sp,Surface Pressure,hPa
92,955.950378,96656.898438,95700.937500,95700.937500,95701.093750,0.981247,0.000000,0.962847,47002.722656,92,92,95700.945312,2.036076,181.106857,88.948982,1.000000,0.000000,955.775330,96660.148438,95704.375000,10013.271484,957.686401,96800.531250,95842.843750,10007.748047,958.820679,96914.656250,95955.835938,10007.694336,959.074280,96943.882812,95984.804688,10008.067383,959.679321,96995.523438,96035.843750,10007.076172,1999,Summer,sp,Surface Pressure,hPa
91,957.048706,96751.328125,95794.265625,95794.265625,95794.515625,0.980707,0.000000,0.961786,36152.078125,91,91,95794.281250,2.649765,220.926514,83.375893,1.000000,0.000000,956.654358,96716.632812,95759.976562,10009.882812,958.696228,96885.406250,95926.710938,10005.955078,960.393799,97024.484375,96064.093750,10002.573242,961.032349,97079.468750,96118.437500,10001.582031,965.803162,97481.750000,96515.945312,9993.335938,1999,Autumn,sp,Surface Pressure,hPa
90,0.782585,0.472137,-0.310449,0.391996,0.475329,0.875142,0.000000,0.765873,0.655543,90,90,-0.310449,0.725093,0.554155,0.764254,0.222222,0.023205,0.725752,0.476872,-0.248880,-34.292694,1.180813,0.851725,-0.329088,-27.869579,1.593001,1.148001,-0.445000,-27.934692,1.864295,1.299715,-0.564579,-30.283802,2.737186,1.765031,-0.972155,-35.516575,1999,Winter,u10,10m U-Wind,m/s
92,0.471845,0.192405,-0.279440,0.352127,0.432443,0.879256,0.000000,0.773091,0.647539,92,92,-0.279440,0.667826,0.499323,0.747683,0.217391,0.025592,0.402314,0.089035,-0.313279,-77.869263,0.915480,0.520727,-0.394754,-43.119846,1.312629,0.891506,-0.421122,-32.082375,1.511608,1.008066,-0.503543,-33.311722,2.010956,1.349061,-0.661894,-32.914413,1999,Spring,u10,10m U-Wind,m/s
92,0.388647,-0.008532,-0.397179,0.434282,0.492459,0.874215,0.000000,0.764251,0.873234,92,92,-0.397179,0.563949,0.394079,0.698784,0.326087,0.000100,0.324729,0.017118,-0.307611,-94.728477,0.736056,0.259948,-0.476108,-64.683678,1.174199,0.482047,-0.692152,-58.946716,1.366910,0.587219,-0.779692,-57.040436,1.824007,0.894501,-0.929506,-50.959557,1999,Summer,u10,10m U-Wind,m/s
91,0.143413,-0.041302,-0.184715,0.270182,0.332253,0.891012,0.000000,0.793903,0.549310,91,91,-0.184715,0.604855,0.509406,0.842195,0.186813,0.083428,0.060238,-0.118497,-0.178735,-296.715332,0.637736,0.221281,-0.416455,-65.302155,0.986953,0.715625,-0.271328,-27.491451,1.266750,0.986130,-0.280620,-22.152760,1.550967,1.309119,-0.241848,-15.593369,1999,Autumn,u10,10m U-Wind,m/s
90,-0.258123,-0.538958,-0.280834,0.413792,0.516859,0.791898,0.000000,0.627102,0.727444,90,90,-0.280834,0.710515,0.557634,0.784831,0.244444,0.009015,-0.287401,-0.598506,-0.311106,-108.247986,0.177120,-0.205465,-0.382585,-216.002945,0.744141,0.260299,-0.483841,-65.020149,0.897466,0.416515,-0.480951,-53.589928,1.308207,0.671148,-0.637059,-48.697079,1999,Winter,v10,10m V-Wind,m/s
92,-0.212406,-0.677890,-0.465484,0.521890,0.625658,0.736267,0.000000,0.542089,1.012776,92,92,-0.465484,0.617766,0.459092,0.743149,0.478261,0.000000,-0.163550,-0.654171,-0.490621,-299.982574,0.183722,-0.420837,-0.604559,-329.061951,0.380746,-0.069021,-0.449767,-118.127831,0.644212,0.114748,-0.529464,-82.187836,1.207244,0.324230,-0.883013,-73.142937,1999,Spring,v10,10m V-Wind,m/s
92,0.468218,-0.087204,-0.555422,0.578803,0.684210,0.595253,0.000000,0.354326,1.376233,92,92,-0.555422,0.497161,0.288273,0.579838,0.554348,0.000000,0.448960,-0.089549,-0.538509,-119.945869,0.814712,0.096564,-0.718148,-88.147461,1.033875,0.350680,-0.683195,-66.081009,1.217149,0.408449,-0.808701,-66.442184,1.809084,0.465904,-1.343180,-74.246399,1999,Summer,v10,10m V-Wind,m/s
91,-0.328515,-0.710079,-0.381563,0.490979,0.572853,0.715723,0.000000,0.512259,0.941278,91,91,-0.381564,0.608591,0.479389,0.787703,0.351648,0.000022,-0.306700,-0.753796,-0.447096,-145.776337,0.087258,-0.380055,-0.467313,-535.554260,0.456666,-0.124650,-0.581316,-127.295731,0.630949,0.100930,-0.530019,-84.003441,0.958678,0.420118,-0.538560,-56.177380,1999,Autumn,v10,10m V-Wind,m/s
90,0.830802,0.330989,-0.499812,0.499812,0.499944,0.631955,0.000000,0.399367,35.361168,90,90,-0.499812,0.014138,0.012361,0.874312,1.000000,0.000000,0.825802,0.326578,-0.499224,-60.453213,0.838845,0.339492,-0.499353,-59.528637,0.851528,0.350213,-0.501315,-58.872444,0.861069,0.354209,-0.506860,-58.864040,0.868702,0.359850,-0.508851,-58.576069,1999,Winter,lai,Leaf Area Index,Index
92,1.071378,0.579577,-0.491801,0.491801,0.491995,0.998169,0.000000,0.996340,2.966100,92,92,-0.491801,0.165873,0.175073,1.055465,0.902174,0.000000,1.039403,0.528493,-0.510909,-49.154137,1.212397,0.724538,-0.487858,-40.239174,1.317859,0.848165,-0.469694,-35.640675,1.353485,0.891336,-0.462149,-34.145130,1.381986,0.925874,-0.456112,-33.004101,1999,Spring,lai,Leaf Area Index,Index
92,1.543955,1.122709,-0.421246,0.421246,0.421380,0.998125,0.000000,0.996253,7.008535,92,92,-0.421246,0.060124,0.069981,1.163942,1.000000,0.000000,1.561647,1.144956,-0.416690,-26.682745,1.593155,1.178776,-0.414379,-26.009960,1.611411,1.200045,-0.411366,-25.528286,1.618217,1.206216,-0.412002,-25.460220,1.622969,1.212132,-0.410837,-25.313910,1999,Summer,lai,Leaf Area Index,Index
91,1.091397,0.608371,-0.483026,0.483026,0.483904,0.999799,0.000000,0.999598,2.719560,91,91,-0.483027,0.177934,0.206803,1.162240,0.824176,0.000000,1.029400,0.541798,-0.487602,-47.367596,1.246184,0.789526,-0.456658,-36.644508,1.368852,0.927034,-0.441818,-32.276527,1.401409,0.964713,-0.436697,-31.161259,1.427456,0.994855,-0.432600,-30.305698,1999,Autumn,lai,Leaf Area Index,Index
91,276.823273,276.851593,0.028340,0.747543,0.892372,0.951474,0.000000,0.905304,0.343550,91,91,0.028320,2.597499,2.075716,0.799121,0.142857,0.312341,276.689606,276.668915,-0.020691,-0.007478,278.192047,277.725403,-0.466644,-0.167742,280.089294,279.212036,-0.877258,-0.313207,282.624329,281.702698,-0.921631,-0.326097,282.916687,282.164185,-0.752502,-0.265980,2000,Winter,t2m,2m Temperature,K
92,286.095734,285.270752,-0.825024,0.828542,0.939114,0.994528,0.000000,0.989085,0.257143,92,92,-0.824982,3.652111,3.396133,0.929910,0.141304,0.318630,285.190125,284.514038,-0.676086,-0.237065,289.330841,288.383484,-0.947357,-0.327430,291.279358,290.051880,-1.227478,-0.421409,291.933624,290.686340,-1.247284,-0.427249,292.767639,291.201996,-1.565643,-0.534773,2000,Spring,t2m,2m Temperature,K
92,295.014130,294.026886,-0.987254,0.987254,1.027156,0.984745,0.000000,0.969724,0.690731,92,92,-0.987244,1.487056,1.580251,1.062671,0.315217,0.000193,295.080994,294.278961,-0.802032,-0.271801,296.331940,295.457581,-0.874359,-0.295061,296.736572,295.755371,-0.981201,-0.330664,296.925598,295.917328,-1.008270,-0.339570,297.043732,296.213470,-0.830261,-0.279508,2000,Summer,t2m,2m Temperature,K
91,286.693634,286.734070,0.040442,0.632433,0.758615,0.997682,0.000000,0.995370,0.139871,91,91,0.040436,5.423673,4.749544,0.875706,0.120879,0.521725,287.497375,287.414917,-0.082458,-0.028681,291.236389,290.477448,-0.758942,-0.260593,293.843140,293.073975,-0.769165,-0.261760,294.177246,293.417786,-0.759460,-0.258164,294.454620,293.607727,-0.846893,-0.287614,2000,Autumn,t2m,2m Temperature,K
91,271.437836,272.338928,0.901088,0.938154,1.159510,0.963349,0.000000,0.928041,0.477475,91,91,0.901093,2.428419,2.010561,0.827930,0.230769,0.015457,271.384369,272.213745,0.829376,0.305609,272.813354,273.293274,0.479919,0.175915,274.584015,274.571045,-0.012970,-0.004723,276.161621,276.829346,0.667725,0.241788,277.214447,277.291840,0.077393,0.027918,2000,Winter,d2m,2m Dewpoint,K
92,278.772644,279.235443,0.462763,0.596967,0.709752,0.987576,0.000000,0.975307,0.218063,92,92,0.462799,3.254810,3.047023,0.936160,0.141304,0.318630,278.418518,278.924072,0.505554,0.181581,281.468781,281.899628,0.430847,0.153071,284.028870,283.852142,-0.176727,-0.062222,284.372253,284.228394,-0.143860,-0.050589,284.682220,284.561493,-0.120728,-0.042408,2000,Spring,d2m,2m Dewpoint,K
92,287.426605,287.276886,-0.149703,0.248455,0.304864,0.983831,0.000000,0.967924,0.213108,92,92,-0.149719,1.430564,1.337520,0.934960,0.130435,0.416118,287.621399,287.493256,-0.128143,-0.044553,288.437744,288.080536,-0.357208,-0.123842,289.126801,288.873138,-0.253662,-0.087734,289.385437,289.031738,-0.353699,-0.122224,289.596436,289.261993,-0.334442,-0.115486,2000,Summer,d2m,2m Dewpoint,K
91,280.537720,281.401184,0.863467,0.928977,1.107991,0.995512,0.000000,0.991044,0.243551,91,91,0.863464,4.549324,3.984185,0.875775,0.142857,0.312341,281.452637,282.270813,0.818176,0.290698,283.999756,284.302216,0.302460,0.106500,286.203674,286.476562,0.272888,0.095348,286.617035,286.843567,0.226532,0.079036,287.612366,287.324554,-0.287811,-0.100069,2000,Autumn,d2m,2m Dewpoint,K
91,958.756409,96941.140625,95982.406250,95982.406250,95982.742188,0.976368,0.000000,0.953295,30727.207031,91,91,95982.382812,3.123705,258.717285,82.823845,1.000000,0.000000,958.744385,96956.773438,95998.031250,10012.890625,961.103027,97147.281250,96186.179688,10007.894531,962.744629,97275.093750,96312.351562,10003.935547,963.903320,97317.546875,96353.640625,9996.193359,964.490051,97442.875000,96478.382812,10003.045898,2000,Winter,sp,Surface Pressure,hPa
92,955.454834,96671.898438,95716.437500,95716.437500,95716.773438,0.986110,0.000000,0.972413,32073.232422,92,92,95716.445312,2.984319,257.705109,86.353058,1.000000,0.000000,955.656372,96677.593750,95721.937500,10016.355469,957.196045,96838.070312,95880.875000,10016.848633,958.950806,96986.226562,96027.273438,10013.785156,960.461609,97059.414062,96098.953125,10005.496094,961.591858,97217.445312,96255.851562,10010.052734,2000,Spring,sp,Surface Pressure,hPa
92,956.412720,96722.882812,95766.453125,95766.453125,95766.562500,0.973613,0.000000,0.947922,59159.468750,92,92,95766.468750,1.618787,137.580460,84.989861,1.000000,0.000000,956.400635,96729.601562,95773.203125,10013.920898,957.484192,96811.070312,95853.585938,10010.984375,958.661072,96897.703125,95939.039062,10007.607422,959.118408,96952.617188,95993.500000,10008.513672,959.322571,96996.359375,96037.039062,10010.922852,2000,Summer,sp,Surface Pressure,hPa
91,956.488953,96716.789062,95760.304688,95760.304688,95760.617188,0.967544,0.000000,0.936141,34748.703125,91,91,95760.296875,2.755804,240.792908,87.376640,1.000000,0.000000,956.636780,96728.242188,95771.601562,10011.281250,958.453247,96893.593750,95935.140625,10009.371094,959.971191,97015.554688,96055.585938,10006.090820,960.937256,97098.640625,96137.703125,10004.576172,962.883179,97214.421875,96251.539062,9996.180664,2000,Autumn,sp,Surface Pressure,hPa
91,0.711030,0.413424,-0.297606,0.355417,0.434646,0.901919,0.000000,0.813458,0.640204,91,91,-0.297606,0.678918,0.492474,0.725380,0.274725,0.001979,0.682777,0.369244,-0.313533,-45.920204,1.205983,0.795795,-0.410188,-34.012760,1.609695,1.031046,-0.578649,-35.947746,1.760919,1.198501,-0.562418,-31.938883,1.989780,1.455020,-0.534760,-26.875324,2000,Winter,u10,10m U-Wind,m/s
92,0.553638,0.209717,-0.343921,0.398606,0.490882,0.878567,0.000000,0.771881,0.705710,92,92,-0.343921,0.695586,0.500169,0.719062,0.326087,0.000100,0.563594,0.194099,-0.369495,-65.560555,0.976781,0.446627,-0.530154,-54.275600,1.558654,0.840002,-0.718652,-46.107243,1.800393,1.171052,-0.629341,-34.955769,1.933645,1.447435,-0.486210,-25.144745,2000,Spring,u10,10m U-Wind,m/s
92,0.305991,-0.121464,-0.427455,0.430177,0.502317,0.843891,0.000000,0.712152,1.083878,92,92,-0.427455,0.463444,0.302891,0.653566,0.478261,0.000000,0.301011,-0.118516,-0.419527,-139.372772,0.639918,0.065375,-0.574542,-89.783783,0.900734,0.297763,-0.602971,-66.942162,1.068267,0.417502,-0.650765,-60.917824,1.266710,0.535210,-0.731500,-57.748043,2000,Summer,u10,10m U-Wind,m/s
91,0.280883,0.046916,-0.233967,0.337133,0.434913,0.868521,0.000000,0.754329,0.676748,91,91,-0.233967,0.642651,0.376646,0.586081,0.296703,0.000615,0.230724,0.039591,-0.191133,-82.840561,0.683808,0.294051,-0.389757,-56.998077,0.996330,0.452790,-0.543540,-54.554188,1.308175,0.602548,-0.705627,-53.939789,1.792099,0.914805,-0.877295,-48.953461,2000,Autumn,u10,10m U-Wind,m/s
91,-0.323717,-0.465602,-0.141885,0.426490,0.509388,0.826278,0.000000,0.682735,0.599482,91,91,-0.141885,0.849712,0.600729,0.706979,0.186813,0.083428,-0.352324,-0.566586,-0.214262,-60.814114,0.357581,-0.018942,-0.376523,-105.297356,0.751555,0.286496,-0.465059,-61.879539,0.997978,0.455749,-0.542229,-54.332729,1.300075,1.047118,-0.252957,-19.457111,2000,Winter,v10,10m V-Wind,m/s
92,0.002130,-0.395020,-0.397150,0.451634,0.539276,0.776097,0.000000,0.602326,0.932191,92,92,-0.397150,0.578504,0.450469,0.778678,0.315217,0.000193,-0.027342,-0.400242,-0.372901,-1363.852173,0.364676,-0.124195,-0.488871,-134.056412,0.856295,0.202590,-0.653705,-76.341141,0.959444,0.297108,-0.662336,-69.033310,1.135394,0.665886,-0.469508,-41.351959,2000,Spring,v10,10m V-Wind,m/s
92,0.443010,-0.196261,-0.639271,0.644003,0.708897,0.609408,0.000000,0.371378,1.836736,92,92,-0.639271,0.385955,0.250273,0.648453,0.717391,0.000000,0.441872,-0.196081,-0.637952,-144.375046,0.727889,-0.034559,-0.762448,-104.747826,0.941423,0.086710,-0.854712,-90.789429,1.030408,0.220331,-0.810077,-78.617149,1.226878,0.414534,-0.812344,-66.212318,2000,Summer,v10,10m V-Wind,m/s
91,-0.405899,-0.797244,-0.391345,0.475241,0.572902,0.797136,0.000000,0.635426,0.827839,91,91,-0.391345,0.692046,0.530171,0.766092,0.263736,0.003427,-0.392945,-0.734244,-0.341299,-86.856834,0.080426,-0.361293,-0.441719,-549.223145,0.599111,-0.187360,-0.786471,-131.272964,0.669770,0.021402,-0.648368,-96.804588,0.915106,0.199617,-0.715489,-78.186493,2000,Autumn,v10,10m V-Wind,m/s
91,0.830935,0.331276,-0.499659,0.499659,0.499791,0.636536,0.000000,0.405178,35.329876,91,91,-0.499659,0.014146,0.012621,0.892153,1.000000,0.000000,0.825907,0.326638,-0.499269,-60.450985,0.839086,0.339848,-0.499238,-59.497852,0.851313,0.351291,-0.500023,-58.735420,0.860962,0.355153,-0.505809,-58.749294,0.868680,0.360687,-0.507993,-58.478695,2000,Winter,lai,Leaf Area Index,Index
92,1.071447,0.579629,-0.491819,0.491819,0.492013,0.998174,0.000000,0.996352,2.967807,92,92,-0.491819,0.165783,0.175011,1.055658,0.902174,0.000000,1.039403,0.528488,-0.510915,-49.154652,1.212397,0.724549,-0.487848,-40.238312,1.317859,0.848166,-0.469693,-35.640598,1.353485,0.891337,-0.462148,-34.145035,1.381986,0.925875,-0.456111,-33.004032,2000,Spring,lai,Leaf Area Index,Index
92,1.543955,1.122748,-0.421207,0.421207,0.421341,0.998137,0.000000,0.996277,7.007889,92,92,-0.421207,0.060124,0.069995,1.164181,1.000000,0.000000,1.561647,1.145007,-0.416640,-26.679533,1.593155,1.178819,-0.414335,-26.007235,1.611411,1.200097,-0.411314,-25.525061,1.618217,1.206264,-0.411953,-25.457222,1.622969,1.212172,-0.410797,-25.311449,2000,Summer,lai,Leaf Area Index,Index
91,1.091397,0.608372,-0.483025,0.483025,0.483902,0.999799,0.000000,0.999598,2.719550,91,91,-0.483025,0.177934,0.206801,1.162230,0.824176,0.000000,1.029400,0.541798,-0.487602,-47.367596,1.246184,0.789526,-0.456658,-36.644508,1.368852,0.927034,-0.441818,-32.276527,1.401409,0.964713,-0.436697,-31.161259,1.427456,0.994855,-0.432600,-30.305698,2000,Autumn,lai,Leaf Area Index,Index
90,277.160645,277.589661,0.429002,0.682820,0.861734,0.964829,0.000000,0.930896,0.397005,90,90,0.429016,2.170588,1.611587,0.742465,0.233333,0.014634,276.819977,277.199036,0.379059,0.136933,278.373993,278.164856,-0.209137,-0.075128,280.279724,280.334045,0.054321,0.019381,281.643707,280.844940,-0.798767,-0.283609,282.399811,281.239716,-1.160095,-0.410799,2001,Winter,t2m,2m Temperature,K
92,285.373138,284.871246,-0.501915,0.713574,0.796819,0.996260,0.000000,0.992534,0.179799,92,92,-0.501892,4.431725,3.928972,0.886556,0.163043,0.173668,285.047791,284.245422,-0.802368,-0.281485,289.893188,288.680145,-1.213043,-0.418445,291.141815,290.164185,-0.977631,-0.335792,291.342651,290.497498,-0.845154,-0.290089,291.917480,291.307251,-0.610229,-0.209042,2001,Spring,t2m,2m Temperature,K
92,295.354218,294.379425,-0.974806,0.974806,1.016276,0.981505,0.000000,0.963352,0.677154,92,92,-0.974792,1.500804,1.477756,0.984643,0.445652,0.000000,295.655884,294.783569,-0.872314,-0.295044,296.085602,295.360565,-0.725037,-0.244874,296.935486,295.915283,-1.020203,-0.343577,297.237030,296.190643,-1.046387,-0.352038,298.151367,296.804352,-1.347015,-0.451789,2001,Summer,t2m,2m Temperature,K
91,288.003357,287.670135,-0.333249,0.409106,0.492841,0.995988,0.000000,0.991991,0.123270,91,91,-0.333221,3.998062,3.920223,0.980531,0.076923,0.952399,287.663788,287.427032,-0.236755,-0.082303,291.405670,291.513794,0.108124,0.037104,293.053375,292.560089,-0.493286,-0.168326,294.266846,293.670807,-0.596039,-0.202550,295.128540,294.211792,-0.916748,-0.310627,2001,Autumn,t2m,2m Temperature,K
90,272.322266,273.252167,0.929906,0.989904,1.188098,0.965586,0.000000,0.932357,0.500326,90,90,0.929901,2.374645,1.886209,0.794312,0.300000,0.000561,271.981964,272.818115,0.836151,0.307429,273.402924,273.883331,0.480408,0.175714,276.120026,276.321259,0.201233,0.072879,277.123260,277.182556,0.059296,0.021397,277.934174,277.639679,-0.294495,-0.105958,2001,Winter,d2m,2m Dewpoint,K
92,278.362885,278.924866,0.561975,0.600115,0.739052,0.991616,0.000000,0.983302,0.216401,92,92,0.561981,3.415201,3.197840,0.936355,0.130435,0.416118,278.948486,279.100281,0.151794,0.054417,281.172699,281.622101,0.449402,0.159831,282.774200,283.195343,0.421143,0.148932,283.682281,283.810760,0.128479,0.045290,284.401642,284.432892,0.031250,0.010988,2001,Spring,d2m,2m Dewpoint,K
92,287.799438,287.630951,-0.168479,0.262056,0.339861,0.984478,0.000000,0.969196,0.213122,92,92,-0.168488,1.594682,1.476190,0.925696,0.119565,0.528851,288.194000,288.081055,-0.112946,-0.039191,288.858002,288.647980,-0.210022,-0.072708,289.496857,289.285431,-0.211426,-0.073032,289.720215,289.518036,-0.202179,-0.069784,290.220825,289.627594,-0.593231,-0.204407,2001,Summer,d2m,2m Dewpoint,K
91,281.352661,282.124969,0.772291,0.799900,0.964886,0.987956,0.000000,0.976058,0.272207,91,91,0.772308,3.544681,3.318298,0.936135,0.153846,0.232523,281.466827,282.091644,0.624817,0.221986,284.706909,285.459564,0.752655,0.264361,286.137207,286.516235,0.379028,0.132464,287.027588,287.117737,0.090149,0.031408,287.326141,287.237335,-0.088806,-0.030908,2001,Autumn,d2m,2m Dewpoint,K
90,957.483582,96812.210938,95854.718750,95854.718750,95855.070312,0.962909,0.000000,0.927194,34009.621094,90,90,95854.726562,2.818469,256.258728,90.921242,1.000000,0.000000,957.835693,96853.234375,95895.398438,10011.675781,959.191467,96988.296875,96029.101562,10011.462891,960.899536,97105.484375,96144.585938,10005.685547,961.490112,97174.843750,96213.351562,10006.691406,964.253723,97364.742188,96400.492188,9997.419922,2001,Winter,sp,Surface Pressure,hPa
92,955.826172,96704.437500,95748.609375,95748.609375,95748.835938,0.961239,0.000000,0.923980,36804.421875,92,92,95748.609375,2.601558,215.141800,82.697289,1.000000,0.000000,955.912231,96735.531250,95779.617188,10019.708984,958.088745,96871.015625,95912.929688,10010.860352,959.125671,96952.265625,95993.140625,10008.400391,959.822571,97027.203125,96067.382812,10008.868164,960.167786,97072.070312,96111.906250,10009.908203,2001,Spring,sp,Surface Pressure,hPa
92,956.380371,96707.304688,95750.914062,95750.914062,95751.093750,0.973579,0.000000,0.947857,42987.851562,92,92,95750.921875,2.227399,185.240189,83.164352,1.000000,0.000000,956.524109,96715.421875,95758.898438,10011.132812,957.887085,96833.531250,95875.640625,10009.075195,959.233337,96942.406250,95983.171875,10006.238281,960.099121,97005.703125,96045.601562,10003.716797,960.803223,97090.703125,96129.898438,10005.160156,2001,Summer,sp,Surface Pressure,hPa
91,956.960266,96741.898438,95784.937500,95784.937500,95785.203125,0.965941,0.000000,0.933042,33809.492188,91,91,95784.937500,2.833086,233.776840,82.516678,1.000000,0.000000,956.992126,96727.210938,95770.218750,10007.419922,958.479004,96881.820312,95923.343750,10007.871094,960.802124,97033.320312,96072.515625,9999.199219,961.207031,97120.421875,96159.218750,10004.006836,963.691345,97284.296875,96320.609375,9994.964844,2001,Autumn,sp,Surface Pressure,hPa
90,0.793793,0.385172,-0.408621,0.436591,0.525948,0.899909,0.000000,0.809836,0.716996,90,90,-0.408621,0.733544,0.574536,0.783233,0.300000,0.000561,0.791276,0.327388,-0.463888,-58.625313,1.277358,0.756259,-0.521099,-40.795074,1.708622,1.141747,-0.566875,-33.177326,2.059718,1.350420,-0.709298,-34.436661,2.442227,1.575948,-0.866279,-35.470848,2001,Winter,u10,10m U-Wind,m/s
92,0.518821,0.206811,-0.312010,0.386447,0.453632,0.865467,0.000000,0.749034,0.704149,92,92,-0.312010,0.644227,0.492186,0.763994,0.271739,0.002137,0.544825,0.130055,-0.414770,-76.129044,0.927559,0.586115,-0.341444,-36.811001,1.279097,0.828985,-0.450111,-35.189774,1.615164,1.039485,-0.575679,-35.642136,2.104338,1.408597,-0.695742,-33.062252,2001,Spring,u10,10m U-Wind,m/s
92,0.333106,-0.084712,-0.417818,0.430098,0.483243,0.819237,0.000000,0.671150,1.158016,92,92,-0.417818,0.417302,0.300814,0.720855,0.510870,0.000000,0.311298,-0.086659,-0.397957,-127.837952,0.616435,0.082622,-0.533813,-86.596848,0.911578,0.326899,-0.584678,-64.139183,0.998857,0.424826,-0.574031,-57.468750,1.214353,0.645619,-0.568735,-46.834373,2001,Summer,u10,10m U-Wind,m/s
91,0.065974,-0.116491,-0.182464,0.337370,0.417912,0.815219,0.000000,0.664581,0.651952,91,91,-0.182464,0.641017,0.463132,0.722495,0.208791,0.037590,0.023503,-0.069893,-0.093396,-397.374878,0.491260,0.209051,-0.282209,-57.445969,0.889525,0.508091,-0.381434,-42.880611,1.115694,0.644030,-0.471664,-42.275379,1.517022,0.871937,-0.645086,-42.523148,2001,Autumn,u10,10m U-Wind,m/s
90,-0.305588,-0.546666,-0.241079,0.513947,0.630575,0.401716,0.000087,0.161376,1.083393,90,90,-0.241079,0.582038,0.469202,0.806136,0.255556,0.005425,-0.376119,-0.516078,-0.139959,-37.211330,0.164871,-0.297534,-0.462404,-280.464874,0.502485,0.016660,-0.485825,-96.684433,0.673241,0.293942,-0.379300,-56.339336,0.845180,0.573638,-0.271542,-32.128288,2001,Winter,v10,10m V-Wind,m/s
92,-0.149043,-0.620944,-0.471901,0.566184,0.672445,0.700593,0.000000,0.490831,1.002362,92,92,-0.471901,0.670860,0.451610,0.673181,0.445652,0.000000,-0.108477,-0.605349,-0.496872,-458.042450,0.233956,-0.306610,-0.540567,-231.054535,0.618888,-0.093594,-0.712482,-115.123009,0.974413,0.086498,-0.887914,-91.123039,1.081650,0.342269,-0.739382,-68.356819,2001,Spring,v10,10m V-Wind,m/s
92,0.517829,-0.031274,-0.549103,0.553186,0.609737,0.709491,0.000000,0.503377,1.664114,92,92,-0.549103,0.366404,0.319901,0.873083,0.608696,0.000000,0.526022,-0.045522,-0.571544,-108.654022,0.848582,0.124727,-0.723855,-85.301689,0.981423,0.345911,-0.635512,-64.754166,1.055829,0.575475,-0.480354,-45.495411,1.152681,0.812438,-0.340243,-29.517496,2001,Summer,v10,10m V-Wind,m/s
91,-0.171399,-0.537314,-0.365914,0.479857,0.581656,0.731045,0.000000,0.534427,0.878040,91,91,-0.365914,0.662449,0.495227,0.747571,0.318681,0.000174,-0.144588,-0.520564,-0.375975,-260.031158,0.352961,-0.185245,-0.538207,-152.483215,0.662968,0.055245,-0.607723,-91.667084,0.803835,0.229333,-0.574501,-71.470078,0.960735,0.370458,-0.590276,-61.440105,2001,Autumn,v10,10m V-Wind,m/s
90,0.830802,0.330975,-0.499827,0.499827,0.499958,0.632473,0.000000,0.400022,35.362171,90,90,-0.499827,0.014138,0.012372,0.875042,1.000000,0.000000,0.825802,0.326575,-0.499228,-60.453659,0.838845,0.339480,-0.499364,-59.530010,0.851528,0.350200,-0.501328,-58.873886,0.861069,0.354212,-0.506858,-58.863754,0.868702,0.359863,-0.508839,-58.574627,2001,Winter,lai,Leaf Area Index,Index
92,1.071378,0.579589,-0.491789,0.491789,0.491983,0.998167,0.000000,0.996336,2.966026,92,92,-0.491789,0.165873,0.175065,1.055420,0.902174,0.000000,1.039403,0.528494,-0.510908,-49.154041,1.212397,0.724552,-0.487844,-40.238014,1.317859,0.848166,-0.469693,-35.640587,1.353485,0.891337,-0.462148,-34.145035,1.381986,0.925874,-0.456112,-33.004086,2001,Spring,lai,Leaf Area Index,Index
92,1.543955,1.122712,-0.421242,0.421242,0.421376,0.998125,0.000000,0.996254,7.008479,92,92,-0.421242,0.060124,0.069982,1.163963,1.000000,0.000000,1.561647,1.144964,-0.416682,-26.682236,1.593155,1.178776,-0.414379,-26.009960,1.611411,1.200044,-0.411367,-25.528366,1.618217,1.206216,-0.412002,-25.460220,1.622969,1.212128,-0.410841,-25.314173,2001,Summer,lai,Leaf Area Index,Index
91,1.091397,0.608369,-0.483028,0.483028,0.483905,0.999799,0.000000,0.999598,2.719568,91,91,-0.483028,0.177934,0.206804,1.162248,0.824176,0.000000,1.029400,0.541798,-0.487602,-47.367596,1.246184,0.789526,-0.456658,-36.644508,1.368852,0.927034,-0.441818,-32.276527,1.401409,0.964713,-0.436697,-31.161259,1.427456,0.994855,-0.432600,-30.305698,2001,Autumn,lai,Leaf Area Index,Index
90,277.818634,277.703949,-0.114665,0.590421,0.753895,0.906420,0.000000,0.821597,0.429035,90,90,-0.114685,1.757189,1.526783,0.868878,0.144444,0.306035,277.944092,277.579559,-0.364532,-0.131153,279.288940,279.000427,-0.288513,-0.103303,280.234985,279.940918,-0.294067,-0.104936,280.635712,280.294830,-0.340881,-0.121468,281.061157,280.570984,-0.490173,-0.174401,2002,Winter,t2m,2m Temperature,K
92,284.584015,283.733704,-0.850269,0.906363,1.027020,0.993321,0.000000,0.986687,0.224655,92,92,-0.850311,4.571545,4.309524,0.942684,0.228261,0.016306,285.683594,284.982849,-0.700745,-0.245287,288.072876,286.968109,-1.104767,-0.383503,288.857635,287.768555,-1.089081,-0.377030,290.804962,289.901672,-0.903290,-0.310617,293.916199,292.067474,-1.848724,-0.628997,2002,Spring,t2m,2m Temperature,K
92,295.453156,294.349152,-1.104056,1.104056,1.162970,0.968826,0.000000,0.938623,0.813119,92,92,-1.104004,1.430258,1.475135,1.031377,0.500000,0.000000,295.791718,294.838684,-0.953033,-0.322197,296.558044,295.338043,-1.220001,-0.411387,296.915680,295.644440,-1.271240,-0.428149,297.015594,295.816803,-1.198792,-0.403612,297.172974,295.951569,-1.221405,-0.411008,2002,Summer,t2m,2m Temperature,K
91,287.010376,286.922150,-0.088199,0.527404,0.634360,0.996951,0.000000,0.993912,0.122007,91,91,-0.088226,5.199391,4.703913,0.904705,0.087912,0.876095,285.826294,286.036713,0.210419,0.073618,291.254059,290.671631,-0.582428,-0.199972,294.471039,293.483215,-0.987823,-0.335457,294.883972,293.893250,-0.990723,-0.335970,295.757050,294.934143,-0.822906,-0.278237,2002,Autumn,t2m,2m Temperature,K
90,272.214111,273.070709,0.856612,0.942064,1.087820,0.930011,0.000000,0.864920,0.599826,90,90,0.856598,1.813560,1.759369,0.970119,0.266667,0.003188,272.307556,272.880096,0.572540,0.210255,273.229919,274.264679,1.034760,0.378714,274.632019,275.257782,0.625763,0.227855,275.411041,276.191284,0.780243,0.283301,276.258026,276.769196,0.511169,0.185033,2002,Winter,d2m,2m Dewpoint,K
92,277.142731,277.523102,0.380378,0.597417,0.698831,0.990700,0.000000,0.981487,0.163528,92,92,0.380371,4.273461,4.159001,0.973216,0.119565,0.528851,278.184753,278.317200,0.132446,0.047611,279.843658,280.256622,0.412964,0.147569,281.917297,281.329803,-0.587494,-0.208392,282.932037,283.552216,0.620178,0.219197,285.435120,285.461761,0.026642,0.009334,2002,Spring,d2m,2m Dewpoint,K
92,287.646515,287.531860,-0.114648,0.303209,0.365694,0.978471,0.000000,0.957406,0.236032,92,92,-0.114655,1.549341,1.380548,0.891055,0.119565,0.528851,288.073853,287.893250,-0.180603,-0.062693,288.623535,288.446289,-0.177246,-0.061411,289.499115,288.963776,-0.535339,-0.184919,289.715973,289.237793,-0.478180,-0.165051,289.936310,289.380188,-0.556122,-0.191808,2002,Summer,d2m,2m Dewpoint,K
91,280.967621,281.703339,0.735742,0.780121,0.932923,0.997713,0.000000,0.995432,0.197739,91,91,0.735718,4.717965,4.230366,0.896650,0.142857,0.312341,280.024536,280.957642,0.933105,0.333223,284.824341,285.019043,0.194702,0.068359,287.571716,287.503021,-0.068695,-0.023888,288.117004,288.156006,0.039001,0.013537,288.689545,288.394135,-0.295410,-0.102328,2002,Autumn,d2m,2m Dewpoint,K
90,956.940369,96774.187500,95817.242188,95817.242188,95817.640625,0.949931,0.000000,0.902368,32039.166016,90,90,95817.250000,2.990641,279.259613,93.377846,1.000000,0.000000,956.577271,96791.851562,95835.273438,10018.560547,958.719604,96941.656250,95982.937500,10011.576172,960.980042,97145.031250,96184.054688,10008.954102,961.346558,97225.289062,96263.945312,10013.449219,963.332031,97355.093750,96391.765625,10006.080078,2002,Winter,sp,Surface Pressure,hPa
92,956.827942,96798.359375,95841.507812,95841.507812,95841.812500,0.963148,0.000000,0.927653,36711.574219,92,92,95841.531250,2.610670,240.134674,91.982002,1.000000,0.000000,956.664978,96799.000000,95842.335938,10018.380859,958.831543,96973.593750,96014.765625,10013.726562,960.216919,97114.031250,96153.812500,10013.758789,960.921326,97145.085938,96184.164062,10009.577148,961.369812,97201.156250,96239.789062,10010.694336,2002,Spring,sp,Surface Pressure,hPa
92,956.470947,96719.898438,95763.453125,95763.453125,95763.609375,0.977382,0.000000,0.955276,46590.132812,92,92,95763.429688,2.055448,179.395142,87.277870,1.000000,0.000000,956.391724,96718.140625,95761.750000,10012.816406,957.774841,96843.757812,95885.984375,10011.328125,959.286682,96970.164062,96010.875000,10008.570312,959.698181,97014.742188,96055.046875,10008.880859,960.611206,97052.937500,96092.328125,10003.249023,2002,Summer,sp,Surface Pressure,hPa
91,956.221558,96683.601562,95727.406250,95727.406250,95727.695312,0.975112,0.000000,0.950843,36543.890625,91,91,95727.382812,2.619527,246.334915,94.037949,1.000000,0.000000,956.144165,96704.492188,95748.351562,10014.007812,957.670410,96825.015625,95867.343750,10010.473633,959.674744,96991.242188,96031.570312,10006.678711,960.849915,97113.187500,96152.335938,10007.008789,961.427002,97188.343750,96226.914062,10008.758789,2002,Autumn,sp,Surface Pressure,hPa
90,1.067485,0.594069,-0.473416,0.508634,0.590509,0.884676,0.000000,0.782652,0.784022,90,90,-0.473416,0.753179,0.630522,0.837148,0.300000,0.000561,1.074871,0.594195,-0.480675,-44.719364,1.560984,1.002542,-0.558441,-35.774956,2.141078,1.434142,-0.706936,-33.017757,2.347569,1.657188,-0.690380,-29.408321,2.737076,2.169340,-0.567736,-20.742426,2002,Winter,u10,10m U-Wind,m/s
92,0.315607,-0.065017,-0.380624,0.437145,0.509563,0.857590,0.000000,0.735461,0.776667,92,92,-0.380624,0.656090,0.532516,0.811652,0.315217,0.000193,0.338821,-0.186918,-0.525739,-155.167053,0.769627,0.259751,-0.509876,-66.249733,1.181562,0.621238,-0.560324,-47.422329,1.395034,0.793262,-0.601772,-43.136711,1.883659,1.292341,-0.591319,-31.392027,2002,Spring,u10,10m U-Wind,m/s
92,0.257726,-0.147006,-0.404732,0.427875,0.500173,0.892209,0.000000,0.796037,0.829939,92,92,-0.404732,0.602662,0.426861,0.708292,0.413043,0.000000,0.357827,-0.125554,-0.483381,-135.088089,0.625668,0.142466,-0.483202,-77.229820,0.942045,0.362188,-0.579857,-61.553001,1.129799,0.476588,-0.653212,-57.816616,1.387821,0.773068,-0.614753,-44.296295,2002,Summer,u10,10m U-Wind,m/s
91,0.323005,0.015662,-0.307343,0.353954,0.431155,0.908952,0.000000,0.826194,0.640626,91,91,-0.307343,0.673021,0.499014,0.741454,0.263736,0.003427,0.251200,-0.003068,-0.254267,-101.221260,0.740515,0.282832,-0.457683,-61.806015,1.117089,0.709490,-0.407599,-36.487579,1.501982,0.917953,-0.584029,-38.883907,2.150446,1.170241,-0.980205,-45.581474,2002,Autumn,u10,10m U-Wind,m/s
90,-0.300673,-0.495895,-0.195222,0.446283,0.528844,0.689560,0.000000,0.475493,0.825585,90,90,-0.195222,0.640568,0.604018,0.942941,0.211111,0.035951,-0.290821,-0.506309,-0.215489,-74.096848,0.176690,-0.056725,-0.233414,-132.104202,0.507610,0.227762,-0.279847,-55.130421,0.660388,0.471595,-0.188793,-28.588182,0.969760,0.914456,-0.055303,-5.702787,2002,Winter,v10,10m V-Wind,m/s
92,0.066902,-0.606526,-0.673428,0.704711,0.796074,0.729790,0.000000,0.532593,1.321411,92,92,-0.673428,0.602442,0.542562,0.900603,0.489130,0.000000,0.002213,-0.659192,-0.661405,-29888.404297,0.416117,-0.273789,-0.689906,-165.796204,0.839891,0.175298,-0.664593,-79.128494,1.012149,0.337045,-0.675105,-66.700096,1.755998,0.730615,-1.025382,-58.393143,2002,Spring,v10,10m V-Wind,m/s
92,0.396486,-0.201687,-0.598173,0.600093,0.692064,0.723273,0.000000,0.523125,1.390271,92,92,-0.598173,0.497790,0.414571,0.832822,0.510870,0.000000,0.387041,-0.162021,-0.549062,-141.861435,0.746102,0.055829,-0.690274,-92.517288,1.074199,0.256448,-0.817751,-76.126564,1.210082,0.347514,-0.862568,-71.281784,1.370201,0.816998,-0.553203,-40.373844,2002,Summer,v10,10m V-Wind,m/s
91,-0.286239,-0.574668,-0.288429,0.436032,0.530618,0.792036,0.000000,0.627321,0.727880,91,91,-0.288429,0.728992,0.559720,0.767800,0.252747,0.005795,-0.310370,-0.601858,-0.291487,-93.916016,0.164635,-0.201176,-0.365811,-222.195435,0.532324,0.173473,-0.358850,-67.412056,0.770126,0.350891,-0.419234,-54.437130,1.563578,0.791714,-0.771864,-49.365215,2002,Autumn,v10,10m V-Wind,m/s
90,0.830802,0.330989,-0.499813,0.499813,0.499944,0.633685,0.000000,0.401557,35.361179,90,90,-0.499813,0.014138,0.012381,0.875676,1.000000,0.000000,0.825802,0.326584,-0.499218,-60.452503,0.838845,0.339497,-0.499348,-59.528038,0.851528,0.350223,-0.501305,-58.871185,0.861069,0.354231,-0.506838,-58.861439,0.868702,0.359847,-0.508855,-58.576508,2002,Winter,lai,Leaf Area Index,Index
92,1.071378,0.579587,-0.491791,0.491791,0.491986,0.998166,0.000000,0.996335,2.966043,92,92,-0.491791,0.165873,0.175074,1.055470,0.902174,0.000000,1.039403,0.528487,-0.510916,-49.154736,1.212397,0.724554,-0.487843,-40.237858,1.317859,0.848182,-0.469677,-35.639378,1.353485,0.891352,-0.462133,-34.143909,1.381986,0.925889,-0.456096,-33.002975,2002,Spring,lai,Leaf Area Index,Index
92,1.543955,1.122733,-0.421222,0.421222,0.421356,0.998136,0.000000,0.996276,7.008144,92,92,-0.421222,0.060124,0.069981,1.163955,1.000000,0.000000,1.561647,1.144995,-0.416651,-26.680265,1.593155,1.178779,-0.414375,-26.009735,1.611411,1.200071,-0.411339,-25.526667,1.618217,1.206232,-0.411985,-25.459211,1.622969,1.212145,-0.410824,-25.313122,2002,Summer,lai,Leaf Area Index,Index
91,1.091397,0.608379,-0.483018,0.483018,0.483894,0.999800,0.000000,0.999600,2.719507,91,91,-0.483018,0.177934,0.206793,1.162189,0.824176,0.000000,1.029400,0.541798,-0.487602,-47.367596,1.246184,0.789526,-0.456658,-36.644508,1.368852,0.927034,-0.441818,-32.276527,1.401409,0.964713,-0.436697,-31.161259,1.427456,0.994855,-0.432600,-30.305698,2002,Autumn,lai,Leaf Area Index,Index
90,276.789703,277.019409,0.229701,0.500945,0.605766,0.967464,0.000000,0.935986,0.278819,90,90,0.229706,2.172611,1.992236,0.916978,0.100000,0.762125,277.251984,277.246033,-0.005951,-0.002146,278.521362,278.752747,0.231384,0.083076,279.132538,279.370880,0.238342,0.085387,279.761200,279.606995,-0.154205,-0.055120,280.643677,279.942932,-0.700745,-0.249692,2003,Winter,t2m,2m Temperature,K
92,285.210205,284.543060,-0.667170,0.694469,0.810694,0.994564,0.000000,0.989158,0.184885,92,92,-0.667145,4.384849,4.300545,0.980774,0.108696,0.651538,285.619690,285.015717,-0.603973,-0.211461,288.440460,287.746704,-0.693756,-0.240520,290.420959,289.798279,-0.622681,-0.214406,291.579803,290.997101,-0.582703,-0.199843,292.813232,291.931427,-0.881805,-0.301149,2003,Spring,t2m,2m Temperature,K
92,295.421021,294.509552,-0.911457,0.911457,0.952068,0.986744,0.000000,0.973663,0.562034,92,92,-0.911469,1.693968,1.661276,0.980701,0.434783,0.000000,296.191895,294.908386,-1.283508,-0.433337,296.768036,295.894989,-0.873047,-0.294185,296.982483,296.181091,-0.801392,-0.269845,297.216492,296.323242,-0.893250,-0.300538,297.320831,296.524231,-0.796600,-0.267926,2003,Summer,t2m,2m Temperature,K
91,287.584320,287.442749,-0.141541,0.383331,0.447902,0.996463,0.000000,0.992939,0.095682,91,91,-0.141571,4.681135,4.503805,0.962118,0.076923,0.952399,288.297791,288.559082,0.261292,0.090633,291.618286,291.385468,-0.232819,-0.079837,293.321503,293.033234,-0.288269,-0.098278,294.423279,293.779053,-0.644226,-0.218809,294.558624,294.049805,-0.508820,-0.172740,2003,Autumn,t2m,2m Temperature,K
90,271.409393,272.486816,1.077427,1.118850,1.236903,0.966287,0.000000,0.933711,0.531667,90,90,1.077423,2.326459,2.146569,0.922676,0.255556,0.005425,271.677979,272.593781,0.915802,0.337091,273.236267,274.410278,1.174011,0.429669,274.228760,275.181213,0.952454,0.347321,274.464020,275.460632,0.996613,0.363112,275.663116,275.830322,0.167206,0.060656,2003,Winter,d2m,2m Dewpoint,K
92,278.260468,278.707458,0.446987,0.565338,0.666830,0.991862,0.000000,0.983791,0.174868,92,92,0.446991,3.813325,3.878034,1.016969,0.086957,0.880159,278.460266,278.808502,0.348236,0.125058,281.085358,281.868103,0.782745,0.278472,282.866913,283.141418,0.274506,0.097044,284.252747,284.563080,0.310333,0.109175,284.773804,285.360260,0.586456,0.205938,2003,Spring,d2m,2m Dewpoint,K
92,287.820648,287.692200,-0.128450,0.248458,0.301378,0.989063,0.000000,0.978247,0.187895,92,92,-0.128448,1.603966,1.450909,0.904576,0.108696,0.651538,288.072021,287.887177,-0.184845,-0.064166,289.095154,288.925171,-0.169983,-0.058798,289.654144,289.317352,-0.336792,-0.116274,289.719177,289.481995,-0.237183,-0.081866,290.115479,289.665222,-0.450256,-0.155199,2003,Summer,d2m,2m Dewpoint,K
91,281.112915,282.069672,0.956763,0.965966,1.104467,0.992196,0.000000,0.984452,0.256866,91,91,0.956757,4.299779,4.135825,0.961869,0.142857,0.312341,280.680786,282.454132,1.773346,0.631802,284.765686,285.628662,0.862976,0.303048,287.176178,287.408356,0.232178,0.080849,287.481903,287.772644,0.290741,0.101134,287.715790,287.914520,0.198730,0.069072,2003,Autumn,d2m,2m Dewpoint,K
90,957.187317,96785.859375,95828.679688,95828.679688,95828.945312,0.961505,0.000000,0.924493,33158.816406,90,90,95828.671875,2.889999,233.127991,80.667152,1.000000,0.000000,957.249207,96782.765625,95825.515625,10010.508789,959.322327,96933.937500,95974.617188,10004.418945,961.305237,97121.445312,96160.140625,10003.081055,961.752014,97180.804688,96219.054688,10004.559570,962.518982,97229.234375,96266.718750,10001.540039,2003,Winter,sp,Surface Pressure,hPa
92,954.781311,96601.859375,95647.078125,95647.078125,95647.343750,0.961560,0.000000,0.924598,35883.292969,92,92,95647.078125,2.665512,234.109756,87.829193,1.000000,0.000000,954.375000,96575.351562,95620.976562,10019.225586,956.227539,96730.976562,95774.750000,10015.895508,958.874695,96933.968750,95975.093750,10009.137695,960.125061,97052.398438,96092.273438,10008.307617,961.217224,97168.046875,96206.828125,10008.854492,2003,Spring,sp,Surface Pressure,hPa
92,956.200806,96692.296875,95736.109375,95736.109375,95736.265625,0.979498,0.000000,0.959417,45910.867188,92,92,95736.093750,2.085264,184.264099,88.364891,1.000000,0.000000,956.618042,96727.039062,95770.421875,10011.354492,957.414429,96811.046875,95853.632812,10011.717773,958.525085,96912.257812,95953.734375,10010.560547,959.325317,96954.937500,95995.609375,10006.575195,960.885559,97070.140625,96109.257812,10002.154297,2003,Summer,sp,Surface Pressure,hPa
91,956.112549,96671.156250,95715.046875,95715.046875,95715.320312,0.959955,0.000000,0.921513,36836.925781,91,91,95715.046875,2.598353,228.227509,87.835464,1.000000,0.000000,956.096497,96632.320312,95676.226562,10006.963867,957.573120,96826.148438,95868.578125,10011.620117,959.698975,96963.195312,96003.500000,10003.500977,960.439331,97053.531250,96093.093750,10005.118164,962.776917,97251.671875,96288.898438,10001.164062,2003,Autumn,sp,Surface Pressure,hPa
90,1.015981,0.653669,-0.362311,0.421992,0.534773,0.866245,0.000000,0.750381,0.703115,90,90,-0.362311,0.760578,0.557292,0.732722,0.288889,0.001025,0.984840,0.552473,-0.432366,-43.902203,1.472502,0.991671,-0.480830,-32.653973,2.038036,1.437743,-0.600293,-29.454475,2.515032,1.626355,-0.888677,-35.334618,3.015244,1.939776,-1.075468,-35.667698,2003,Winter,u10,10m U-Wind,m/s
92,0.344895,0.146860,-0.198035,0.312243,0.386268,0.870307,0.000000,0.757434,0.577699,92,92,-0.198035,0.668631,0.542654,0.811589,0.163043,0.173668,0.343446,0.105979,-0.237467,-69.142334,0.789870,0.549500,-0.240370,-30.431580,1.345805,0.815900,-0.529905,-39.374577,1.438293,0.948698,-0.489595,-34.040020,1.571489,1.341834,-0.229654,-14.613814,2003,Spring,u10,10m U-Wind,m/s
92,0.325316,-0.139046,-0.464362,0.473006,0.518781,0.869821,0.000000,0.756588,1.144525,92,92,-0.464362,0.453272,0.335174,0.739454,0.521739,0.000000,0.361266,-0.142910,-0.504176,-139.558182,0.618142,0.105276,-0.512865,-82.968925,0.954746,0.241412,-0.713334,-74.714508,1.072996,0.402722,-0.670275,-62.467575,1.300213,0.724036,-0.576178,-44.314087,2003,Summer,u10,10m U-Wind,m/s
91,0.269252,0.005797,-0.263455,0.342462,0.416392,0.888484,0.000000,0.789404,0.597628,91,91,-0.263455,0.696741,0.577326,0.828609,0.186813,0.083428,0.179728,-0.080450,-0.260178,-144.761902,0.696434,0.435394,-0.261040,-37.482384,1.299837,0.892717,-0.407120,-31.320847,1.700247,1.104142,-0.596105,-35.059891,1.986812,1.278949,-0.707863,-35.628090,2003,Autumn,u10,10m U-Wind,m/s
90,-0.446932,-0.479562,-0.032630,0.399367,0.476283,0.696474,0.000000,0.485076,0.734302,90,90,-0.032630,0.648621,0.547394,0.843935,0.100000,0.762125,-0.378334,-0.454782,-0.076448,-20.206476,-0.027616,-0.103539,-0.075923,-274.926239,0.319347,0.148635,-0.170712,-53.456558,0.488597,0.225511,-0.263086,-53.845268,0.970457,0.753641,-0.216816,-22.341661,2003,Winter,v10,10m V-Wind,m/s
92,0.046659,-0.392157,-0.438816,0.481658,0.594556,0.771847,0.000000,0.595748,0.952522,92,92,-0.438816,0.624191,0.540387,0.865740,0.391304,0.000001,0.027721,-0.402284,-0.430005,-1551.176636,0.500092,-0.123461,-0.623553,-124.687637,0.880774,0.214952,-0.665822,-75.595139,1.114983,0.567081,-0.547902,-49.139915,1.312017,1.036540,-0.275478,-20.996496,2003,Spring,v10,10m V-Wind,m/s
92,0.520382,-0.052360,-0.572742,0.574525,0.639123,0.745935,0.000000,0.556420,1.505666,92,92,-0.572742,0.424478,0.339411,0.799597,0.565217,0.000000,0.593396,-0.041687,-0.635083,-107.025177,0.861028,0.181851,-0.679176,-78.879730,1.022423,0.400180,-0.622242,-60.859615,1.091985,0.459725,-0.632260,-57.900085,1.265325,0.689034,-0.576291,-45.544888,2003,Summer,v10,10m V-Wind,m/s
91,-0.205922,-0.618246,-0.412324,0.486858,0.594786,0.679307,0.000000,0.461458,1.035688,91,91,-0.412324,0.574290,0.468496,0.815782,0.340659,0.000044,-0.093418,-0.662697,-0.569279,-609.390991,0.182992,-0.221583,-0.404575,-221.088623,0.517186,-0.000708,-0.517894,-100.136848,0.665614,0.093297,-0.572317,-85.983330,0.839840,0.206658,-0.633182,-75.393196,2003,Autumn,v10,10m V-Wind,m/s
90,0.830802,0.331016,-0.499786,0.499786,0.499918,0.631417,0.000000,0.398688,35.359341,90,90,-0.499786,0.014138,0.012392,0.876474,1.000000,0.000000,0.825802,0.326602,-0.499201,-60.450378,0.838845,0.339567,-0.499278,-59.519730,0.851528,0.350300,-0.501228,-58.862213,0.861069,0.354269,-0.506800,-58.857037,0.868702,0.359951,-0.508750,-58.564449,2003,Winter,lai,Leaf Area Index,Index
92,1.071378,0.579634,-0.491744,0.491744,0.491938,0.998162,0.000000,0.996328,2.965754,92,92,-0.491744,0.165873,0.175030,1.055207,0.902174,0.000000,1.039403,0.528522,-0.510881,-49.151382,1.212397,0.724559,-0.487838,-40.237473,1.317859,0.848171,-0.469688,-35.640205,1.353485,0.891339,-0.462146,-34.144894,1.381986,0.925875,-0.456110,-33.003979,2003,Spring,lai,Leaf Area Index,Index
92,1.543955,1.122734,-0.421221,0.421221,0.421355,0.998138,0.000000,0.996279,7.008119,92,92,-0.421221,0.060124,0.069984,1.164002,1.000000,0.000000,1.561647,1.144989,-0.416657,-26.680647,1.593155,1.178776,-0.414379,-26.009960,1.611411,1.200081,-0.411329,-25.526037,1.618217,1.206243,-0.411974,-25.458532,1.622969,1.212155,-0.410814,-25.312513,2003,Summer,lai,Leaf Area Index,Index
91,1.091397,0.608374,-0.483023,0.483023,0.483900,0.999799,0.000000,0.999599,2.719539,91,91,-0.483023,0.177934,0.206799,1.162219,0.824176,0.000000,1.029400,0.541798,-0.487602,-47.367596,1.246184,0.789526,-0.456658,-36.644508,1.368852,0.927034,-0.441818,-32.276527,1.401409,0.964713,-0.436697,-31.161259,1.427456,0.994855,-0.432600,-30.305698,2003,Autumn,lai,Leaf Area Index,Index
81,276.375122,276.429382,0.223380,0.624238,0.747667,0.970802,0.000000,0.942457,0.286912,91,81,0.054260,2.577780,2.185812,0.847944,0.106227,0.666070,276.086212,276.070801,-0.015411,-0.005582,278.646851,278.169434,-0.477417,-0.171334,279.915588,279.532318,-0.383270,-0.136924,280.179993,279.595551,-0.584442,-0.208595,281.625427,280.318451,-1.306976,-0.464083,2004,Winter,t2m,2m Temperature,K
92,285.846497,284.974365,-0.872099,0.888348,0.997701,0.992998,0.000000,0.986045,0.289784,92,92,-0.872131,3.442917,3.155314,0.916465,0.152174,0.238009,285.956299,284.441467,-1.514832,-0.529742,288.798370,287.722382,-1.075989,-0.372574,290.689453,289.429199,-1.260254,-0.433540,291.071960,289.956818,-1.115143,-0.383116,291.446777,290.217438,-1.229340,-0.421806,2004,Spring,t2m,2m Temperature,K
92,294.480408,293.673859,-0.806555,0.806747,0.890229,0.958965,0.000000,0.919613,0.707672,92,92,-0.806549,1.257969,1.327869,1.055566,0.250000,0.006182,294.380066,293.938599,-0.441467,-0.149965,295.140839,294.603760,-0.537079,-0.181974,296.526093,295.542755,-0.983337,-0.331619,296.746552,295.718903,-1.027649,-0.346305,296.885681,295.951172,-0.934509,-0.314771,2004,Summer,t2m,2m Temperature,K
73,287.728088,288.421936,-0.365447,0.454703,0.555839,0.997327,0.000000,0.994662,0.131941,91,73,0.693848,4.424159,3.917501,0.885479,0.149481,0.288007,287.179993,289.293396,2.113403,0.735916,291.891174,291.786194,-0.104980,-0.035966,293.632050,292.784698,-0.847351,-0.288576,293.818237,293.075165,-0.743073,-0.252902,294.171936,293.443604,-0.728333,-0.247587,2004,Autumn,t2m,2m Temperature,K
81,271.271515,272.135376,0.993924,1.085639,1.199317,0.976225,0.000000,0.953016,0.425543,91,81,0.863861,2.804779,2.473316,0.881822,0.181522,0.101747,271.238403,272.192322,0.953918,0.351690,273.507568,274.130371,0.622803,0.227710,274.810730,275.175751,0.365021,0.132826,275.767792,275.736694,-0.031097,-0.011277,277.681274,276.846710,-0.834564,-0.300548,2004,Winter,d2m,2m Dewpoint,K
92,278.613403,279.152008,0.538552,0.686887,0.815250,0.985091,0.000000,0.970405,0.266089,92,92,0.538605,3.063826,2.707049,0.883552,0.173913,0.123865,278.519440,279.027039,0.507599,0.182249,280.738159,281.049713,0.311554,0.110977,283.067505,283.385590,0.318085,0.112371,283.838470,283.865448,0.026978,0.009505,284.299347,284.134491,-0.164856,-0.057987,2004,Spring,d2m,2m Dewpoint,K
92,287.276581,287.516296,0.239694,0.315437,0.389933,0.979462,0.000000,0.959345,0.261181,92,92,0.239716,1.492957,1.399232,0.937222,0.195652,0.058896,287.463135,287.751129,0.287994,0.100185,288.391479,288.627014,0.235535,0.081672,289.268555,289.333771,0.065216,0.022545,289.507324,289.384583,-0.122742,-0.042397,289.970978,289.715729,-0.255249,-0.088026,2004,Summer,d2m,2m Dewpoint,K
73,281.805237,283.489685,0.848735,0.848735,0.974536,0.992552,0.000000,0.985159,0.267817,91,73,1.684448,3.781949,3.430424,0.907052,0.261930,0.006006,282.123566,283.957581,1.834015,0.650075,285.149109,286.310852,1.161743,0.407416,286.699280,287.223267,0.523987,0.182765,286.980255,287.686188,0.705933,0.245986,288.104767,288.248749,0.143982,0.049976,2004,Autumn,d2m,2m Dewpoint,K
81,957.642700,96844.546875,95886.875000,95886.875000,95887.226562,0.965470,0.000000,0.932133,30773.015625,91,81,95886.906250,3.136654,264.130676,84.207771,1.000000,0.000000,957.635376,96834.703125,95877.070312,10011.855469,960.111328,97013.585938,96053.476562,10004.411133,961.426392,97189.179688,96227.750000,10008.852539,963.165894,97265.812500,96302.648438,9998.552734,964.111267,97369.726562,96405.617188,9999.428711,2004,Winter,sp,Surface Pressure,hPa
92,956.851135,96799.742188,95842.882812,95842.882812,95843.156250,0.976102,0.000000,0.952774,35934.148438,92,92,95842.890625,2.667189,230.421951,86.391312,1.000000,0.000000,957.301453,96855.492188,95898.187500,10017.553711,958.859009,96950.164062,95991.304688,10010.992188,959.761902,97055.351562,96095.585938,10012.440430,960.247986,97117.976562,96157.726562,10013.843750,961.955017,97273.515625,96311.562500,10012.064453,2004,Spring,sp,Surface Pressure,hPa
92,956.246948,96700.968750,95744.718750,95744.718750,95744.875000,0.979496,0.000000,0.959413,48343.535156,92,92,95744.718750,1.980510,173.561707,87.634834,1.000000,0.000000,955.857300,96658.578125,95702.718750,10012.239258,957.642883,96845.750000,95888.109375,10012.929688,958.808594,96944.250000,95985.437500,10010.907227,959.475586,96957.054688,95997.578125,10005.213867,960.548706,97036.187500,96075.640625,10002.162109,2004,Summer,sp,Surface Pressure,hPa
73,956.475342,96685.804688,95729.554688,95729.554688,95729.937500,0.986102,0.000000,0.972397,29096.619141,91,73,95729.328125,3.297582,272.620605,82.672882,1.000000,0.000000,956.469482,96682.562500,95726.093750,10008.274414,958.811035,96858.171875,95899.359375,10001.904297,960.684631,96979.843750,96019.156250,9994.868164,962.037842,97159.984375,96197.945312,9999.393555,964.836670,97360.851562,96396.015625,9990.916016,2004,Autumn,sp,Surface Pressure,hPa
81,0.827724,0.491175,-0.334131,0.426528,0.522318,0.854176,0.000000,0.729616,0.686326,91,81,-0.336549,0.764196,0.582431,0.762149,0.237824,0.012597,0.836972,0.483403,-0.353568,-42.243759,1.400089,0.906736,-0.493353,-35.237259,1.862111,1.323010,-0.539101,-28.951059,2.091274,1.481621,-0.609653,-29.152248,2.448570,1.567405,-0.881165,-35.986919,2004,Winter,u10,10m U-Wind,m/s
92,0.427041,0.020043,-0.406998,0.423902,0.497576,0.906087,0.000000,0.820994,0.746298,92,92,-0.406998,0.666726,0.555510,0.833191,0.271739,0.002137,0.340944,0.013131,-0.327813,-96.148537,0.934017,0.430902,-0.503115,-53.865704,1.412050,0.749058,-0.662993,-46.952488,1.471085,0.919098,-0.551987,-37.522465,1.857406,1.036143,-0.821263,-44.215584,2004,Spring,u10,10m U-Wind,m/s
92,0.425303,-0.100807,-0.526110,0.528532,0.571887,0.851902,0.000000,0.725736,1.349522,92,92,-0.526110,0.423770,0.329218,0.776878,0.500000,0.000000,0.437571,-0.156594,-0.594165,-135.787033,0.713727,0.155778,-0.557950,-78.174065,0.969150,0.364334,-0.604816,-62.406857,1.084188,0.402620,-0.681568,-62.864361,1.445823,0.629047,-0.816777,-56.492149,2004,Summer,u10,10m U-Wind,m/s
73,0.080088,-0.158900,-0.148014,0.320379,0.411940,0.876778,0.000000,0.768739,0.563793,91,73,-0.238988,0.763255,0.484658,0.634988,0.253349,0.008846,-0.030962,-0.229364,-0.198402,-640.797363,0.496071,0.030525,-0.465546,-93.846565,1.144726,0.580421,-0.564305,-49.296062,1.640192,0.826987,-0.813205,-49.579861,2.020579,0.952373,-1.068206,-52.866322,2004,Autumn,u10,10m U-Wind,m/s
81,-0.484661,-0.590672,-0.096922,0.448969,0.550817,0.708838,0.000000,0.502452,0.733890,91,81,-0.106011,0.734782,0.649183,0.883504,0.094831,0.788681,-0.575974,-0.668625,-0.092651,-16.085966,-0.094825,-0.074278,0.020547,21.668036,0.608254,0.217449,-0.390805,-64.250259,1.080539,0.470274,-0.610265,-56.477867,1.280811,0.798868,-0.481943,-37.627972,2004,Winter,v10,10m V-Wind,m/s
92,-0.027010,-0.589685,-0.562675,0.600641,0.708918,0.803881,0.000000,0.646225,1.013219,92,92,-0.562675,0.699669,0.449424,0.642337,0.478261,0.000000,0.131279,-0.591715,-0.722995,-550.729614,0.544264,-0.310033,-0.854297,-156.963806,0.824060,0.014589,-0.809471,-98.229568,0.850075,0.169099,-0.680977,-80.107803,1.101182,0.399516,-0.701666,-63.719334,2004,Spring,v10,10m V-Wind,m/s
92,0.373779,-0.153276,-0.527054,0.544973,0.620666,0.680452,0.000000,0.463015,1.428562,92,92,-0.527054,0.434469,0.373589,0.859875,0.521739,0.000000,0.376256,-0.223828,-0.600084,-159.488113,0.636785,0.053461,-0.583323,-91.604469,0.992322,0.323644,-0.668678,-67.385208,1.076025,0.480975,-0.595049,-55.300709,1.358355,0.856120,-0.502235,-36.973785,2004,Summer,v10,10m V-Wind,m/s
73,-0.216665,-0.718108,-0.518359,0.540583,0.641297,0.848517,0.000000,0.719981,0.937113,91,73,-0.501444,0.644796,0.473756,0.734738,0.368508,0.000021,-0.162239,-0.754301,-0.592062,-364.932068,0.122024,-0.331549,-0.453572,-371.708954,0.622135,-0.088655,-0.710790,-114.250145,0.912244,0.082099,-0.830145,-91.000298,1.152144,0.225884,-0.926260,-80.394485,2004,Autumn,v10,10m V-Wind,m/s
81,0.830935,0.330767,-0.497808,0.497808,0.497926,0.624692,0.000000,0.390240,40.342888,91,81,-0.500168,0.014146,0.012678,0.896231,1.000000,0.000000,0.825907,0.326649,-0.499258,-60.449711,0.839086,0.338904,-0.500182,-59.610363,0.851313,0.351340,-0.499974,-58.729706,0.860962,0.355939,-0.505023,-58.658031,0.868680,0.360898,-0.507782,-58.454430,2004,Winter,lai,Leaf Area Index,Index
92,1.071447,0.579659,-0.491788,0.491788,0.491982,0.998170,0.000000,0.996344,2.967619,92,92,-0.491788,0.165783,0.174990,1.055535,0.902174,0.000000,1.039403,0.528506,-0.510897,-49.152950,1.212397,0.724562,-0.487835,-40.237221,1.317859,0.848180,-0.469679,-35.639534,1.353485,0.891350,-0.462135,-34.144081,1.381986,0.925881,-0.456104,-33.003544,2004,Spring,lai,Leaf Area Index,Index
92,1.543955,1.122753,-0.421202,0.421202,0.421336,0.998137,0.000000,0.996277,7.007808,92,92,-0.421202,0.060124,0.069997,1.164210,1.000000,0.000000,1.561647,1.145008,-0.416639,-26.679447,1.593155,1.178818,-0.414337,-26.007318,1.611411,1.200115,-0.411296,-25.523966,1.618217,1.206280,-0.411938,-25.456264,1.622969,1.212190,-0.410779,-25.310354,2004,Summer,lai,Leaf Area Index,Index
73,1.091397,0.658068,-0.475525,0.475525,0.476324,0.999787,0.000000,0.999574,2.742381,91,73,-0.433329,0.177934,0.200998,1.129618,0.783532,0.000000,1.029400,0.637431,-0.391969,-38.077438,1.246184,0.840224,-0.405960,-32.576237,1.368852,0.942105,-0.426747,-31.175524,1.401409,0.972248,-0.429161,-30.623545,1.427456,0.996362,-0.431093,-30.200121,2004,Autumn,lai,Leaf Area Index,Index
71,277.218781,277.369232,0.226373,0.623404,0.734014,0.959653,0.000000,0.920933,0.329340,90,71,0.150452,2.115512,1.830948,0.865487,0.100626,0.766639,277.433289,277.401154,-0.032135,-0.011583,278.573944,278.558228,-0.015717,-0.005642,280.023987,279.456665,-0.567322,-0.202598,280.686127,280.423157,-0.262970,-0.093688,281.125153,280.625977,-0.499176,-0.177564,2005,Winter,t2m,2m Temperature,K
79,285.134918,285.441406,-0.508125,0.562323,0.661222,0.994361,0.000000,0.988753,0.181197,92,79,0.306488,3.983120,3.457591,0.868061,0.105118,0.683891,285.253815,285.407318,0.153503,0.053813,288.304688,287.924255,-0.380432,-0.131955,290.831360,290.553680,-0.277679,-0.095478,291.485229,290.749481,-0.735748,-0.252414,291.685822,290.912659,-0.773163,-0.265067,2005,Spring,t2m,2m Temperature,K
92,295.567841,294.502075,-1.065794,1.065794,1.114337,0.976832,0.000000,0.954201,0.736534,92,92,-1.065765,1.512947,1.446351,0.955983,0.369565,0.000006,295.750000,294.614746,-1.135254,-0.383856,296.744720,295.796844,-0.947876,-0.319425,297.432983,296.077545,-1.355438,-0.455712,297.646027,296.230042,-1.415985,-0.475728,297.805664,296.416412,-1.389252,-0.466496,2005,Summer,t2m,2m Temperature,K
91,288.177124,287.844177,-0.332953,0.472673,0.565315,0.996757,0.000000,0.993525,0.119124,91,91,-0.332947,4.745586,4.479381,0.943905,0.098901,0.768023,288.122650,288.273651,0.151001,0.052409,292.661133,291.920898,-0.740234,-0.252932,294.062744,293.349884,-0.712860,-0.242418,294.741913,294.073608,-0.668304,-0.226742,294.986328,294.303864,-0.682465,-0.231355,2005,Autumn,t2m,2m Temperature,K
71,272.205078,273.161255,1.137037,1.178224,1.321152,0.962669,0.000000,0.926732,0.558142,90,71,0.956177,2.253113,2.073561,0.920310,0.238341,0.017586,272.570984,273.510742,0.939758,0.344776,273.975464,274.439880,0.464417,0.169510,274.739075,275.533264,0.794189,0.289070,275.394867,276.372559,0.977692,0.355014,275.867310,276.533936,0.666626,0.241647,2005,Winter,d2m,2m Dewpoint,K
79,277.718964,279.535736,1.115407,1.115407,1.199296,0.992387,0.000000,0.984833,0.352928,92,79,1.816772,3.656032,3.234291,0.884645,0.288663,0.001234,277.386688,279.193481,1.806793,0.651363,280.991943,282.267120,1.275177,0.453813,282.984650,284.091400,1.106750,0.391099,283.739136,284.626526,0.887390,0.312749,284.604187,285.269714,0.665527,0.233843,2005,Spring,d2m,2m Dewpoint,K
92,287.854736,288.063141,0.208395,0.326238,0.429876,0.951321,0.000000,0.905012,0.354282,92,92,0.208405,1.213372,1.115366,0.919228,0.163043,0.173668,287.910828,288.468719,0.557892,0.193772,288.866028,288.861389,-0.004639,-0.001606,289.295258,289.264313,-0.030945,-0.010697,289.590485,289.357635,-0.232849,-0.080406,289.824371,289.629395,-0.194977,-0.067274,2005,Summer,d2m,2m Dewpoint,K
91,281.362610,282.452850,1.090248,1.092477,1.203496,0.994979,0.000000,0.989984,0.273280,91,91,1.090240,4.403885,4.125850,0.936866,0.186813,0.083428,282.380035,283.452606,1.072571,0.379832,285.633362,286.231995,0.598633,0.209581,286.412720,287.058319,0.645599,0.225409,286.496002,287.239105,0.743103,0.259376,286.589966,287.486877,0.896912,0.312960,2005,Autumn,d2m,2m Dewpoint,K
71,957.995544,96887.039062,95928.859375,95928.859375,95929.546875,0.979116,0.000000,0.958668,22972.324219,90,71,95929.046875,3.850221,367.349365,95.409943,1.000000,0.000000,957.858276,96894.140625,95936.281250,10015.707031,960.310730,97120.343750,96160.031250,10013.428711,962.552856,97294.054688,96331.500000,10007.917969,964.559387,97412.750000,96448.187500,9999.196289,968.122681,97754.070312,96785.945312,9997.281250,2005,Winter,sp,Surface Pressure,hPa
79,954.466858,96596.117188,95641.437500,95641.437500,95641.640625,0.964311,0.000000,0.929897,39159.171875,92,79,95641.648438,2.452809,200.882065,81.898773,1.000000,0.000000,954.427490,96605.937500,95651.507812,10021.873047,955.868958,96737.570312,95781.703125,10020.379883,957.514893,96852.632812,95895.117188,10015.000000,958.846069,96929.578125,95970.734375,10008.982422,960.017517,97027.242188,96067.226562,10006.820312,2005,Spring,sp,Surface Pressure,hPa
92,955.268921,96597.492188,95642.203125,95642.203125,95642.367188,0.980569,0.000000,0.961515,45498.566406,92,92,95642.226562,2.102096,178.332794,84.835693,1.000000,0.000000,955.735901,96624.210938,95668.476562,10009.928711,956.746826,96718.304688,95761.554688,10009.079102,957.732056,96804.054688,95846.320312,10007.633789,958.173340,96867.703125,95909.531250,10009.622070,959.585876,96948.921875,95989.335938,10003.205078,2005,Summer,sp,Surface Pressure,hPa
91,956.263306,96695.289062,95739.031250,95739.031250,95739.265625,0.967808,0.000000,0.936652,41299.835938,91,91,95739.023438,2.318151,213.795685,92.226807,1.000000,0.000000,955.899780,96676.679688,95720.781250,10013.683594,957.792480,96807.265625,95849.476562,10007.333008,959.715088,96999.851562,96040.132812,10007.150391,960.514038,97072.046875,96111.531250,10006.259766,961.711853,97244.882812,96283.171875,10011.644531,2005,Autumn,sp,Surface Pressure,hPa
71,0.587727,0.325816,-0.308587,0.369466,0.471973,0.893791,0.000000,0.798863,0.598105,90,71,-0.261911,0.731267,0.657510,0.899138,0.185133,0.111707,0.572722,0.330976,-0.241746,-42.209934,1.193573,0.870889,-0.322684,-27.035097,1.458072,1.130594,-0.327478,-22.459633,1.748624,1.361770,-0.386855,-22.123377,2.177268,1.719584,-0.457684,-21.021030,2005,Winter,u10,10m U-Wind,m/s
79,0.604250,0.132120,-0.292409,0.370049,0.477535,0.844450,0.000000,0.713096,0.708766,92,79,-0.472130,0.802037,0.458060,0.571121,0.317556,0.000263,0.487369,0.046057,-0.441312,-90.549820,1.006917,0.352615,-0.654302,-64.980743,1.884291,0.664275,-1.220016,-64.746704,2.156262,1.211366,-0.944896,-43.821014,2.327501,1.272837,-1.054664,-45.313168,2005,Spring,u10,10m U-Wind,m/s
92,0.169086,-0.157028,-0.326113,0.353835,0.407032,0.785991,0.000000,0.617782,1.041844,92,92,-0.326113,0.390684,0.275680,0.705635,0.456522,0.000000,0.172385,-0.169408,-0.341793,-198.272980,0.368105,0.008625,-0.359480,-97.657013,0.628063,0.205893,-0.422170,-67.217781,0.822711,0.320657,-0.502054,-61.024380,1.233443,0.487183,-0.746261,-60.502205,2005,Summer,u10,10m U-Wind,m/s
91,0.145942,-0.028043,-0.173985,0.343662,0.409195,0.918915,0.000000,0.844404,0.475253,91,91,-0.173985,0.861005,0.643466,0.747343,0.186813,0.083428,0.090232,-0.041948,-0.132180,-146.488449,0.613214,0.282732,-0.330482,-53.893364,1.234238,0.850065,-0.384173,-31.126356,1.401721,1.162403,-0.239318,-17.073143,2.527765,1.645605,-0.882160,-34.898796,2005,Autumn,u10,10m U-Wind,m/s
71,-0.389997,-0.531801,0.042082,0.380114,0.482641,0.768744,0.000000,0.590967,0.678535,90,71,-0.141804,0.803468,0.702442,0.874263,0.130360,0.458964,-0.523162,-0.501358,0.021804,4.167673,0.160561,-0.006123,-0.166684,-103.813606,0.729571,0.323441,-0.406130,-55.666977,1.068847,0.523628,-0.545219,-51.010002,1.308605,0.612447,-0.696158,-53.198479,2005,Winter,v10,10m V-Wind,m/s
79,-0.287555,-0.595148,-0.351939,0.439968,0.514563,0.784734,0.000000,0.615807,0.850586,92,79,-0.307593,0.638848,0.492414,0.770784,0.259356,0.005155,-0.291003,-0.563134,-0.272132,-93.515198,0.085420,-0.249243,-0.334664,-391.785278,0.546734,0.024191,-0.522543,-95.575371,0.763107,0.196328,-0.566779,-74.272530,1.122257,0.422337,-0.699920,-62.367203,2005,Spring,v10,10m V-Wind,m/s
92,0.396813,-0.247513,-0.644326,0.645253,0.704530,0.614047,0.000000,0.377054,2.081326,92,92,-0.644326,0.338501,0.306989,0.906908,0.760870,0.000000,0.394675,-0.262423,-0.657098,-166.490891,0.661330,-0.050793,-0.712123,-107.680496,0.850466,0.099144,-0.751322,-88.342392,0.923593,0.328683,-0.594910,-64.412529,1.051178,0.514054,-0.537124,-51.097359,2005,Summer,v10,10m V-Wind,m/s
91,-0.202950,-0.674807,-0.471857,0.533384,0.626137,0.694773,0.000000,0.482710,1.096352,91,91,-0.471857,0.571109,0.370795,0.649254,0.439560,0.000000,-0.203672,-0.649834,-0.446162,-219.058670,0.263222,-0.377132,-0.640354,-243.275116,0.535690,-0.218000,-0.753690,-140.695206,0.693640,-0.153417,-0.847057,-122.117706,0.850524,0.010575,-0.839949,-98.756683,2005,Autumn,v10,10m V-Wind,m/s
71,0.830802,0.329774,-0.501712,0.501712,0.501837,0.680960,0.000000,0.463706,32.847126,90,71,-0.501028,0.014138,0.011037,0.780617,1.000000,0.000000,0.825802,0.326125,-0.499677,-60.508080,0.838845,0.335876,-0.502969,-59.959679,0.851528,0.347632,-0.503896,-59.175491,0.861069,0.352483,-0.508586,-59.064507,0.868702,0.358561,-0.510140,-58.724453,2005,Winter,lai,Leaf Area Index,Index
79,1.071378,0.611620,-0.491886,0.491886,0.492109,0.998338,0.000000,0.996678,3.137956,92,79,-0.459758,0.165873,0.168301,1.014637,0.886076,0.000000,1.039403,0.584445,-0.454958,-43.771084,1.212397,0.752571,-0.459825,-37.926975,1.317859,0.860501,-0.457358,-34.704655,1.353485,0.897504,-0.455980,-33.689369,1.381986,0.927108,-0.454878,-32.914799,2005,Spring,lai,Leaf Area Index,Index
92,1.543955,1.122717,-0.421238,0.421238,0.421372,0.998128,0.000000,0.996260,7.008411,92,92,-0.421238,0.060124,0.069982,1.163959,1.000000,0.000000,1.561647,1.144976,-0.416671,-26.681509,1.593155,1.178776,-0.414379,-26.009960,1.611411,1.200048,-0.411363,-25.528101,1.618217,1.206217,-0.412000,-25.460133,1.622969,1.212128,-0.410841,-25.314173,2005,Summer,lai,Leaf Area Index,Index
91,1.091397,0.608372,-0.483025,0.483025,0.483902,0.999799,0.000000,0.999598,2.719553,91,91,-0.483025,0.177934,0.206801,1.162232,0.824176,0.000000,1.029400,0.541798,-0.487602,-47.367596,1.246184,0.789526,-0.456658,-36.644508,1.368852,0.927034,-0.441818,-32.276527,1.401409,0.964713,-0.436697,-31.161259,1.427456,0.994855,-0.432600,-30.305698,2005,Autumn,lai,Leaf Area Index,Index
90,278.590149,278.497925,-0.092266,0.486261,0.611276,0.958712,0.000000,0.919129,0.301483,90,90,-0.092224,2.027563,1.763071,0.869552,0.100000,0.762125,278.708923,278.548737,-0.160187,-0.057475,279.881500,279.715973,-0.165527,-0.059142,280.934296,280.551910,-0.382385,-0.136112,281.405243,280.733948,-0.671295,-0.238551,282.795166,282.209808,-0.585358,-0.206990,2006,Winter,t2m,2m Temperature,K
92,286.063965,285.264404,-0.799540,0.858003,0.958820,0.995249,0.000000,0.990521,0.223818,92,92,-0.799561,4.283920,3.937821,0.919210,0.184783,0.086376,286.946045,286.148712,-0.797333,-0.277869,288.880920,287.961548,-0.919373,-0.318253,291.593414,290.358124,-1.235291,-0.423635,292.703766,291.028137,-1.675629,-0.572466,293.029022,291.859924,-1.169098,-0.398970,2006,Spring,t2m,2m Temperature,K
92,295.838837,294.755615,-1.083238,1.083238,1.130055,0.972785,0.000000,0.946311,0.828120,92,92,-1.083221,1.364604,1.267098,0.928547,0.347826,0.000025,295.724762,294.847534,-0.877228,-0.296637,296.948151,295.706116,-1.242035,-0.418267,297.743378,296.528259,-1.215118,-0.408109,297.997314,296.645905,-1.351410,-0.453497,298.523895,296.866791,-1.657104,-0.555099,2006,Summer,t2m,2m Temperature,K
91,287.178070,287.093414,-0.084639,0.409831,0.532473,0.992206,0.000000,0.984473,0.126699,91,91,-0.084656,4.202648,4.215924,1.003159,0.054945,0.999268,286.814331,286.738373,-0.075958,-0.026483,290.803986,290.639221,-0.164764,-0.056658,292.827911,292.678558,-0.149353,-0.051004,293.624359,293.565002,-0.059357,-0.020215,294.104279,294.101837,-0.002441,-0.000830,2006,Autumn,t2m,2m Temperature,K
90,272.350922,273.591675,1.240746,1.240746,1.344076,0.983605,0.000000,0.967478,0.500712,90,90,1.240753,2.684327,2.459348,0.916188,0.222222,0.023205,272.750854,273.686829,0.935974,0.343161,274.148560,275.256104,1.107544,0.403994,275.659332,276.421204,0.761871,0.276381,275.968506,276.797974,0.829468,0.300566,277.793823,278.641815,0.847992,0.305259,2006,Winter,d2m,2m Dewpoint,K
92,278.094879,279.251923,1.157040,1.162254,1.245978,0.993190,0.000000,0.986427,0.337496,92,92,1.157043,3.691833,3.497190,0.947277,0.206522,0.039264,278.664276,279.960419,1.296143,0.465127,280.317749,281.443359,1.125610,0.401548,282.519073,283.520996,1.001923,0.354639,284.474396,284.712372,0.237976,0.083655,284.934692,285.236084,0.301392,0.105776,2006,Spring,d2m,2m Dewpoint,K
92,287.568451,287.928833,0.360362,0.423830,0.524909,0.982365,0.000000,0.965042,0.356023,92,92,0.360382,1.474367,1.184403,0.803330,0.152174,0.238009,287.865295,288.076874,0.211578,0.073499,288.631805,288.729675,0.097870,0.033908,289.101837,289.217133,0.115295,0.039881,289.693542,289.544006,-0.149536,-0.051619,290.411316,290.228638,-0.182678,-0.062903,2006,Summer,d2m,2m Dewpoint,K
91,280.598969,281.784760,1.185790,1.200644,1.315137,0.989947,0.000000,0.979994,0.338441,91,91,1.185791,3.885873,3.700522,0.952301,0.153846,0.232523,281.354980,282.033295,0.678314,0.241088,283.755859,284.773621,1.017761,0.358675,285.964508,286.645630,0.681122,0.238184,286.319397,286.983643,0.664246,0.231995,286.682190,287.668976,0.986786,0.344209,2006,Autumn,d2m,2m Dewpoint,K
90,957.464661,96816.703125,95859.242188,95859.242188,95859.820312,0.971627,0.000000,0.944059,25301.156250,90,90,95859.242188,3.788753,334.579224,88.308548,1.000000,0.000000,957.865479,96832.656250,95874.789062,10009.211914,960.400391,97075.328125,96114.929688,10007.797852,962.024963,97227.195312,96265.171875,10006.514648,963.346558,97335.812500,96372.468750,10003.925781,964.473083,97415.007812,96450.531250,10000.333984,2006,Winter,sp,Surface Pressure,hPa
92,954.741150,96606.000000,95651.257812,95651.257812,95651.601562,0.971345,0.000000,0.943511,34133.335938,92,92,95651.257812,2.802293,253.447723,90.442986,1.000000,0.000000,954.840149,96601.132812,95646.289062,10016.995117,956.642273,96805.859375,95849.218750,10019.337891,958.009644,96898.500000,95940.492188,10014.564453,958.536865,96957.890625,95999.351562,10015.196289,960.438721,97095.570312,96135.132812,10009.501953,2006,Spring,sp,Surface Pressure,hPa
92,956.244080,96696.390625,95740.140625,95740.140625,95740.273438,0.976752,0.000000,0.954045,52695.058594,92,92,95740.148438,1.816874,163.658340,90.076889,1.000000,0.000000,956.211426,96693.312500,95737.101562,10012.126953,957.624634,96800.304688,95842.679688,10008.376953,958.480408,96904.359375,95945.882812,10010.208008,959.004822,96958.328125,95999.320312,10010.306641,959.956299,97030.289062,96070.335938,10007.782227,2006,Summer,sp,Surface Pressure,hPa
91,955.741943,96658.640625,95702.890625,95702.890625,95703.242188,0.976857,0.000000,0.954249,30931.738281,91,91,95702.898438,3.094014,264.924072,85.624702,1.000000,0.000000,956.090027,96677.710938,95721.617188,10011.779297,958.393188,96908.734375,95950.343750,10011.583984,959.459900,96968.773438,96009.312500,10006.599609,959.805420,97005.500000,96045.695312,10006.789062,960.893738,97046.500000,96085.609375,9999.608398,2006,Autumn,sp,Surface Pressure,hPa
90,0.896658,0.514521,-0.382137,0.438009,0.521102,0.886903,0.000000,0.786597,0.686158,90,90,-0.382137,0.759449,0.624203,0.821916,0.277778,0.001830,0.893163,0.510747,-0.382416,-42.815960,1.457036,0.949618,-0.507418,-34.825348,1.801367,1.297601,-0.503766,-27.965769,2.068594,1.520995,-0.547599,-26.472048,2.466480,1.958029,-0.508451,-20.614443,2006,Winter,u10,10m U-Wind,m/s
92,0.552010,0.227045,-0.324964,0.366831,0.427698,0.884887,0.000000,0.783026,0.721939,92,92,-0.324964,0.592430,0.490003,0.827107,0.293478,0.000673,0.562827,0.263776,-0.299051,-53.133770,0.990203,0.574121,-0.416083,-42.019928,1.282490,0.829487,-0.453002,-35.322102,1.437279,0.958620,-0.478659,-33.303123,1.598934,1.054543,-0.544391,-34.047115,2006,Spring,u10,10m U-Wind,m/s
92,0.238510,-0.147749,-0.386259,0.393068,0.441248,0.856659,0.000000,0.733865,1.088531,92,92,-0.386259,0.405361,0.305147,0.752778,0.500000,0.000000,0.253192,-0.201251,-0.454444,-179.485580,0.501216,-0.015344,-0.516560,-103.061401,0.708057,0.270195,-0.437862,-61.840004,0.894965,0.495409,-0.399557,-44.644924,1.233819,0.577936,-0.655884,-53.158802,2006,Summer,u10,10m U-Wind,m/s
91,0.344690,0.050200,-0.294490,0.404948,0.501887,0.863088,0.000000,0.744922,0.650623,91,91,-0.294490,0.771394,0.550102,0.713127,0.263736,0.003427,0.396025,0.066689,-0.329336,-83.160500,0.895584,0.485868,-0.409716,-45.748440,1.205165,0.706897,-0.498268,-41.344379,1.471234,0.973051,-0.498182,-33.861534,2.048954,1.119226,-0.929728,-45.375744,2006,Autumn,u10,10m U-Wind,m/s
90,-0.239119,-0.482189,-0.243070,0.436277,0.529192,0.783389,0.000000,0.613699,0.699715,90,90,-0.243070,0.756297,0.594132,0.785580,0.233333,0.014634,-0.198832,-0.490503,-0.291670,-146.691666,0.352516,-0.095726,-0.448242,-127.155060,0.695955,0.239931,-0.456024,-65.524940,0.945840,0.431300,-0.514540,-54.400352,1.351238,0.900026,-0.451212,-33.392498,2006,Winter,v10,10m V-Wind,m/s
92,-0.010154,-0.437132,-0.426978,0.492671,0.607130,0.872281,0.000000,0.760873,0.703897,92,92,-0.426978,0.862526,0.660723,0.766032,0.271739,0.002137,0.006999,-0.365205,-0.372205,-5317.799316,0.590321,-0.000184,-0.590506,-100.031189,1.083714,0.489783,-0.593931,-54.805153,1.294882,0.613430,-0.681452,-52.626598,1.587928,0.964228,-0.623701,-39.277645,2006,Spring,v10,10m V-Wind,m/s
92,0.406634,-0.205531,-0.612165,0.617370,0.647193,0.873053,0.000000,0.762221,1.504685,92,92,-0.612165,0.430119,0.364396,0.847199,0.576087,0.000000,0.316764,-0.239539,-0.556303,-175.620773,0.664863,0.044806,-0.620057,-93.260918,1.095082,0.290457,-0.804625,-73.476196,1.203285,0.437854,-0.765430,-63.611736,1.388063,0.602964,-0.785099,-56.560753,2006,Summer,v10,10m V-Wind,m/s
91,-0.260220,-0.740121,-0.479901,0.527256,0.630362,0.688254,0.000000,0.473693,1.127536,91,91,-0.479901,0.559061,0.435317,0.778658,0.461538,0.000000,-0.210664,-0.695802,-0.485138,-230.290543,0.057582,-0.436317,-0.493899,-857.735840,0.471212,-0.237468,-0.708680,-150.395218,0.658726,-0.058397,-0.717123,-108.865128,0.926796,0.045222,-0.881574,-95.120659,2006,Autumn,v10,10m V-Wind,m/s
90,0.830802,0.330968,-0.499834,0.499834,0.499965,0.634429,0.000000,0.402500,35.362614,90,90,-0.499834,0.014138,0.012368,0.874826,1.000000,0.000000,0.825802,0.326565,-0.499237,-60.454781,0.838845,0.339446,-0.499399,-59.534126,0.851528,0.350199,-0.501329,-58.874020,0.861069,0.354198,-0.506871,-58.865330,0.868702,0.359834,-0.508868,-58.577995,2006,Winter,lai,Leaf Area Index,Index
92,1.071378,0.579571,-0.491807,0.491807,0.492002,0.998169,0.000000,0.996341,2.966139,92,92,-0.491807,0.165873,0.175078,1.055494,0.902174,0.000000,1.039403,0.528493,-0.510909,-49.154137,1.212397,0.724541,-0.487856,-40.238991,1.317859,0.848164,-0.469695,-35.640743,1.353485,0.891335,-0.462149,-34.145138,1.381986,0.925873,-0.456113,-33.004147,2006,Spring,lai,Leaf Area Index,Index
92,1.543955,1.122733,-0.421222,0.421222,0.421356,0.998137,0.000000,0.996278,7.008143,92,92,-0.421222,0.060124,0.069984,1.163993,1.000000,0.000000,1.561647,1.144995,-0.416652,-26.680281,1.593155,1.178776,-0.414379,-26.009960,1.611411,1.200076,-0.411335,-25.526392,1.618217,1.206243,-0.411975,-25.458563,1.622969,1.212154,-0.410815,-25.312551,2006,Summer,lai,Leaf Area Index,Index
91,1.091397,0.608373,-0.483024,0.483024,0.483901,0.999799,0.000000,0.999599,2.719546,91,91,-0.483024,0.177934,0.206800,1.162227,0.824176,0.000000,1.029400,0.541798,-0.487602,-47.367596,1.246184,0.789526,-0.456658,-36.644508,1.368852,0.927034,-0.441818,-32.276527,1.401409,0.964713,-0.436697,-31.161259,1.427456,0.994855,-0.432600,-30.305698,2006,Autumn,lai,Leaf Area Index,Index
90,276.558838,276.687744,0.128902,0.516456,0.636327,0.974041,0.000000,0.948756,0.288081,90,90,0.128906,2.208846,1.779651,0.805692,0.122222,0.514520,276.562531,276.550842,-0.011688,-0.004226,278.242279,278.087830,-0.154449,-0.055509,279.103424,278.920471,-0.182953,-0.065550,279.892090,279.532227,-0.359863,-0.128572,281.676788,281.144592,-0.532196,-0.188939,2007,Winter,t2m,2m Temperature,K
92,285.769531,284.796295,-0.973281,1.015730,1.135566,0.992538,0.000000,0.985131,0.277349,92,92,-0.973236,4.094357,3.758878,0.918063,0.173913,0.123865,285.469604,284.357147,-1.112457,-0.389694,289.465210,288.186676,-1.278534,-0.441688,290.809357,289.411530,-1.397827,-0.480668,291.448608,289.794403,-1.654205,-0.567580,291.887451,290.627136,-1.260315,-0.431781,2007,Spring,t2m,2m Temperature,K
92,295.530182,294.390228,-1.139911,1.139911,1.172446,0.981251,0.000000,0.962854,0.869332,92,92,-1.139954,1.348675,1.410942,1.046169,0.402174,0.000000,295.719147,294.835999,-0.883148,-0.298644,296.672760,295.514221,-1.158539,-0.390511,296.959167,295.914398,-1.044769,-0.351823,296.987885,295.941437,-1.046448,-0.352354,297.047150,296.203888,-0.843262,-0.283881,2007,Summer,t2m,2m Temperature,K
91,288.031708,287.575562,-0.456122,0.531534,0.635103,0.997258,0.000000,0.994523,0.132833,91,91,-0.456146,4.781226,4.503327,0.941877,0.175824,0.120121,288.421509,288.113037,-0.308472,-0.106952,291.896179,291.372742,-0.523438,-0.179323,292.938629,292.450439,-0.488190,-0.166653,295.038208,293.970642,-1.067566,-0.361840,295.541199,294.568909,-0.972290,-0.328986,2007,Autumn,t2m,2m Temperature,K
90,271.138275,272.317352,1.179051,1.182781,1.304177,0.981512,0.000000,0.963367,0.539573,90,90,1.179077,2.417056,2.061407,0.852859,0.244444,0.009015,271.296509,272.448090,1.151581,0.424473,272.746826,273.590454,0.843628,0.309308,273.956299,274.852417,0.896118,0.327103,274.687134,275.439850,0.752716,0.274027,277.281677,277.757233,0.475555,0.171506,2007,Winter,d2m,2m Dewpoint,K
92,277.916046,278.843842,0.927790,0.955335,1.079247,0.990592,0.000000,0.981272,0.281810,92,92,0.927795,3.829696,3.622497,0.945897,0.217391,0.025592,278.314697,278.979034,0.664337,0.238700,280.933777,281.989410,1.055634,0.375759,282.441345,283.154236,0.712891,0.252403,282.968323,283.430847,0.462524,0.163454,283.639252,284.247742,0.608490,0.214530,2007,Spring,d2m,2m Dewpoint,K
92,287.512543,287.908447,0.395870,0.404266,0.480462,0.988482,0.000000,0.977096,0.298840,92,92,0.395905,1.607756,1.467059,0.912489,0.195652,0.058896,287.974609,288.462708,0.488098,0.169493,288.641785,288.962189,0.320404,0.111004,289.506592,289.502991,-0.003601,-0.001244,289.643982,289.851074,0.207092,0.071499,290.057373,290.086029,0.028656,0.009879,2007,Summer,d2m,2m Dewpoint,K
91,280.995758,282.184357,1.188572,1.188572,1.322637,0.994190,0.000000,0.988413,0.283145,91,91,1.188599,4.671240,4.354567,0.932208,0.131868,0.409226,281.749695,283.347382,1.597687,0.567059,285.112640,285.873352,0.760712,0.266811,286.178680,286.836182,0.657501,0.229752,287.363434,288.280334,0.916901,0.319074,288.109436,288.527283,0.417847,0.145031,2007,Autumn,d2m,2m Dewpoint,K
90,957.226990,96819.867188,95862.640625,95862.640625,95863.007812,0.972841,0.000000,0.946420,32763.089844,90,90,95862.640625,2.925945,263.078156,89.912193,1.000000,0.000000,957.468018,96819.875000,95862.406250,10012.074219,959.046082,96991.773438,96032.726562,10013.359375,960.994019,97140.484375,96179.492188,10008.333984,962.481812,97322.007812,96359.523438,10011.568359,963.379089,97368.085938,96404.703125,10006.932617,2007,Winter,sp,Surface Pressure,hPa
92,956.678650,96780.812500,95824.140625,95824.140625,95824.343750,0.955180,0.000000,0.912370,40431.996094,92,92,95824.132812,2.370013,192.337402,81.154587,1.000000,0.000000,956.955383,96792.101562,95835.148438,10014.588867,958.049866,96896.437500,95938.390625,10013.924805,959.435486,97027.273438,96067.835938,10012.955078,960.587524,97078.859375,96118.273438,10006.196289,962.119141,97271.968750,96309.851562,10010.178711,2007,Spring,sp,Surface Pressure,hPa
92,955.421387,96610.085938,95654.648438,95654.648438,95654.781250,0.975723,0.000000,0.952035,52282.984375,92,92,95654.664062,1.829559,153.285126,83.782570,1.000000,0.000000,955.509521,96616.234375,95660.726562,10011.489258,956.663452,96717.273438,95760.609375,10009.853516,957.599487,96803.039062,95845.437500,10008.927734,958.188843,96834.968750,95876.781250,10006.041992,959.128540,96964.273438,96005.148438,10009.623047,2007,Summer,sp,Surface Pressure,hPa
91,956.598999,96717.976562,95761.382812,95761.382812,95761.750000,0.977143,0.000000,0.954809,34977.976562,91,91,95761.375000,2.737773,267.157104,97.581917,1.000000,0.000000,956.851868,96744.578125,95787.726562,10010.716797,958.283203,96903.265625,95944.984375,10012.173828,959.424194,97041.867188,96082.445312,10014.595703,960.651428,97167.664062,96207.015625,10014.768555,963.328491,97274.718750,96311.390625,9997.772461,2007,Autumn,sp,Surface Pressure,hPa
90,0.984137,0.604438,-0.379698,0.417960,0.501605,0.915715,0.000000,0.838533,0.622268,90,90,-0.379698,0.806091,0.687963,0.853456,0.266667,0.003188,0.965612,0.572077,-0.393535,-40.754997,1.548038,1.023914,-0.524124,-33.857319,2.062092,1.497050,-0.565042,-27.401411,2.263390,1.760969,-0.502421,-22.197741,2.724076,2.333870,-0.390206,-14.324347,2007,Winter,u10,10m U-Wind,m/s
92,0.203821,0.000213,-0.203608,0.281966,0.372731,0.878682,0.000000,0.772083,0.570291,92,92,-0.203608,0.653581,0.563646,0.862397,0.141304,0.318630,0.055665,-0.066952,-0.122617,-220.278198,0.577194,0.308543,-0.268651,-46.544262,1.103089,0.794559,-0.308530,-27.969648,1.498202,1.076431,-0.421772,-28.151857,1.824688,1.348170,-0.476517,-26.115002,2007,Spring,u10,10m U-Wind,m/s
92,0.304626,-0.053614,-0.358240,0.377615,0.447017,0.856599,0.000000,0.733761,0.919388,92,92,-0.358240,0.486212,0.324027,0.666431,0.358696,0.000012,0.265975,-0.049423,-0.315397,-118.581772,0.685537,0.107334,-0.578202,-84.342995,0.922242,0.336108,-0.586134,-63.555328,1.126408,0.483453,-0.642955,-57.080154,1.523969,0.766593,-0.757376,-49.697582,2007,Summer,u10,10m U-Wind,m/s
91,0.123433,-0.080747,-0.204180,0.344896,0.425099,0.835217,0.000000,0.697588,0.643793,91,91,-0.204180,0.660304,0.466835,0.707000,0.219780,0.024383,0.131391,-0.054307,-0.185698,-141.332687,0.463302,0.186388,-0.276914,-59.769703,1.013006,0.444361,-0.568645,-56.134441,1.314144,0.670909,-0.643235,-48.947056,1.787399,1.090481,-0.696918,-38.990620,2007,Autumn,u10,10m U-Wind,m/s
90,-0.434833,-0.742709,-0.307876,0.462205,0.567332,0.733666,0.000000,0.538266,0.809005,90,90,-0.307876,0.701271,0.512040,0.730160,0.266667,0.003188,-0.409173,-0.769549,-0.360376,-88.074333,0.011046,-0.374043,-0.385089,-3486.194580,0.395290,-0.112819,-0.508108,-128.540756,0.811054,0.137858,-0.673196,-83.002586,1.142274,0.256883,-0.885391,-77.511238,2007,Winter,v10,10m V-Wind,m/s
92,-0.263118,-0.707286,-0.444169,0.536962,0.619132,0.783024,0.000000,0.613127,0.902815,92,92,-0.444169,0.685779,0.472990,0.689712,0.380435,0.000003,-0.159215,-0.700234,-0.541019,-339.804413,0.263055,-0.361604,-0.624659,-237.463257,0.537021,-0.124359,-0.661380,-123.157257,0.632737,0.004419,-0.628318,-99.301620,0.893050,0.080908,-0.812142,-90.940300,2007,Spring,v10,10m V-Wind,m/s
92,0.368552,-0.085825,-0.454377,0.467169,0.545711,0.671154,0.000000,0.450448,1.463213,92,92,-0.454377,0.372954,0.372383,0.998469,0.510870,0.000000,0.412810,-0.120490,-0.533300,-129.187698,0.602255,0.131588,-0.470667,-78.150734,0.796705,0.409073,-0.387632,-48.654419,0.872781,0.578868,-0.293913,-33.675484,1.064500,0.650074,-0.414426,-38.931515,2007,Summer,v10,10m V-Wind,m/s
91,-0.120858,-0.642734,-0.521876,0.558045,0.653929,0.749626,0.000000,0.561940,1.098433,91,91,-0.521876,0.595329,0.442716,0.743649,0.417582,0.000000,-0.077531,-0.629594,-0.552062,-712.048828,0.230838,-0.353239,-0.584077,-253.024643,0.684793,-0.059104,-0.743897,-108.630943,0.885701,0.098987,-0.786714,-88.823837,1.182999,0.281463,-0.901537,-76.207718,2007,Autumn,v10,10m V-Wind,m/s
90,0.830802,0.330992,-0.499810,0.499810,0.499941,0.633321,0.000000,0.401095,35.360950,90,90,-0.499810,0.014138,0.012378,0.875508,1.000000,0.000000,0.825802,0.326598,-0.499204,-60.450787,0.838845,0.339497,-0.499347,-59.527996,0.851528,0.350261,-0.501267,-58.866772,0.861069,0.354232,-0.506838,-58.861416,0.868702,0.359845,-0.508857,-58.576660,2007,Winter,lai,Leaf Area Index,Index
92,1.071378,0.579585,-0.491793,0.491793,0.491987,0.998167,0.000000,0.996336,2.966053,92,92,-0.491793,0.165873,0.175067,1.055431,0.902174,0.000000,1.039403,0.528498,-0.510904,-49.153656,1.212397,0.724553,-0.487844,-40.237976,1.317859,0.848166,-0.469693,-35.640610,1.353485,0.891337,-0.462148,-34.145035,1.381986,0.925873,-0.456112,-33.004131,2007,Spring,lai,Leaf Area Index,Index
92,1.543955,1.122728,-0.421227,0.421227,0.421361,0.998134,0.000000,0.996272,7.008223,92,92,-0.421227,0.060124,0.069980,1.163929,1.000000,0.000000,1.561647,1.144982,-0.416664,-26.681089,1.593155,1.178776,-0.414379,-26.009960,1.611411,1.200065,-0.411345,-25.527029,1.618217,1.206223,-0.411994,-25.459755,1.622969,1.212138,-0.410831,-25.313526,2007,Summer,lai,Leaf Area Index,Index
91,1.091397,0.608370,-0.483027,0.483027,0.483904,0.999799,0.000000,0.999598,2.719561,91,91,-0.483027,0.177934,0.206803,1.162241,0.824176,0.000000,1.029400,0.541798,-0.487602,-47.367596,1.246184,0.789526,-0.456658,-36.644508,1.368852,0.927034,-0.441818,-32.276527,1.401409,0.964713,-0.436697,-31.161259,1.427456,0.994855,-0.432600,-30.305698,2007,Autumn,lai,Leaf Area Index,Index
91,276.625244,276.491302,-0.133949,0.572969,0.682529,0.967143,0.000000,0.935366,0.280710,91,91,-0.133942,2.431437,2.095043,0.861648,0.109890,0.644738,276.845306,276.694733,-0.150574,-0.054389,278.189575,277.856689,-0.332886,-0.119661,279.292633,278.991425,-0.301208,-0.107847,280.249146,279.823853,-0.425293,-0.151755,281.728943,280.812256,-0.916687,-0.325379,2008,Winter,t2m,2m Temperature,K
92,284.821625,283.958099,-0.863517,0.881187,0.938165,0.996267,0.000000,0.992548,0.243487,92,92,-0.863525,3.853042,3.684216,0.956184,0.163043,0.173668,284.792603,283.831238,-0.961365,-0.337567,287.961456,287.164001,-0.797455,-0.276931,289.738831,288.952820,-0.786011,-0.271282,290.681915,289.544617,-1.137299,-0.391252,291.537445,290.281982,-1.255463,-0.430635,2008,Spring,t2m,2m Temperature,K
92,295.176575,294.156464,-1.020118,1.020118,1.077875,0.968602,0.000000,0.938191,0.875592,92,92,-1.020111,1.231024,1.358219,1.103324,0.423913,0.000000,295.457672,294.502289,-0.955383,-0.323357,296.034454,295.112823,-0.921631,-0.311326,296.606445,295.595703,-1.010742,-0.340769,296.762665,295.726501,-1.036163,-0.349156,297.016113,295.821625,-1.194489,-0.402163,2008,Summer,t2m,2m Temperature,K
90,287.463623,287.326874,-0.166648,0.408002,0.483005,0.997694,0.000000,0.995393,0.107862,91,90,-0.136749,4.462337,4.131324,0.925821,0.130037,0.370006,287.457520,287.619873,0.162354,0.056479,291.974670,291.257874,-0.716797,-0.245500,292.858124,292.246155,-0.611969,-0.208964,293.062317,292.592194,-0.470123,-0.160418,293.998322,293.472046,-0.526276,-0.179006,2008,Autumn,t2m,2m Temperature,K
91,271.024872,271.962982,0.938066,0.972115,1.145645,0.976478,0.000000,0.953510,0.417559,91,91,0.938110,2.743675,2.391790,0.871747,0.219780,0.024383,271.089722,271.928589,0.838867,0.309443,272.926086,273.399414,0.473328,0.173427,274.304413,274.958313,0.653900,0.238385,275.087402,275.634521,0.547119,0.198889,277.131439,277.249664,0.118225,0.042660,2008,Winter,d2m,2m Dewpoint,K
92,276.663055,277.806335,1.143273,1.147026,1.261323,0.989063,0.000000,0.978246,0.352753,92,92,1.143280,3.575657,3.612243,1.010232,0.206522,0.039264,276.247925,277.655212,1.407288,0.509429,279.450867,280.902435,1.451569,0.519436,281.680695,283.028748,1.348053,0.478575,282.658875,283.480652,0.821777,0.290731,283.169861,284.019531,0.849670,0.300057,2008,Spring,d2m,2m Dewpoint,K
92,287.264954,287.805145,0.540240,0.543012,0.623892,0.978122,0.000000,0.956722,0.423570,92,92,0.540192,1.472939,1.381656,0.938027,0.282609,0.001213,287.710144,288.431915,0.721771,0.250867,288.431305,288.901855,0.470551,0.163141,288.712463,289.135040,0.422577,0.146366,288.953491,289.267151,0.313660,0.108550,289.112579,289.332336,0.219757,0.076011,2008,Summer,d2m,2m Dewpoint,K
90,280.632690,282.086365,1.400901,1.400901,1.519807,0.994967,0.000000,0.989960,0.345872,91,90,1.453674,4.398438,3.980303,0.904936,0.159707,0.173982,281.293610,282.748657,1.455048,0.517270,284.431610,285.443481,1.011871,0.355752,286.126617,287.065247,0.938629,0.328047,286.651794,287.446045,0.794250,0.277079,287.418427,287.933289,0.514862,0.179133,2008,Autumn,d2m,2m Dewpoint,K
91,956.760498,96780.437500,95823.671875,95823.671875,95823.984375,0.951398,0.000000,0.905158,33746.582031,91,91,95823.679688,2.839517,249.189392,87.757675,1.000000,0.000000,956.590393,96784.273438,95827.679688,10017.628906,958.420898,96949.343750,95990.921875,10015.528320,960.116882,97087.726562,96127.609375,10012.073242,960.925659,97176.796875,96215.875000,10012.833008,964.286072,97349.593750,96385.304688,9995.508789,2008,Winter,sp,Surface Pressure,hPa
92,955.335449,96684.546875,95729.218750,95729.218750,95729.546875,0.981018,0.000000,0.962396,31582.166016,92,92,95729.210938,3.031127,253.168808,83.523003,1.000000,0.000000,955.614868,96707.890625,95752.273438,10019.964844,957.322815,96851.585938,95894.265625,10016.920898,959.067749,96984.015625,96024.945312,10012.322266,959.487671,97045.406250,96085.921875,10014.293945,961.101990,97113.289062,96152.187500,10004.369141,2008,Spring,sp,Surface Pressure,hPa
92,954.850281,96568.835938,95614.000000,95614.000000,95614.117188,0.932058,0.000000,0.868732,58246.585938,92,92,95613.984375,1.641540,153.181061,93.315445,1.000000,0.000000,954.816833,96575.039062,95620.218750,10014.508789,956.027039,96684.171875,95728.148438,10013.122070,957.031799,96764.039062,95807.007812,10010.849609,957.410217,96811.773438,95854.359375,10011.837891,958.018799,96895.437500,95937.421875,10014.148438,2008,Summer,sp,Surface Pressure,hPa
90,957.567566,96806.781250,95849.242188,95849.242188,95849.585938,0.976249,0.000000,0.953062,33004.257812,91,90,95849.210938,2.918629,255.512146,87.545250,1.000000,0.000000,957.821167,96826.187500,95868.367188,10009.004883,959.786255,96999.406250,96039.617188,10006.355469,961.455383,97135.375000,96173.921875,10002.952148,962.318237,97240.304688,96277.984375,10004.795898,963.518372,97307.578125,96344.062500,9999.192383,2008,Autumn,sp,Surface Pressure,hPa
91,0.842116,0.467380,-0.374736,0.396342,0.470688,0.888035,0.000000,0.788607,0.760607,91,91,-0.374736,0.618833,0.536646,0.867191,0.296703,0.000615,0.840972,0.472704,-0.368268,-43.790768,1.285112,0.881325,-0.403788,-31.420418,1.685217,1.231476,-0.453742,-26.924824,1.823004,1.322352,-0.500651,-27.462999,2.305582,1.498225,-0.807357,-35.017494,2008,Winter,u10,10m U-Wind,m/s
92,0.516037,0.155091,-0.360946,0.392775,0.454877,0.923574,0.000000,0.852989,0.644386,92,92,-0.360946,0.705907,0.593867,0.841281,0.239130,0.010156,0.545228,0.028675,-0.516553,-94.740715,1.009348,0.607815,-0.401533,-39.781414,1.260155,0.869697,-0.390458,-30.984907,1.833502,1.301363,-0.532139,-29.023113,2.269510,1.433289,-0.836221,-36.845879,2008,Spring,u10,10m U-Wind,m/s
92,0.448205,-0.021463,-0.469668,0.508866,0.561232,0.740098,0.000000,0.547745,1.228485,92,92,-0.469668,0.456849,0.336321,0.736176,0.489130,0.000000,0.463455,0.009498,-0.453958,-97.950691,0.785874,0.200045,-0.585829,-74.544907,0.994380,0.427191,-0.567189,-57.039486,1.145091,0.531902,-0.613189,-53.549385,1.307245,0.599734,-0.707511,-54.122272,2008,Summer,u10,10m U-Wind,m/s
90,0.108226,-0.101559,-0.199450,0.380076,0.448985,0.897019,0.000000,0.804643,0.547791,91,90,-0.209785,0.820987,0.560384,0.682574,0.194872,0.050564,0.068487,-0.198785,-0.267272,-390.253998,0.714985,0.297114,-0.417871,-58.444721,1.258761,0.720357,-0.538404,-42.772552,1.407779,0.933358,-0.474421,-33.699936,1.823031,1.036123,-0.786908,-43.164814,2008,Autumn,u10,10m U-Wind,m/s
91,0.044385,-0.441598,-0.485983,0.567847,0.704257,0.812708,0.000000,0.660495,0.807203,91,91,-0.485983,0.872466,0.672072,0.770313,0.340659,0.000044,-0.035368,-0.448328,-0.412960,-1167.609497,0.475687,-0.121062,-0.596749,-125.450005,0.999293,0.456999,-0.542294,-54.267738,1.541334,0.794650,-0.746684,-48.444027,2.477647,1.166194,-1.311453,-52.931385,2008,Winter,v10,10m V-Wind,m/s
92,-0.205127,-0.755850,-0.550723,0.605009,0.687867,0.694529,0.000000,0.482370,1.219494,92,92,-0.550723,0.564059,0.463690,0.822059,0.467391,0.000000,-0.185134,-0.786220,-0.601086,-324.676208,0.198733,-0.425046,-0.623779,-313.878204,0.365748,-0.129025,-0.494773,-135.276962,0.673378,-0.018595,-0.691973,-102.761497,0.876822,0.232409,-0.644412,-73.494141,2008,Spring,v10,10m V-Wind,m/s
92,0.484036,-0.055681,-0.539717,0.547106,0.623266,0.639837,0.000000,0.409392,1.801179,92,92,-0.539717,0.346032,0.384032,1.109816,0.554348,0.000000,0.462958,-0.020497,-0.483455,-104.427505,0.728058,0.190575,-0.537483,-73.824173,0.960508,0.418093,-0.542416,-56.471741,1.063191,0.530217,-0.532974,-50.129688,1.130333,0.809912,-0.320422,-28.347544,2008,Summer,v10,10m V-Wind,m/s
90,-0.411810,-0.770302,-0.370236,0.484791,0.594506,0.737335,0.000000,0.543663,0.865551,91,90,-0.358491,0.692096,0.539272,0.779187,0.305128,0.000262,-0.353169,-0.682967,-0.329799,-93.382751,0.026045,-0.430341,-0.456386,-1752.305542,0.488856,-0.104377,-0.593234,-121.351349,0.644290,0.034232,-0.610058,-94.686913,1.161337,0.361451,-0.799886,-68.876335,2008,Autumn,v10,10m V-Wind,m/s
91,0.830935,0.331329,-0.499606,0.499606,0.499739,0.634218,0.000000,0.402233,35.326157,91,91,-0.499606,0.014146,0.012632,0.892962,1.000000,0.000000,0.825907,0.326747,-0.499160,-60.437771,0.839086,0.339880,-0.499206,-59.494049,0.851313,0.351393,-0.499921,-58.723480,0.860962,0.355260,-0.505702,-58.736897,0.868680,0.360819,-0.507861,-58.463558,2008,Winter,lai,Leaf Area Index,Index
92,1.071447,0.579718,-0.491729,0.491729,0.491923,0.998170,0.000000,0.996342,2.967261,92,92,-0.491729,0.165783,0.174949,1.055287,0.902174,0.000000,1.039403,0.528558,-0.510845,-49.147892,1.212397,0.724564,-0.487832,-40.237034,1.317859,0.848183,-0.469676,-35.639351,1.353485,0.891349,-0.462136,-34.144161,1.381986,0.925877,-0.456108,-33.003834,2008,Spring,lai,Leaf Area Index,Index
92,1.543955,1.122726,-0.421228,0.421228,0.421362,0.998134,0.000000,0.996271,7.008246,92,92,-0.421229,0.060124,0.069986,1.164033,1.000000,0.000000,1.561647,1.144977,-0.416670,-26.681440,1.593155,1.178782,-0.414373,-26.009602,1.611411,1.200080,-0.411330,-25.526104,1.618217,1.206247,-0.411970,-25.458275,1.622969,1.212162,-0.410807,-25.312057,2008,Summer,lai,Leaf Area Index,Index
90,1.091397,0.609752,-0.482845,0.482845,0.483729,0.999798,0.000000,0.999597,2.709150,91,90,-0.481645,0.177934,0.207530,1.166330,0.822344,0.000000,1.029400,0.544550,-0.484851,-47.100296,1.246184,0.792343,-0.453842,-36.418491,1.368852,0.927871,-0.440981,-32.215363,1.401409,0.965131,-0.436278,-31.131393,1.427456,0.994939,-0.432517,-30.299831,2008,Autumn,lai,Leaf Area Index,Index
90,276.374908,276.558105,0.183164,0.645986,0.760661,0.928699,0.000000,0.862482,0.398587,90,90,0.183197,1.908395,1.562043,0.818511,0.111111,0.637827,276.417603,276.630493,0.212891,0.077018,277.329468,277.430389,0.100922,0.036391,279.075714,278.301056,-0.774658,-0.277580,279.987762,279.273499,-0.714264,-0.255105,280.351196,279.802216,-0.548981,-0.195819,2009,Winter,t2m,2m Temperature,K
92,285.143616,284.166138,-0.977450,0.994261,1.098568,0.994895,0.000000,0.989816,0.262253,92,92,-0.977478,4.188959,3.897863,0.930509,0.163043,0.173668,284.574097,283.729187,-0.844910,-0.296903,289.212097,288.035614,-1.176483,-0.406789,290.479706,289.011627,-1.468079,-0.505398,290.765411,289.743134,-1.022278,-0.351582,291.840851,290.474762,-1.366089,-0.468094,2009,Spring,t2m,2m Temperature,K
90,294.862610,294.116852,-0.815832,0.817904,0.869034,0.979160,0.000000,0.958755,0.595423,92,90,-0.745758,1.518417,1.471260,0.968944,0.375604,0.000003,295.319489,294.402985,-0.916504,-0.310343,295.820190,294.991699,-0.828491,-0.280066,296.315887,295.512177,-0.803711,-0.271235,296.499969,295.755829,-0.744141,-0.250975,296.607330,296.008087,-0.599243,-0.202032,2009,Summer,t2m,2m Temperature,K
91,287.704132,287.694031,-0.010137,0.330810,0.392774,0.996721,0.000000,0.993454,0.093202,91,91,-0.010101,4.214212,4.005694,0.950520,0.087912,0.876095,286.145935,286.297546,0.151611,0.052984,292.715515,292.507996,-0.207520,-0.070895,293.813721,293.474609,-0.339111,-0.115417,294.166443,293.845947,-0.320496,-0.108950,294.631287,294.385925,-0.245361,-0.083277,2009,Autumn,t2m,2m Temperature,K
90,270.576447,271.806488,1.230096,1.244340,1.372470,0.962052,0.000000,0.925545,0.666103,90,90,1.230042,2.060446,1.748935,0.848814,0.377778,0.000004,270.601501,271.802185,1.200684,0.443709,271.782104,272.748749,0.966644,0.355669,273.156372,274.063995,0.907623,0.332272,274.076630,274.624481,0.547852,0.199890,274.685730,275.406494,0.720764,0.262396,2009,Winter,d2m,2m Dewpoint,K
92,277.367218,278.196259,0.829049,0.870459,0.990320,0.990822,0.000000,0.981728,0.247308,92,92,0.829041,4.004406,3.947305,0.985740,0.141304,0.318630,276.921875,277.883087,0.961212,0.347106,280.528656,281.779572,1.250916,0.445914,283.014679,283.589264,0.574585,0.203023,283.498657,284.025116,0.526459,0.185701,284.140839,284.615387,0.474548,0.167012,2009,Spring,d2m,2m Dewpoint,K
90,287.300751,287.807068,0.446229,0.455306,0.532544,0.982479,0.000000,0.965265,0.370316,92,90,0.506317,1.486199,1.300425,0.875001,0.235749,0.009884,287.640930,288.054871,0.413940,0.143909,288.331024,288.645325,0.314301,0.109007,288.708069,289.130249,0.422180,0.146231,289.014801,289.328003,0.313202,0.108369,289.338440,289.619080,0.280640,0.096994,2009,Summer,d2m,2m Dewpoint,K
91,281.344910,282.686615,1.341731,1.341731,1.402175,0.997557,0.000000,0.995119,0.367666,91,91,1.341705,3.813720,3.496413,0.916798,0.208791,0.037590,280.575012,281.882294,1.307281,0.465929,285.412903,286.567932,1.155029,0.404687,287.179138,288.039001,0.859863,0.299417,287.347931,288.159607,0.811676,0.282472,287.561554,288.317535,0.755981,0.262894,2009,Autumn,d2m,2m Dewpoint,K
90,957.331970,96839.976562,95882.640625,95882.640625,95883.054688,0.974104,0.000000,0.948878,29254.355469,90,90,95882.648438,3.277565,286.102753,87.291252,1.000000,0.000000,957.292114,96836.453125,95879.164062,10015.664062,959.198853,97012.320312,96053.125000,10013.890625,961.417603,97196.523438,96235.109375,10009.709961,961.915894,97233.507812,96271.593750,10008.316406,965.310242,97524.429688,96559.117188,10002.910156,2009,Winter,sp,Surface Pressure,hPa
92,956.232849,96752.828125,95796.601562,95796.601562,95796.937500,0.968224,0.000000,0.937458,31479.017578,92,92,95796.593750,3.043200,259.830475,85.380684,1.000000,0.000000,956.472290,96750.218750,95793.750000,10015.319336,958.422668,96922.421875,95964.000000,10012.701172,959.583557,97088.835938,96129.250000,10017.809570,960.839539,97163.953125,96203.117188,10012.402344,962.290588,97301.843750,96339.554688,10011.482422,2009,Spring,sp,Surface Pressure,hPa
90,955.256042,96623.492188,95668.203125,95668.203125,95668.359375,0.974260,0.000000,0.949183,45725.992188,92,90,95668.234375,2.082199,173.440247,83.296669,1.000000,0.000000,955.702026,96659.437500,95703.734375,10013.971680,956.990295,96765.085938,95808.093750,10011.396484,957.416748,96807.859375,95850.445312,10011.361328,958.008057,96848.179688,95890.171875,10009.328125,958.534912,96902.898438,95944.367188,10009.481445,2009,Summer,sp,Surface Pressure,hPa
91,956.174683,96667.867188,95711.695312,95711.695312,95711.890625,0.956255,0.000000,0.914424,37080.816406,91,91,95711.695312,2.581170,201.222900,77.958015,1.000000,0.000000,956.555786,96687.320312,95730.765625,10007.860352,957.953857,96816.132812,95858.179688,10006.554688,959.322876,96919.320312,95960.000000,10002.888672,959.915405,96994.687500,96034.773438,10004.503906,960.777649,97055.398438,96094.617188,10001.753906,2009,Autumn,sp,Surface Pressure,hPa
90,0.911095,0.447839,-0.463257,0.477169,0.577262,0.877136,0.000000,0.769367,0.807280,90,90,-0.463257,0.715071,0.600827,0.840234,0.300000,0.000561,0.880952,0.437652,-0.443300,-50.320572,1.454129,0.850675,-0.603454,-41.499332,1.796784,1.258120,-0.538664,-29.979364,1.933086,1.359077,-0.574009,-29.693916,2.470249,1.699256,-0.770993,-31.211126,2009,Winter,u10,10m U-Wind,m/s
92,0.350509,0.004195,-0.346315,0.435162,0.519847,0.849156,0.000000,0.721067,0.716513,92,92,-0.346315,0.725525,0.557084,0.767837,0.347826,0.000025,0.378838,0.030171,-0.348667,-92.035881,0.834133,0.271768,-0.562365,-67.419075,1.142964,0.508197,-0.634767,-55.536919,1.490518,0.892180,-0.598338,-40.142975,2.576765,1.741460,-0.835304,-32.416794,2009,Spring,u10,10m U-Wind,m/s
90,0.464176,-0.067869,-0.531740,0.542415,0.599842,0.797607,0.000000,0.636176,1.320675,92,90,-0.532044,0.449549,0.317447,0.706144,0.572947,0.000000,0.510050,-0.094208,-0.604258,-118.470398,0.842917,0.102555,-0.740361,-87.833275,0.990803,0.358055,-0.632748,-63.862129,1.037042,0.630514,-0.406528,-39.200722,1.480895,0.678314,-0.802581,-54.195660,2009,Summer,u10,10m U-Wind,m/s
91,0.136211,-0.037391,-0.173602,0.364943,0.472510,0.792689,0.000000,0.628355,0.666125,91,91,-0.173602,0.709341,0.483996,0.682318,0.175824,0.120121,-0.087977,-0.106952,-0.018974,-21.567427,0.591677,0.277670,-0.314008,-53.070740,1.173530,0.583452,-0.590078,-50.282276,1.474032,0.710903,-0.763130,-51.771561,1.839422,1.215529,-0.623893,-33.917889,2009,Autumn,u10,10m U-Wind,m/s
90,-0.436350,-0.619662,-0.183311,0.405693,0.522636,0.692675,0.000000,0.479799,0.771322,90,90,-0.183311,0.677585,0.495994,0.732003,0.166667,0.164473,-0.477953,-0.613659,-0.135706,-28.393209,0.054836,-0.274717,-0.329553,-600.976624,0.437698,0.048617,-0.389081,-88.892532,0.833797,0.201571,-0.632226,-75.824959,1.086875,0.299612,-0.787264,-72.433678,2009,Winter,v10,10m V-Wind,m/s
92,0.083415,-0.505998,-0.589413,0.640087,0.739399,0.752458,0.000000,0.566193,1.103472,92,92,-0.589413,0.670066,0.571496,0.852896,0.456522,0.000000,0.090165,-0.503316,-0.593481,-658.214172,0.579387,-0.200208,-0.779595,-134.555206,0.904211,0.151141,-0.753069,-83.284737,1.077198,0.674052,-0.403146,-37.425442,1.462806,0.907043,-0.555763,-37.992943,2009,Spring,v10,10m V-Wind,m/s
90,0.437592,-0.172809,-0.604565,0.621949,0.665066,0.556109,0.000000,0.309258,2.125872,92,90,-0.610401,0.313128,0.269942,0.862082,0.748068,0.000000,0.473457,-0.171445,-0.644902,-136.211319,0.636526,0.013590,-0.622935,-97.864922,0.800243,0.147281,-0.652962,-81.595428,0.880647,0.224299,-0.656348,-74.530159,1.078462,0.298081,-0.780381,-72.360588,2009,Summer,v10,10m V-Wind,m/s
91,-0.248184,-0.592962,-0.344778,0.420388,0.511700,0.691617,0.000000,0.478334,1.013289,91,91,-0.344778,0.504990,0.448924,0.888977,0.318681,0.000174,-0.188088,-0.636364,-0.448275,-238.332214,0.118113,-0.292749,-0.410861,-347.854828,0.426930,-0.037054,-0.463984,-108.679253,0.509053,0.083029,-0.426024,-83.689499,0.592022,0.373345,-0.218677,-36.937294,2009,Autumn,v10,10m V-Wind,m/s
90,0.830802,0.331055,-0.499747,0.499747,0.499880,0.629409,0.000000,0.396155,35.356625,90,90,-0.499747,0.014138,0.012366,0.874657,1.000000,0.000000,0.825802,0.326661,-0.499142,-60.443222,0.838845,0.339602,-0.499243,-59.515564,0.851528,0.350310,-0.501217,-58.860958,0.861069,0.354262,-0.506807,-58.857868,0.868702,0.359956,-0.508745,-58.563869,2009,Winter,lai,Leaf Area Index,Index
92,1.071378,0.579648,-0.491730,0.491730,0.491923,0.998166,0.000000,0.996335,2.965666,92,92,-0.491729,0.165873,0.175032,1.055217,0.902174,0.000000,1.039403,0.528556,-0.510847,-49.148117,1.212397,0.724567,-0.487829,-40.236771,1.317859,0.848183,-0.469676,-35.639305,1.353485,0.891350,-0.462134,-34.144043,1.381986,0.925881,-0.456104,-33.003559,2009,Spring,lai,Leaf Area Index,Index
90,1.543955,1.125233,-0.420771,0.420771,0.420897,0.998088,0.000000,0.996180,7.124833,92,90,-0.418722,0.060124,0.068575,1.140556,1.000000,0.000000,1.561647,1.146115,-0.415532,-26.608587,1.593155,1.179910,-0.413245,-25.938768,1.611411,1.200308,-0.411103,-25.511997,1.618217,1.206480,-0.411738,-25.443909,1.622969,1.212214,-0.410755,-25.308863,2009,Summer,lai,Leaf Area Index,Index
91,1.091397,0.608368,-0.483029,0.483029,0.483906,0.999799,0.000000,0.999598,2.719575,91,91,-0.483029,0.177934,0.206805,1.162256,0.824176,0.000000,1.029400,0.541798,-0.487602,-47.367596,1.246184,0.789526,-0.456658,-36.644508,1.368852,0.927034,-0.441818,-32.276527,1.401409,0.964713,-0.436697,-31.161259,1.427456,0.994855,-0.432600,-30.305698,2009,Autumn,lai,Leaf Area Index,Index
90,276.433075,277.060944,0.627854,0.724586,0.853902,0.959935,0.000000,0.921476,0.446548,90,90,0.627869,1.912230,1.616952,0.845585,0.200000,0.054425,276.515350,277.229126,0.713776,0.258132,277.912506,278.425171,0.512665,0.184470,278.798676,279.161774,0.363098,0.130237,279.300446,279.403564,0.103119,0.036920,279.385223,279.554047,0.168823,0.060427,2010,Winter,t2m,2m Temperature,K
92,285.807770,285.168610,-0.639147,0.743059,0.843336,0.993652,0.000000,0.987343,0.227281,92,92,-0.639160,3.710537,3.328580,0.897062,0.163043,0.173668,286.246155,285.629089,-0.617065,-0.215572,287.922729,286.925873,-0.996857,-0.346224,291.324799,290.239563,-1.085236,-0.372517,291.937897,290.577942,-1.359955,-0.465837,292.418762,291.016388,-1.402374,-0.479577,2010,Spring,t2m,2m Temperature,K
92,295.668365,294.535553,-1.132806,1.132806,1.155135,0.985719,0.000000,0.971642,0.875476,92,92,-1.132812,1.319436,1.342058,1.017145,0.456522,0.000000,296.033630,295.031555,-1.002075,-0.338500,296.676056,295.600067,-1.075989,-0.362681,297.006409,295.916199,-1.090210,-0.367066,297.212860,296.043091,-1.169769,-0.393580,297.618652,296.252747,-1.365906,-0.458945,2010,Summer,t2m,2m Temperature,K
91,287.641235,287.269562,-0.371633,0.493626,0.587948,0.996640,0.000000,0.993292,0.123185,91,91,-0.371674,4.772875,4.522829,0.947611,0.175824,0.120121,288.086517,287.609924,-0.476593,-0.165434,292.213470,291.386688,-0.826782,-0.282938,292.924408,292.184052,-0.740356,-0.252747,293.073242,292.382690,-0.690552,-0.235624,295.124084,294.206696,-0.917389,-0.310849,2010,Autumn,t2m,2m Temperature,K
90,271.403351,272.943695,1.540360,1.540360,1.658796,0.964404,0.000000,0.930075,0.805743,90,90,1.540344,2.058717,1.698155,0.824861,0.377778,0.000004,271.401581,273.085754,1.684174,0.620547,272.552429,273.982544,1.430115,0.524712,274.052704,274.965851,0.913147,0.333201,275.122528,275.828644,0.706116,0.256655,275.592346,276.504456,0.912109,0.330963,2010,Winter,d2m,2m Dewpoint,K
92,278.178619,279.394440,1.215833,1.215833,1.338522,0.988948,0.000000,0.978018,0.389659,92,92,1.215820,3.435115,3.164757,0.921296,0.260870,0.003677,278.116180,279.631256,1.515076,0.544764,279.796021,281.027954,1.231934,0.440297,283.660583,284.409760,0.749176,0.264110,284.497162,284.782867,0.285706,0.100425,285.137756,285.280457,0.142700,0.050046,2010,Spring,d2m,2m Dewpoint,K
92,288.158875,288.266296,0.107440,0.228360,0.289826,0.980223,0.000000,0.960838,0.219303,92,92,0.107422,1.321576,1.231747,0.932029,0.076087,0.954508,288.418274,288.591736,0.173462,0.060142,289.352020,289.371582,0.019562,0.006761,289.636475,289.597687,-0.038788,-0.013392,289.902954,289.710510,-0.192444,-0.066382,290.126526,289.898132,-0.228394,-0.078722,2010,Summer,d2m,2m Dewpoint,K
91,280.537445,281.823090,1.285610,1.290263,1.404538,0.992197,0.000000,0.984455,0.318362,91,91,1.285645,4.411767,4.245531,0.962320,0.241758,0.009575,280.980225,282.358093,1.377869,0.490379,284.732788,285.935181,1.202393,0.422288,285.345093,286.337860,0.992767,0.347918,286.368500,286.799683,0.431183,0.150569,287.756927,288.275940,0.519012,0.180365,2010,Autumn,d2m,2m Dewpoint,K
90,955.379089,96613.531250,95658.132812,95658.132812,95658.648438,0.977432,0.000000,0.955372,27044.074219,90,90,95658.148438,3.537139,317.349152,89.719162,1.000000,0.000000,955.434570,96636.515625,95681.078125,10014.404297,958.017395,96880.531250,95922.515625,10012.607422,959.614075,97000.234375,96040.617188,10008.254883,960.653748,97043.242188,96082.585938,10001.791992,962.099915,97128.203125,96166.101562,9995.437500,2010,Winter,sp,Surface Pressure,hPa
92,954.421021,96570.085938,95615.648438,95615.648438,95616.046875,0.974523,0.000000,0.949695,30932.580078,92,92,95615.664062,3.091111,273.326233,88.423294,1.000000,0.000000,954.303467,96580.859375,95626.554688,10020.559570,956.695496,96753.679688,95796.984375,10013.320312,958.554810,96951.070312,95992.515625,10014.296875,959.222290,97005.945312,96046.726562,10012.979492,960.267029,97070.945312,96110.679688,10008.745117,2010,Spring,sp,Surface Pressure,hPa
92,954.920532,96577.367188,95622.468750,95622.468750,95622.578125,0.961786,0.000000,0.925031,61766.328125,92,92,95622.445312,1.548134,146.238388,94.461037,1.000000,0.000000,955.349976,96599.953125,95644.601562,10011.472656,955.958618,96677.617188,95721.656250,10013.159180,956.650330,96735.375000,95778.726562,10011.884766,957.140198,96766.671875,95809.531250,10009.978516,957.558899,96897.734375,95940.171875,10019.245117,2010,Summer,sp,Surface Pressure,hPa
91,955.707947,96642.132812,95686.414062,95686.414062,95686.750000,0.967668,0.000000,0.936382,34265.906250,91,91,95686.421875,2.792477,254.738220,91.223038,1.000000,0.000000,955.598877,96632.945312,95677.343750,10012.291016,957.246582,96772.437500,95815.187500,10009.458008,959.133972,96961.742188,96002.609375,10009.301758,960.370605,97074.515625,96114.148438,10008.027344,963.698059,97356.679688,96392.984375,10002.404297,2010,Autumn,sp,Surface Pressure,hPa
90,1.087849,0.799731,-0.288119,0.394866,0.479487,0.851751,0.000000,0.725479,0.666766,90,90,-0.288119,0.719123,0.542300,0.754113,0.255556,0.005425,1.100267,0.793981,-0.306287,-27.837473,1.608404,1.178414,-0.429991,-26.733995,1.997320,1.472416,-0.524904,-26.280424,2.353139,1.527912,-0.825227,-35.069191,2.627752,2.076757,-0.550995,-20.968304,2010,Winter,u10,10m U-Wind,m/s
92,0.539786,0.274250,-0.265536,0.357730,0.458120,0.873663,0.000000,0.763286,0.601253,92,92,-0.265536,0.761943,0.621647,0.815870,0.260870,0.003677,0.637831,0.339832,-0.298000,-46.720760,1.048195,0.661210,-0.386984,-36.919144,1.507426,0.956625,-0.550801,-36.539181,1.714187,1.294158,-0.420029,-24.503117,1.949855,1.550996,-0.398859,-20.455824,2010,Spring,u10,10m U-Wind,m/s
92,0.438407,-0.014708,-0.453115,0.453115,0.497886,0.833644,0.000000,0.694963,1.332806,92,92,-0.453115,0.373562,0.314527,0.841966,0.543478,0.000000,0.456884,-0.035988,-0.492871,-107.876808,0.735472,0.207867,-0.527605,-71.736946,0.863985,0.382952,-0.481033,-55.676109,1.010639,0.544488,-0.466151,-46.124355,1.163853,0.794299,-0.369554,-31.752655,2010,Summer,u10,10m U-Wind,m/s
91,0.417453,0.226619,-0.190834,0.294990,0.392350,0.846451,0.000000,0.716479,0.610471,91,91,-0.190834,0.642700,0.523800,0.814999,0.197802,0.056641,0.289996,0.172088,-0.117908,-40.658562,0.911279,0.660271,-0.251009,-27.544632,1.286997,1.008964,-0.278033,-21.603233,1.356814,1.099046,-0.257768,-18.998062,1.661025,1.221633,-0.439391,-26.453024,2010,Autumn,u10,10m U-Wind,m/s
90,-0.721908,-0.560917,0.160990,0.365299,0.475907,0.884305,0.000000,0.781995,0.513991,90,90,0.160990,0.925906,0.701849,0.758013,0.166667,0.164473,-0.798904,-0.654241,0.144663,18.107718,-0.169248,-0.234624,-0.065376,-38.627598,0.446627,0.380816,-0.065812,-14.735269,1.172910,0.814067,-0.358843,-30.594254,1.643700,1.225460,-0.418241,-25.445065,2010,Winter,v10,10m V-Wind,m/s
92,-0.122183,-0.613037,-0.490855,0.623689,0.717804,0.704889,0.000000,0.496868,0.972199,92,92,-0.490855,0.738331,0.514838,0.697300,0.413043,0.000000,-0.054327,-0.597848,-0.543521,-1000.462402,0.267695,-0.313553,-0.581247,-217.130661,0.906041,0.075869,-0.830171,-91.626289,1.092039,0.293489,-0.798549,-73.124649,1.397034,0.739304,-0.657729,-47.080425,2010,Spring,v10,10m V-Wind,m/s
92,0.463390,-0.266562,-0.729952,0.729952,0.776986,0.730146,0.000000,0.533112,2.166106,92,92,-0.729952,0.358702,0.365850,1.019928,0.739130,0.000000,0.453768,-0.321584,-0.775352,-170.869644,0.657793,-0.146189,-0.803982,-122.224182,0.891053,0.143593,-0.747460,-83.885056,1.102637,0.524305,-0.578331,-52.449863,1.377853,0.841428,-0.536424,-38.931900,2010,Summer,v10,10m V-Wind,m/s
91,-0.262538,-0.644438,-0.381900,0.455077,0.591227,0.757118,0.000000,0.573228,0.857158,91,91,-0.381900,0.689753,0.547937,0.794397,0.285714,0.001117,-0.291940,-0.670352,-0.378412,-129.619690,0.195534,-0.311027,-0.506560,-259.065582,0.586966,0.081731,-0.505235,-86.075729,0.785182,0.227852,-0.557330,-70.981003,1.445742,0.468078,-0.977664,-67.623657,2010,Autumn,v10,10m V-Wind,m/s
90,0.830802,0.331004,-0.499798,0.499798,0.499930,0.631528,0.000000,0.398828,35.360146,90,90,-0.499798,0.014138,0.012356,0.873958,1.000000,0.000000,0.825802,0.326592,-0.499210,-60.451511,0.838845,0.339509,-0.499335,-59.526554,0.851528,0.350227,-0.501300,-58.870701,0.861069,0.354211,-0.506859,-58.863853,0.868702,0.359864,-0.508838,-58.574528,2010,Winter,lai,Leaf Area Index,Index
92,1.071378,0.579593,-0.491785,0.491785,0.491979,0.998168,0.000000,0.996340,2.966005,92,92,-0.491785,0.165873,0.175057,1.055367,0.902174,0.000000,1.039403,0.528501,-0.510902,-49.153439,1.212397,0.724538,-0.487858,-40.239178,1.317859,0.848163,-0.469696,-35.640804,1.353485,0.891322,-0.462163,-34.146133,1.381986,0.925865,-0.456120,-33.004707,2010,Spring,lai,Leaf Area Index,Index
92,1.543955,1.122713,-0.421241,0.421241,0.421375,0.998127,0.000000,0.996257,7.008463,92,92,-0.421242,0.060124,0.069981,1.163950,1.000000,0.000000,1.561647,1.144966,-0.416681,-26.682152,1.593155,1.178776,-0.414379,-26.009960,1.611411,1.200044,-0.411367,-25.528366,1.618217,1.206216,-0.412002,-25.460220,1.622969,1.212128,-0.410841,-25.314173,2010,Summer,lai,Leaf Area Index,Index
91,1.091397,0.608370,-0.483027,0.483027,0.483904,0.999799,0.000000,0.999598,2.719564,91,91,-0.483027,0.177934,0.206803,1.162244,0.824176,0.000000,1.029400,0.541798,-0.487602,-47.367596,1.246184,0.789526,-0.456658,-36.644508,1.368852,0.927034,-0.441818,-32.276527,1.401409,0.964713,-0.436697,-31.161259,1.427456,0.994855,-0.432600,-30.305698,2010,Autumn,lai,Leaf Area Index,Index
90,276.680420,276.684814,0.004376,0.608510,0.762652,0.968163,0.000000,0.937341,0.306658,90,90,0.004395,2.486976,1.967269,0.791028,0.077778,0.950194,277.035736,276.725220,-0.310516,-0.112085,278.650360,278.262268,-0.388092,-0.139276,279.712402,279.119812,-0.592590,-0.211857,280.570312,279.458557,-1.111755,-0.396248,280.967773,280.143494,-0.824280,-0.293372,2011,Winter,t2m,2m Temperature,K
92,285.202667,284.295715,-0.906950,0.917516,1.008260,0.994182,0.000000,0.988398,0.262717,92,92,-0.906952,3.837824,3.663388,0.954548,0.141304,0.318630,285.370667,284.275360,-1.095306,-0.383819,287.769653,287.328644,-0.441010,-0.153251,290.085571,289.022064,-1.063507,-0.366618,291.063507,289.891144,-1.172363,-0.402786,292.051056,290.493408,-1.557648,-0.533348,2011,Spring,t2m,2m Temperature,K
92,295.854462,294.577087,-1.277340,1.277340,1.312876,0.979846,0.000000,0.960098,0.876339,92,92,-1.277374,1.498137,1.517817,1.013136,0.456522,0.000000,296.257751,295.092773,-1.164978,-0.393231,296.960785,295.669800,-1.290985,-0.434733,297.516357,296.113434,-1.402924,-0.471545,297.679047,296.290649,-1.388397,-0.466407,297.865784,296.367676,-1.498108,-0.502947,2011,Summer,t2m,2m Temperature,K
91,288.005432,287.712524,-0.292889,0.425538,0.512626,0.995868,0.000000,0.991754,0.112929,91,91,-0.292908,4.539372,4.436481,0.977334,0.087912,0.876095,289.058807,288.561859,-0.496948,-0.171919,292.135437,291.882568,-0.252869,-0.086559,293.809937,293.397186,-0.412750,-0.140482,294.497498,293.838898,-0.658600,-0.223635,295.679504,294.685059,-0.994446,-0.336326,2011,Autumn,t2m,2m Temperature,K
90,271.098846,272.113556,1.014704,1.041068,1.193670,0.976972,0.000000,0.954474,0.470031,90,90,1.014709,2.539556,2.162313,0.851453,0.211111,0.035951,271.252838,272.304291,1.051453,0.387628,272.823090,273.625122,0.802032,0.293975,274.121521,274.972961,0.851440,0.310607,275.116760,275.347168,0.230408,0.083749,276.266022,276.539703,0.273682,0.099065,2011,Winter,d2m,2m Dewpoint,K
92,277.643158,278.434326,0.791170,0.802380,0.957185,0.988600,0.000000,0.977330,0.268362,92,92,0.791168,3.566770,3.483041,0.976525,0.173913,0.123865,277.146240,278.295807,1.149567,0.414787,280.373840,280.842590,0.468750,0.167187,282.904480,283.278015,0.373535,0.132036,283.972778,284.337952,0.365173,0.128594,284.610321,284.778961,0.168640,0.059253,2011,Spring,d2m,2m Dewpoint,K
92,287.534149,287.807800,0.273671,0.365393,0.460915,0.991790,0.000000,0.983648,0.256030,92,92,0.273651,1.800238,1.494683,0.830270,0.163043,0.173668,287.965515,288.325378,0.359863,0.124967,288.984406,288.945770,-0.038635,-0.013369,289.469788,289.309875,-0.159912,-0.055243,289.596283,289.450378,-0.145905,-0.050382,290.042236,289.650818,-0.391418,-0.134952,2011,Summer,d2m,2m Dewpoint,K
91,280.753357,281.951813,1.198448,1.198448,1.309559,0.991565,0.000000,0.983202,0.334363,91,91,1.198456,3.916580,3.738663,0.954573,0.219780,0.024383,280.707001,282.465637,1.758636,0.626503,284.646362,285.620667,0.974304,0.342286,285.142029,286.186340,1.044312,0.366243,285.984985,286.496399,0.511414,0.178825,287.361359,287.744812,0.383453,0.133439,2011,Autumn,d2m,2m Dewpoint,K
90,957.563171,96862.992188,95905.429688,95905.429688,95905.914062,0.978047,0.000000,0.956576,27964.482422,90,90,95905.429688,3.429562,305.450531,89.064018,1.000000,0.000000,957.252197,96809.953125,95852.703125,10013.317383,960.519897,97143.835938,96183.312500,10013.671875,962.257324,97285.171875,96322.914062,10010.098633,963.063660,97354.312500,96391.250000,10008.813477,963.656250,97391.164062,96427.507812,10006.421875,2011,Winter,sp,Surface Pressure,hPa
92,955.055969,96645.914062,95690.859375,95690.859375,95691.210938,0.977737,0.000000,0.955970,31187.765625,92,92,95690.859375,3.068229,261.129730,85.107635,1.000000,0.000000,954.352600,96588.875000,95634.523438,10020.878906,956.920166,96805.000000,95848.078125,10016.308594,959.825317,97009.398438,96049.570312,10006.984375,960.818848,97110.523438,96149.703125,10007.057617,961.568604,97225.125000,96263.554688,10011.095703,2011,Spring,sp,Surface Pressure,hPa
92,954.226135,96512.976562,95558.773438,95558.773438,95558.828125,0.941326,0.000000,0.886095,62739.242188,92,92,95558.750000,1.523111,126.637131,83.143730,1.000000,0.000000,954.322266,96496.789062,95542.468750,10011.551758,955.325073,96604.695312,95649.367188,10012.232422,956.051147,96685.812500,95729.757812,10013.037109,956.968567,96715.976562,95759.007812,10006.495117,957.615173,96818.679688,95861.062500,10010.394531,2011,Summer,sp,Surface Pressure,hPa
91,956.143127,96672.304688,95716.164062,95716.164062,95716.406250,0.966479,0.000000,0.934081,40034.300781,91,91,95716.164062,2.390860,213.379654,89.248085,1.000000,0.000000,956.372131,96685.593750,95729.218750,10009.620117,957.865967,96823.851562,95865.984375,10008.287109,958.942749,96939.765625,95980.820312,10009.025391,959.542908,96968.109375,96008.570312,10005.657227,960.132385,97033.101562,96072.968750,10006.220703,2011,Autumn,sp,Surface Pressure,hPa
90,0.852033,0.436675,-0.415359,0.440130,0.517749,0.911792,0.000000,0.831365,0.700752,90,90,-0.415359,0.738848,0.614651,0.831904,0.288889,0.001025,0.879010,0.438329,-0.440681,-50.133835,1.343301,0.841327,-0.501975,-37.368740,1.809902,1.188802,-0.621100,-34.316765,2.050939,1.475787,-0.575152,-28.043331,2.220896,1.603780,-0.617116,-27.786812,2011,Winter,u10,10m U-Wind,m/s
92,0.286512,0.039861,-0.246651,0.349777,0.424239,0.868775,0.000000,0.754771,0.613962,92,92,-0.246651,0.690986,0.554984,0.803177,0.195652,0.058896,0.237670,0.019036,-0.218634,-91.990517,0.673018,0.385349,-0.287669,-42.743137,1.164354,0.709962,-0.454392,-39.025253,1.457131,0.907277,-0.549854,-37.735390,2.080693,1.573072,-0.507620,-24.396704,2011,Spring,u10,10m U-Wind,m/s
92,0.431494,0.025854,-0.405640,0.413229,0.474900,0.839595,0.000000,0.704919,1.107697,92,92,-0.405640,0.428727,0.277810,0.647987,0.478261,0.000000,0.424502,-0.033986,-0.458488,-108.006035,0.719247,0.193273,-0.525974,-73.128395,0.887559,0.417775,-0.469784,-52.929909,1.214079,0.573055,-0.641024,-52.799225,1.557756,0.647460,-0.910296,-58.436375,2011,Summer,u10,10m U-Wind,m/s
91,0.269059,0.125095,-0.143964,0.288146,0.380368,0.864783,0.000000,0.747850,0.570808,91,91,-0.143964,0.666368,0.466774,0.700475,0.164835,0.169060,0.206030,0.109733,-0.096297,-46.739243,0.621733,0.436788,-0.184944,-29.746584,1.344311,0.681999,-0.662312,-49.267784,1.485961,0.906549,-0.579412,-38.992397,1.740699,1.370610,-0.370089,-21.260962,2011,Autumn,u10,10m U-Wind,m/s
90,-0.437526,-0.767877,-0.330351,0.407035,0.538268,0.830886,0.000000,0.690371,0.704802,90,90,-0.330351,0.763714,0.632048,0.827598,0.244444,0.009015,-0.502311,-0.873272,-0.370961,-73.850891,-0.049933,-0.215094,-0.165161,-330.763672,0.608817,0.086089,-0.522728,-85.859673,1.098512,0.242156,-0.856356,-77.955971,1.515128,0.698562,-0.816566,-53.894203,2011,Winter,v10,10m V-Wind,m/s
92,0.069106,-0.457471,-0.526577,0.551305,0.647089,0.814312,0.000000,0.663103,1.000095,92,92,-0.526577,0.647027,0.506857,0.783363,0.456522,0.000000,0.112002,-0.371023,-0.483025,-431.264923,0.546455,-0.110911,-0.657365,-120.296410,0.857751,0.101991,-0.755760,-88.109459,0.986725,0.297920,-0.688805,-69.807144,1.209615,0.565224,-0.644391,-53.272430,2011,Spring,v10,10m V-Wind,m/s
92,0.490777,-0.174575,-0.665352,0.665352,0.709892,0.755841,0.000000,0.571295,2.001372,92,92,-0.665352,0.354703,0.353638,0.996999,0.728261,0.000000,0.481976,-0.124156,-0.606133,-125.759811,0.718880,0.058216,-0.660664,-91.901894,0.960741,0.211159,-0.749582,-78.021217,1.075314,0.352594,-0.722720,-67.210152,1.249726,0.446865,-0.802861,-64.242935,2011,Summer,v10,10m V-Wind,m/s
91,-0.075408,-0.546169,-0.470761,0.503314,0.628374,0.753207,0.000000,0.567321,1.019894,91,91,-0.470761,0.616117,0.558894,0.907123,0.329670,0.000089,-0.126051,-0.562021,-0.435970,-345.866791,0.266072,-0.174300,-0.440372,-165.508423,0.695081,0.208226,-0.486855,-70.042877,0.946945,0.408248,-0.538697,-56.887859,1.651414,0.722361,-0.929053,-56.258030,2011,Autumn,v10,10m V-Wind,m/s
90,0.830802,0.331012,-0.499790,0.499790,0.499921,0.631771,0.000000,0.399134,35.359558,90,90,-0.499789,0.014138,0.012357,0.874048,1.000000,0.000000,0.825802,0.326615,-0.499188,-60.448811,0.838845,0.339523,-0.499322,-59.524982,0.851528,0.350231,-0.501297,-58.870293,0.861069,0.354213,-0.506856,-58.863571,0.868702,0.359872,-0.508830,-58.573612,2011,Winter,lai,Leaf Area Index,Index
92,1.071378,0.579623,-0.491755,0.491755,0.491949,0.998173,0.000000,0.996349,2.965819,92,92,-0.491755,0.165873,0.175054,1.055351,0.902174,0.000000,1.039403,0.528560,-0.510842,-49.147690,1.212397,0.724569,-0.487827,-40.236622,1.317859,0.848171,-0.469688,-35.640251,1.353485,0.891336,-0.462149,-34.145123,1.381986,0.925875,-0.456110,-33.003979,2011,Spring,lai,Leaf Area Index,Index
92,1.543955,1.122715,-0.421239,0.421239,0.421373,0.998128,0.000000,0.996259,7.008430,92,92,-0.421240,0.060124,0.069979,1.163922,1.000000,0.000000,1.561647,1.144971,-0.416676,-26.681837,1.593155,1.178776,-0.414379,-26.009960,1.611411,1.200044,-0.411367,-25.528366,1.618217,1.206216,-0.412002,-25.460220,1.622969,1.212128,-0.410841,-25.314173,2011,Summer,lai,Leaf Area Index,Index
91,1.091397,0.608370,-0.483027,0.483027,0.483904,0.999799,0.000000,0.999598,2.719564,91,91,-0.483027,0.177934,0.206803,1.162244,0.824176,0.000000,1.029400,0.541798,-0.487602,-47.367596,1.246184,0.789526,-0.456658,-36.644508,1.368852,0.927034,-0.441818,-32.276527,1.401409,0.964713,-0.436697,-31.161259,1.427456,0.994855,-0.432600,-30.305698,2011,Autumn,lai,Leaf Area Index,Index
91,278.471313,278.110962,-0.360379,0.610320,0.720975,0.970342,0.000000,0.941564,0.309321,91,91,-0.360352,2.330829,1.992514,0.854852,0.164835,0.169060,278.573212,278.152924,-0.420288,-0.150872,279.803925,279.302582,-0.501343,-0.179176,281.052734,280.251038,-0.801697,-0.285248,282.507416,281.315002,-1.192413,-0.422082,284.257935,283.101532,-1.156403,-0.406815,2012,Winter,t2m,2m Temperature,K
92,287.158173,285.845032,-1.313139,1.313139,1.376943,0.992578,0.000000,0.985211,0.408553,92,92,-1.313141,3.370296,3.284896,0.974661,0.336957,0.000050,286.792664,285.087219,-1.705444,-0.594661,289.601227,288.371185,-1.230042,-0.424736,291.844421,290.414124,-1.430298,-0.490089,292.064514,290.612976,-1.451538,-0.496992,292.531311,291.080627,-1.450684,-0.495907,2012,Spring,t2m,2m Temperature,K
92,295.977509,294.746490,-1.231076,1.231076,1.280668,0.968214,0.000000,0.937438,0.911813,92,92,-1.231018,1.404528,1.393734,0.992315,0.565217,0.000000,296.440277,295.366425,-1.073853,-0.362249,297.056183,295.752869,-1.303314,-0.438743,297.286072,296.080597,-1.205475,-0.405493,297.461731,296.184967,-1.276764,-0.429220,297.640564,296.234100,-1.406464,-0.472538,2012,Summer,t2m,2m Temperature,K
91,287.721649,287.460815,-0.260847,0.395510,0.505542,0.996295,0.000000,0.992603,0.108690,91,91,-0.260834,4.651222,4.468143,0.960638,0.065934,0.989735,287.817169,287.613983,-0.203186,-0.070596,291.687714,291.500854,-0.186859,-0.064061,293.355652,292.710052,-0.645599,-0.220074,295.611450,294.630859,-0.980591,-0.331716,296.095032,294.971466,-1.123566,-0.379461,2012,Autumn,t2m,2m Temperature,K
91,272.703888,273.529266,0.825344,0.851440,0.989822,0.981613,0.000000,0.963564,0.373948,91,91,0.825378,2.646953,2.390267,0.903026,0.175824,0.120121,272.969330,273.463043,0.493713,0.180868,274.648804,275.086731,0.437927,0.159450,275.928192,276.310516,0.382324,0.138559,276.596588,277.292389,0.695801,0.251558,279.290344,279.477722,0.187378,0.067091,2012,Winter,d2m,2m Dewpoint,K
92,278.866394,279.629364,0.762955,0.831469,1.002788,0.977826,0.000000,0.956143,0.322827,92,92,0.762970,3.106265,3.019659,0.972119,0.130435,0.416118,279.118927,279.468445,0.349518,0.125222,280.934204,282.307709,1.373505,0.488906,283.002228,283.565735,0.563507,0.199118,283.400177,284.063568,0.663391,0.234083,283.815857,284.354218,0.538361,0.189687,2012,Spring,d2m,2m Dewpoint,K
92,287.281403,287.795380,0.514049,0.546116,0.645937,0.988069,0.000000,0.976281,0.379080,92,92,0.513977,1.703957,1.393595,0.817858,0.173913,0.123865,287.923706,288.256714,0.333008,0.115658,288.520172,288.853546,0.333374,0.115546,289.001526,289.114960,0.113434,0.039250,289.397827,289.507446,0.109619,0.037878,289.881195,289.963593,0.082397,0.028425,2012,Summer,d2m,2m Dewpoint,K
91,280.464539,281.805511,1.340914,1.340914,1.417935,0.993280,0.000000,0.986606,0.363828,91,91,1.340973,3.897265,3.775944,0.968870,0.197802,0.056641,280.833160,282.143860,1.310699,0.466718,283.555298,285.018616,1.463318,0.516061,284.755707,286.089142,1.333435,0.468273,287.399292,288.003967,0.604675,0.210396,287.715881,288.377869,0.661987,0.230084,2012,Autumn,d2m,2m Dewpoint,K
91,956.609741,96760.921875,95804.343750,95804.343750,95804.601562,0.964433,0.000000,0.930130,34315.179688,91,91,95804.312500,2.791901,231.473419,82.908882,1.000000,0.000000,956.283691,96759.242188,95802.960938,10018.256836,958.827759,96926.281250,95967.453125,10008.831055,959.940857,97043.281250,96083.343750,10009.297852,960.948486,97087.125000,96126.179688,10003.260742,961.553406,97180.429688,96218.875000,10006.608398,2012,Winter,sp,Surface Pressure,hPa
92,955.216309,96633.968750,95678.757812,95678.757812,95678.968750,0.954530,0.000000,0.911128,39125.617188,92,92,95678.750000,2.445430,206.816849,84.572784,1.000000,0.000000,955.055420,96629.984375,95674.929688,10017.736328,956.597534,96764.984375,95808.390625,10015.538086,958.309875,96915.445312,95957.132812,10013.163086,959.557678,96985.859375,96026.304688,10007.350586,960.831909,97077.351562,96116.523438,10003.468750,2012,Spring,sp,Surface Pressure,hPa
92,955.230713,96600.257812,95645.054688,95645.054688,95645.171875,0.968182,0.000000,0.937376,54857.207031,92,92,95645.023438,1.743530,155.299698,89.072014,1.000000,0.000000,955.157227,96597.343750,95642.187500,10013.240234,956.692566,96733.171875,95776.476562,10011.208008,957.430969,96805.109375,95847.679688,10010.922852,957.697693,96827.328125,95869.632812,10010.426758,958.098022,96837.187500,95879.085938,10007.231445,2012,Summer,sp,Surface Pressure,hPa
91,956.759094,96748.757812,95792.000000,95792.000000,95792.289062,0.975435,0.000000,0.951473,33445.808594,91,91,95792.000000,2.864105,243.372330,84.973274,1.000000,0.000000,956.598450,96737.328125,95780.726562,10012.636719,958.546509,96872.921875,95914.375000,10006.231445,961.056274,97079.500000,96118.445312,10001.333984,961.703857,97159.453125,96197.750000,10002.845703,962.425903,97241.875000,96279.445312,10003.830078,2012,Autumn,sp,Surface Pressure,hPa
91,0.884848,0.505839,-0.379009,0.443185,0.529260,0.889988,0.000000,0.792078,0.708951,91,91,-0.379009,0.746539,0.520921,0.697782,0.263736,0.003427,0.781583,0.377914,-0.403669,-51.647617,1.389983,0.896814,-0.493169,-35.480232,1.920487,1.155107,-0.765379,-39.853394,2.143462,1.321462,-0.822000,-38.349171,2.428120,1.801618,-0.626502,-25.801939,2012,Winter,u10,10m U-Wind,m/s
92,0.383594,0.094931,-0.288663,0.337627,0.432495,0.779799,0.000000,0.608086,0.845165,92,92,-0.288663,0.511729,0.432165,0.844521,0.250000,0.006182,0.299906,0.052891,-0.247015,-82.364014,0.723210,0.422767,-0.300443,-41.543007,1.076636,0.711557,-0.365079,-33.909260,1.282226,0.815103,-0.467123,-36.430645,1.632755,1.008761,-0.623993,-38.217213,2012,Spring,u10,10m U-Wind,m/s
92,0.360991,-0.070338,-0.431329,0.438178,0.480143,0.918122,0.000000,0.842948,0.949445,92,92,-0.431329,0.505709,0.398517,0.788037,0.434783,0.000000,0.397915,-0.060808,-0.458723,-115.281677,0.677313,0.178945,-0.498368,-73.580177,0.946453,0.434422,-0.512031,-54.099976,1.220277,0.562060,-0.658217,-53.939953,1.543950,0.836367,-0.707583,-45.829399,2012,Summer,u10,10m U-Wind,m/s
91,0.322236,0.079722,-0.242514,0.395592,0.459046,0.837858,0.000000,0.702007,0.652506,91,91,-0.242514,0.703512,0.522927,0.743310,0.252747,0.005795,0.300744,0.066640,-0.234104,-77.841606,0.757100,0.435748,-0.321352,-42.445084,1.173079,0.761496,-0.411583,-35.085712,1.468107,0.973106,-0.495001,-33.716953,1.949931,1.218811,-0.731121,-37.494682,2012,Autumn,u10,10m U-Wind,m/s
91,-0.144766,-0.483154,-0.338388,0.499346,0.597668,0.684906,0.000000,0.469096,0.885502,91,91,-0.338388,0.674948,0.491329,0.727951,0.274725,0.001979,-0.192402,-0.423886,-0.231484,-120.312500,0.317692,-0.198746,-0.516438,-162.559479,0.848921,0.131864,-0.717057,-84.466911,1.009126,0.201039,-0.808087,-80.077919,1.244107,0.464137,-0.779970,-62.693138,2012,Winter,v10,10m V-Wind,m/s
92,0.281568,-0.252950,-0.534518,0.582684,0.714151,0.768460,0.000000,0.590531,0.969307,92,92,-0.534518,0.736764,0.521087,0.707264,0.358696,0.000012,0.253464,-0.291211,-0.544676,-214.892426,0.752542,0.067448,-0.685094,-91.037277,1.392470,0.409170,-0.983300,-70.615517,1.524773,0.640553,-0.884220,-57.990246,1.817401,1.090944,-0.726458,-39.972336,2012,Spring,v10,10m V-Wind,m/s
92,0.444702,-0.114538,-0.559240,0.565610,0.640872,0.569420,0.000000,0.324239,1.851892,92,92,-0.559240,0.346064,0.327588,0.946612,0.630435,0.000000,0.497140,-0.120748,-0.617887,-124.288551,0.647903,0.107156,-0.540746,-83.461067,0.839499,0.267182,-0.572317,-68.173607,0.940826,0.439547,-0.501280,-53.280769,1.081770,0.576469,-0.505301,-46.710545,2012,Summer,v10,10m V-Wind,m/s
91,-0.327508,-0.693895,-0.366386,0.437042,0.518154,0.771764,0.000000,0.595619,0.922485,91,91,-0.366386,0.561694,0.515119,0.917082,0.296703,0.000615,-0.322632,-0.699899,-0.377267,-116.934303,0.094898,-0.320517,-0.415414,-437.749969,0.311032,-0.106988,-0.418020,-134.397629,0.456082,0.026323,-0.429759,-94.228371,0.863372,0.448674,-0.414698,-48.032406,2012,Autumn,v10,10m V-Wind,m/s
91,0.830935,0.331294,-0.499641,0.499641,0.499774,0.635049,0.000000,0.403288,35.328648,91,91,-0.499641,0.014146,0.012626,0.892502,1.000000,0.000000,0.825907,0.326658,-0.499249,-60.448524,0.839086,0.339844,-0.499242,-59.498268,0.851313,0.351322,-0.499992,-58.731812,0.860962,0.355198,-0.505764,-58.744099,0.868680,0.360737,-0.507944,-58.473019,2012,Winter,lai,Leaf Area Index,Index
92,1.071447,0.579648,-0.491800,0.491800,0.491994,0.998168,0.000000,0.996340,2.967690,92,92,-0.491800,0.165783,0.174988,1.055523,0.902174,0.000000,1.039403,0.528494,-0.510909,-49.154057,1.212397,0.724542,-0.487855,-40.238903,1.317859,0.848165,-0.469694,-35.640675,1.353485,0.891329,-0.462155,-34.145592,1.381986,0.925874,-0.456111,-33.004070,2012,Spring,lai,Leaf Area Index,Index
92,1.543955,1.122717,-0.421238,0.421238,0.421372,0.998129,0.000000,0.996261,7.008409,92,92,-0.421238,0.060124,0.069984,1.163991,1.000000,0.000000,1.561647,1.144969,-0.416677,-26.681915,1.593155,1.178776,-0.414379,-26.009960,1.611411,1.200062,-0.411349,-25.527235,1.618217,1.206219,-0.411998,-25.459999,1.622969,1.212130,-0.410839,-25.314028,2012,Summer,lai,Leaf Area Index,Index
91,1.091397,0.608372,-0.483025,0.483025,0.483902,0.999799,0.000000,0.999599,2.719551,91,91,-0.483025,0.177934,0.206801,1.162231,0.824176,0.000000,1.029400,0.541798,-0.487602,-47.367596,1.246184,0.789526,-0.456658,-36.644508,1.368852,0.927034,-0.441818,-32.276527,1.401409,0.964713,-0.436697,-31.161259,1.427456,0.994855,-0.432600,-30.305698,2012,Autumn,lai,Leaf Area Index,Index
90,276.546021,276.613251,0.067205,0.484107,0.587500,0.970455,0.000000,0.941783,0.287754,90,90,0.067230,2.041676,1.668359,0.817152,0.100000,0.762125,276.701111,276.627991,-0.073120,-0.026426,277.944946,277.716858,-0.228088,-0.082062,278.904510,278.706573,-0.197937,-0.070969,280.122681,279.029022,-1.093658,-0.390421,280.713623,280.676605,-0.037018,-0.013187,2013,Winter,t2m,2m Temperature,K
92,284.848602,284.163391,-0.685219,0.748199,0.874132,0.995304,0.000000,0.990631,0.201635,92,92,-0.685211,4.335213,3.970632,0.915902,0.130435,0.416118,284.144531,283.457642,-0.686890,-0.241740,288.975983,288.112946,-0.863037,-0.298654,290.961090,289.817627,-1.143463,-0.392995,291.178223,290.120453,-1.057770,-0.363272,292.512848,291.122162,-1.390686,-0.475427,2013,Spring,t2m,2m Temperature,K
92,295.384521,294.452545,-0.931997,0.931997,1.008043,0.959664,0.000000,0.920956,0.779928,92,92,-0.931976,1.292482,1.364797,1.055950,0.413043,0.000000,295.669464,294.921875,-0.747589,-0.252846,296.429169,295.425262,-1.003906,-0.338666,296.709015,295.693024,-1.015991,-0.342420,296.868988,295.786255,-1.082733,-0.364718,297.113922,295.929810,-1.184113,-0.398538,2013,Summer,t2m,2m Temperature,K
91,287.261292,287.263550,0.002250,0.415961,0.520521,0.996084,0.000000,0.992183,0.100218,91,91,0.002258,5.193896,4.928493,0.948901,0.076923,0.952399,286.998016,287.670044,0.672028,0.234158,291.161346,290.907135,-0.254211,-0.087309,294.461731,293.990112,-0.471619,-0.160163,295.197632,294.574036,-0.623596,-0.211247,295.578796,295.165039,-0.413757,-0.139982,2013,Autumn,t2m,2m Temperature,K
90,271.126160,272.064575,0.938428,0.983098,1.091969,0.978120,0.000000,0.956718,0.475934,90,90,0.938416,2.294369,1.954501,0.851868,0.233333,0.014634,271.018768,272.064331,1.045563,0.385790,272.550720,273.273224,0.722504,0.265090,274.004333,274.361725,0.357391,0.130433,275.590973,275.262115,-0.328857,-0.119328,276.090790,276.984711,0.893921,0.323778,2013,Winter,d2m,2m Dewpoint,K
92,276.995392,278.237061,1.241629,1.241629,1.374968,0.988880,0.000000,0.977883,0.346252,92,92,1.241669,3.971002,3.938737,0.991875,0.184783,0.086376,276.773285,277.809875,1.036591,0.374527,279.818237,281.958008,2.139771,0.764700,282.572876,283.581390,1.008514,0.356904,283.626160,284.390289,0.764130,0.269414,285.300659,285.926178,0.625519,0.219249,2013,Spring,d2m,2m Dewpoint,K
92,287.634369,288.136078,0.501743,0.527389,0.632561,0.979211,0.000000,0.958853,0.388407,92,92,0.501709,1.628603,1.396624,0.857560,0.271739,0.002137,288.142303,288.596802,0.454498,0.157734,288.648376,288.993744,0.345367,0.119650,289.388489,289.447174,0.058685,0.020279,289.822571,289.775116,-0.047455,-0.016374,290.065247,290.210114,0.144867,0.049943,2013,Summer,d2m,2m Dewpoint,K
91,280.979340,282.195435,1.216102,1.216715,1.345831,0.994269,0.000000,0.988570,0.278029,91,91,1.216095,4.840609,4.558818,0.941786,0.142857,0.312341,281.163666,282.835449,1.671783,0.594594,284.259064,285.554932,1.295868,0.455876,288.029968,288.376831,0.346863,0.120426,288.710510,288.857910,0.147400,0.051055,288.989410,289.328522,0.339111,0.117344,2013,Autumn,d2m,2m Dewpoint,K
90,958.018311,96922.070312,95964.054688,95964.054688,95964.312500,0.961414,0.000000,0.924316,33962.363281,90,90,95964.054688,2.825608,221.633057,78.437302,1.000000,0.000000,958.409790,96948.203125,95989.796875,10015.528320,960.020752,97082.445312,96122.421875,10012.536133,961.521423,97205.984375,96244.460938,10009.601562,962.245300,97253.585938,96291.343750,10006.943359,963.466125,97385.718750,96422.250000,10007.850586,2013,Winter,sp,Surface Pressure,hPa
92,956.554321,96803.476562,95846.921875,95846.921875,95847.171875,0.963905,0.000000,0.929113,38735.039062,92,92,95846.921875,2.474431,220.776184,89.223015,1.000000,0.000000,956.734558,96790.968750,95834.234375,10016.804688,958.165894,96968.296875,96010.132812,10020.199219,959.323303,97050.960938,96091.640625,10016.606445,961.107361,97140.992188,96179.882812,10007.194336,961.853821,97344.101562,96382.250000,10020.467773,2013,Spring,sp,Surface Pressure,hPa
92,956.382324,96702.882812,95746.507812,95746.507812,95746.601562,0.930423,0.000000,0.865687,60359.968750,92,92,95746.500000,1.586260,138.926514,87.581177,1.000000,0.000000,956.203613,96671.914062,95715.710938,10009.971680,957.374390,96782.007812,95824.632812,10009.107422,958.699341,96924.554688,95965.851562,10010.004883,959.204590,96964.890625,96005.687500,10008.885742,959.724915,97049.890625,96090.164062,10012.260742,2013,Summer,sp,Surface Pressure,hPa
91,956.508606,96706.140625,95749.617188,95749.617188,95750.093750,0.978980,0.000000,0.958401,29899.865234,91,91,95749.632812,3.202359,299.239349,93.443420,1.000000,0.000000,955.823059,96671.554688,95715.734375,10013.958984,958.363342,96892.812500,95934.445312,10010.238281,960.771240,97074.640625,96113.867188,10003.824219,962.944641,97241.570312,96278.625000,9998.354492,964.387817,97469.062500,96504.671875,10006.832031,2013,Autumn,sp,Surface Pressure,hPa
90,0.747432,0.313310,-0.434121,0.464748,0.549733,0.834397,0.000000,0.696218,0.903309,90,90,-0.434121,0.608577,0.472659,0.776662,0.366667,0.000009,0.779571,0.309146,-0.470425,-60.344128,1.054016,0.691384,-0.362632,-34.404823,1.545167,0.867922,-0.677245,-43.829903,1.780413,1.039464,-0.740948,-41.616661,2.295314,1.512449,-0.782864,-34.107075,2013,Winter,u10,10m U-Wind,m/s
92,0.366110,-0.010474,-0.376584,0.431059,0.487229,0.902699,0.000000,0.814865,0.685643,92,92,-0.376584,0.710616,0.595781,0.838401,0.260870,0.003677,0.290184,-0.093391,-0.383575,-132.183487,0.861135,0.363512,-0.497623,-57.786861,1.279883,0.853170,-0.426714,-33.340042,1.485199,1.063290,-0.421909,-28.407587,1.838492,1.183513,-0.654979,-35.625885,2013,Spring,u10,10m U-Wind,m/s
92,0.192352,-0.220523,-0.412875,0.419139,0.477496,0.909080,0.000000,0.826426,0.999565,92,92,-0.412875,0.477704,0.300379,0.628798,0.456522,0.000000,0.212634,-0.236656,-0.449290,-211.297302,0.536161,-0.009454,-0.545615,-101.763206,0.740907,0.177870,-0.563037,-75.992912,1.011177,0.305209,-0.705968,-69.816422,1.053453,0.404232,-0.649221,-61.627895,2013,Summer,u10,10m U-Wind,m/s
91,0.183016,-0.074620,-0.257637,0.365014,0.445814,0.832771,0.000000,0.693508,0.687553,91,91,-0.257637,0.648407,0.480692,0.741344,0.219780,0.024383,0.157991,-0.137616,-0.295607,-187.103317,0.711203,0.299892,-0.411311,-57.833160,1.034454,0.628779,-0.405675,-39.216324,1.196937,0.729572,-0.467365,-39.046734,1.398376,0.788741,-0.609635,-43.595963,2013,Autumn,u10,10m U-Wind,m/s
90,-0.444773,-0.834285,-0.389511,0.503088,0.610856,0.521292,0.000000,0.271746,1.174693,90,90,-0.389512,0.520013,0.427590,0.822267,0.333333,0.000079,-0.474384,-0.787326,-0.312942,-65.968170,-0.086220,-0.548570,-0.462350,-536.246765,0.283496,-0.322357,-0.605853,-213.707977,0.512845,-0.197035,-0.709880,-138.419952,0.795798,-0.015089,-0.810887,-101.896065,2013,Winter,v10,10m V-Wind,m/s
92,-0.291183,-0.794704,-0.503521,0.567996,0.660812,0.860911,0.000000,0.741168,0.808909,92,92,-0.503521,0.816918,0.601284,0.736040,0.369565,0.000006,-0.193337,-0.748515,-0.555178,-287.155029,0.314911,-0.340149,-0.655060,-208.014221,0.652110,-0.007427,-0.659537,-101.138992,0.771914,0.101308,-0.670606,-86.875763,1.175846,0.262566,-0.913280,-77.670036,2013,Spring,v10,10m V-Wind,m/s
92,0.515170,-0.049893,-0.565064,0.579570,0.657122,0.670609,0.000000,0.449716,1.495074,92,92,-0.565064,0.439525,0.373536,0.849864,0.565217,0.000000,0.446679,-0.058151,-0.504830,-113.018578,0.798499,0.179098,-0.619402,-77.570724,1.130452,0.400457,-0.729995,-64.575516,1.336124,0.550586,-0.785537,-58.792263,1.749177,1.083781,-0.665395,-38.040482,2013,Summer,v10,10m V-Wind,m/s
91,-0.276372,-0.727139,-0.450767,0.526802,0.619469,0.767948,0.000000,0.589744,0.936616,91,91,-0.450767,0.661391,0.540921,0.817855,0.373626,0.000005,-0.345200,-0.789137,-0.443938,-128.603195,0.086894,-0.342148,-0.429043,-493.752441,0.596178,0.021181,-0.574996,-96.447121,0.740274,0.175760,-0.564515,-76.257507,1.378627,0.342434,-1.036192,-75.161194,2013,Autumn,v10,10m V-Wind,m/s
90,0.830802,0.331030,-0.499772,0.499772,0.499904,0.632217,0.000000,0.399699,35.358318,90,90,-0.499772,0.014138,0.012376,0.875366,1.000000,0.000000,0.825802,0.326637,-0.499165,-60.446110,0.838845,0.339556,-0.499288,-59.520966,0.851528,0.350264,-0.501263,-58.866367,0.861069,0.354252,-0.506817,-58.859032,0.868702,0.359932,-0.508769,-58.566628,2013,Winter,lai,Leaf Area Index,Index
92,1.071378,0.579627,-0.491751,0.491751,0.491945,0.998173,0.000000,0.996349,2.965798,92,92,-0.491751,0.165873,0.175058,1.055375,0.902174,0.000000,1.039403,0.528562,-0.510841,-49.147545,1.212397,0.724575,-0.487822,-40.236141,1.317859,0.848186,-0.469673,-35.639095,1.353485,0.891351,-0.462133,-34.143955,1.381986,0.925880,-0.456105,-33.003613,2013,Spring,lai,Leaf Area Index,Index
92,1.543955,1.122724,-0.421231,0.421231,0.421365,0.998132,0.000000,0.996268,7.008288,92,92,-0.421231,0.060124,0.069979,1.163910,1.000000,0.000000,1.561647,1.144982,-0.416665,-26.681122,1.593155,1.178776,-0.414379,-26.009960,1.611411,1.200056,-0.411355,-25.527620,1.618217,1.206219,-0.411999,-25.460035,1.622969,1.212129,-0.410840,-25.314114,2013,Summer,lai,Leaf Area Index,Index
91,1.091397,0.608374,-0.483023,0.483023,0.483900,0.999799,0.000000,0.999599,2.719542,91,91,-0.483024,0.177934,0.206800,1.162223,0.824176,0.000000,1.029400,0.541798,-0.487602,-47.367596,1.246184,0.789526,-0.456658,-36.644508,1.368852,0.927034,-0.441818,-32.276527,1.401409,0.964713,-0.436697,-31.161259,1.427456,0.994855,-0.432600,-30.305698,2013,Autumn,lai,Leaf Area Index,Index
90,277.059143,277.148712,0.089542,0.502409,0.621514,0.984428,0.000000,0.969098,0.199035,90,90,0.089569,3.122632,2.796614,0.895595,0.077778,0.950194,277.672119,277.700012,0.027893,0.010045,279.889954,279.645020,-0.244934,-0.087511,281.216583,280.755463,-0.461121,-0.163973,281.380890,281.159760,-0.221130,-0.078588,281.645477,281.908051,0.262573,0.093228,2014,Winter,t2m,2m Temperature,K
92,285.013855,284.221161,-0.792732,0.832745,0.940777,0.995884,0.000000,0.991784,0.200095,92,92,-0.792694,4.701656,4.408382,0.937623,0.141304,0.318630,285.930573,284.712952,-1.217621,-0.425845,288.494354,287.684174,-0.810181,-0.280831,291.539154,290.430878,-1.108276,-0.380147,292.695251,291.349792,-1.345459,-0.459679,292.954010,291.732330,-1.221680,-0.417021,2014,Spring,t2m,2m Temperature,K
92,295.136963,294.520325,-0.616679,0.622489,0.720186,0.961132,0.000000,0.923774,0.690420,92,92,-0.616638,1.043113,1.238015,1.186847,0.380435,0.000003,295.361084,294.972565,-0.388519,-0.131540,295.853912,295.463867,-0.390045,-0.131837,296.272491,295.620605,-0.651886,-0.220029,296.413422,295.660034,-0.753387,-0.254168,296.766327,295.981567,-0.784760,-0.264437,2014,Summer,t2m,2m Temperature,K
91,287.438904,287.323669,-0.115228,0.403170,0.511472,0.995860,0.000000,0.991738,0.096008,91,91,-0.115234,5.327362,5.187645,0.973774,0.076923,0.952399,288.838715,289.082672,0.243958,0.084462,291.850586,291.742249,-0.108337,-0.037121,293.433044,292.897522,-0.535522,-0.182502,294.079895,293.618530,-0.461365,-0.156884,295.292969,294.687286,-0.605682,-0.205112,2014,Autumn,t2m,2m Temperature,K
90,271.507263,272.603546,1.096326,1.096326,1.227643,0.989220,0.000000,0.978557,0.347844,90,90,1.096283,3.529288,3.296108,0.933930,0.155556,0.227043,271.227051,272.335724,1.108673,0.408762,274.470673,275.475647,1.004974,0.366150,276.302704,277.200562,0.897858,0.324954,277.067871,278.004822,0.936951,0.338166,277.644745,278.236359,0.591614,0.213083,2014,Winter,d2m,2m Dewpoint,K
92,276.948151,278.184967,1.236827,1.237118,1.339965,0.992625,0.000000,0.985305,0.322152,92,92,1.236816,4.159416,4.236096,1.018435,0.184783,0.086376,277.575104,278.333893,0.758789,0.273364,279.481934,281.429596,1.947662,0.696883,283.312042,284.699951,1.387909,0.489887,284.405457,285.534363,1.128906,0.396936,284.816711,285.688507,0.871796,0.306090,2014,Spring,d2m,2m Dewpoint,K
92,287.549988,288.379486,0.829477,0.829477,0.868288,0.988394,0.000000,0.976922,0.557033,92,92,0.829498,1.558774,1.441599,0.924829,0.413043,0.000000,288.044464,288.941040,0.896576,0.311263,288.605316,289.439331,0.834015,0.288981,289.071533,289.757935,0.686401,0.237450,289.450562,289.967072,0.516510,0.178445,289.810211,290.284943,0.474731,0.163808,2014,Summer,d2m,2m Dewpoint,K
91,280.975159,282.322906,1.347742,1.351940,1.452076,0.994813,0.000000,0.989652,0.276203,91,91,1.347748,5.257279,5.151868,0.979950,0.219780,0.024383,281.988770,283.767883,1.779114,0.630917,285.762512,286.729492,0.966980,0.338386,287.203094,288.049561,0.846466,0.294727,287.721100,288.509674,0.788574,0.274076,288.109222,289.014404,0.905182,0.314180,2014,Autumn,d2m,2m Dewpoint,K
90,957.249817,96801.609375,95844.359375,95844.359375,95844.789062,0.973201,0.000000,0.947119,29060.332031,90,90,95844.359375,3.298131,287.846863,87.275749,1.000000,0.000000,957.171570,96794.796875,95837.625000,10012.584961,959.517822,97001.242188,96041.726562,10009.374023,961.724548,97190.406250,96228.679688,10005.846680,962.460449,97260.414062,96297.953125,10005.392578,963.926819,97383.109375,96419.179688,10002.749023,2014,Winter,sp,Surface Pressure,hPa
92,955.794434,96704.390625,95748.609375,95748.609375,95748.796875,0.962168,0.000000,0.925768,42203.277344,92,92,95748.593750,2.268753,192.944611,85.044357,1.000000,0.000000,955.764648,96717.906250,95762.140625,10019.426758,957.088745,96819.828125,95862.742188,10016.076172,958.973755,96937.460938,95978.484375,10008.457031,959.632019,97057.531250,96097.898438,10014.036133,960.663391,97107.539062,96146.875000,10008.383789,2014,Spring,sp,Surface Pressure,hPa
92,955.880066,96672.757812,95716.890625,95716.890625,95716.992188,0.961427,0.000000,0.924342,59394.292969,92,92,95716.875000,1.611552,143.246536,88.887321,1.000000,0.000000,955.979858,96682.390625,95726.414062,10013.433594,956.938232,96799.765625,95842.828125,10015.571289,958.109314,96859.218750,95901.109375,10009.412109,958.486450,96887.093750,95928.609375,10008.342773,958.713135,96912.554688,95953.843750,10008.608398,2014,Summer,sp,Surface Pressure,hPa
91,956.042053,96651.914062,95695.882812,95695.882812,95696.078125,0.946703,0.000000,0.896248,42450.433594,91,91,95695.875000,2.254302,199.266464,88.393883,1.000000,0.000000,956.184998,96662.140625,95705.953125,10009.145508,957.509033,96783.640625,95826.132812,10007.856445,959.122742,96903.375000,95944.250000,10003.333984,959.781616,96977.453125,96017.671875,10004.116211,960.371033,97117.773438,96157.406250,10012.527344,2014,Autumn,sp,Surface Pressure,hPa
90,0.893068,0.461384,-0.431684,0.491944,0.592962,0.868689,0.000000,0.754621,0.749178,90,90,-0.431684,0.791483,0.580147,0.732987,0.333333,0.000079,0.899970,0.523138,-0.376832,-41.871601,1.447152,0.837757,-0.609394,-42.109917,1.746975,1.178923,-0.568052,-32.516304,2.281743,1.281003,-1.000740,-43.858593,2.686152,1.771670,-0.914483,-34.044338,2014,Winter,u10,10m U-Wind,m/s
92,0.484202,0.124382,-0.359819,0.412267,0.481611,0.894527,0.000000,0.800179,0.672513,92,92,-0.359819,0.716136,0.639864,0.893494,0.271739,0.002137,0.478819,0.124622,-0.354198,-73.973152,0.952867,0.481347,-0.471520,-49.484329,1.318923,0.954777,-0.364146,-27.609362,1.546078,1.117073,-0.429006,-27.747995,2.271584,1.527956,-0.743629,-32.736130,2014,Spring,u10,10m U-Wind,m/s
92,0.336445,-0.132218,-0.468663,0.469919,0.534559,0.862868,0.000000,0.744542,1.110569,92,92,-0.468663,0.481338,0.332134,0.690023,0.543478,0.000000,0.354347,-0.067677,-0.422025,-119.099129,0.702370,0.083215,-0.619154,-88.152206,0.848018,0.262460,-0.585558,-69.050163,1.030351,0.286158,-0.744193,-72.227165,1.164293,0.445433,-0.718860,-61.742195,2014,Summer,u10,10m U-Wind,m/s
91,0.444715,0.112034,-0.332681,0.415460,0.500478,0.826301,0.000000,0.682773,0.755763,91,91,-0.332681,0.662216,0.520959,0.786691,0.296703,0.000615,0.498929,0.155503,-0.343426,-68.832558,0.912980,0.469915,-0.443066,-48.529579,1.171728,0.803065,-0.368663,-31.463226,1.473741,0.886495,-0.587246,-39.847321,1.797178,1.145879,-0.651299,-36.240078,2014,Autumn,u10,10m U-Wind,m/s
90,-0.248120,-0.411692,-0.163572,0.377770,0.486292,0.745637,0.000000,0.555975,0.707718,90,90,-0.163572,0.687127,0.521323,0.758699,0.200000,0.054425,-0.275218,-0.378434,-0.103216,-37.503277,0.208028,-0.054972,-0.263000,-126.425491,0.605650,0.230823,-0.374827,-61.888340,0.819924,0.333132,-0.486792,-59.370346,1.245852,0.724283,-0.521569,-41.864464,2014,Winter,v10,10m V-Wind,m/s
92,-0.179636,-0.607650,-0.428014,0.492813,0.576355,0.723052,0.000000,0.522804,1.031485,92,92,-0.428014,0.558763,0.402708,0.720714,0.456522,0.000000,-0.166175,-0.619857,-0.453682,-273.014404,0.154332,-0.353664,-0.507996,-329.158020,0.413152,-0.133218,-0.546370,-132.244202,0.756611,-0.032926,-0.789537,-104.351837,1.121246,0.553719,-0.567527,-50.615730,2014,Spring,v10,10m V-Wind,m/s
92,0.445187,-0.124429,-0.569616,0.569616,0.635386,0.784326,0.000000,0.615167,1.496296,92,92,-0.569616,0.424639,0.432355,1.018171,0.456522,0.000000,0.369161,-0.070044,-0.439205,-118.973900,0.789945,0.170505,-0.619440,-78.415573,1.007056,0.335724,-0.671333,-66.662888,1.153699,0.517430,-0.636269,-55.150326,1.337046,0.648809,-0.688237,-51.474464,2014,Summer,v10,10m V-Wind,m/s
91,-0.142658,-0.422206,-0.279548,0.377767,0.474448,0.810625,0.000000,0.657113,0.724864,91,91,-0.279548,0.654533,0.523082,0.799168,0.208791,0.037590,-0.255429,-0.366042,-0.110613,-43.304932,0.379603,-0.005879,-0.385482,-101.548683,0.727960,0.258734,-0.469226,-64.457619,0.907248,0.383316,-0.523932,-57.749607,1.073733,0.501435,-0.572299,-53.299892,2014,Autumn,v10,10m V-Wind,m/s
90,0.830802,0.331064,-0.499738,0.499738,0.499870,0.630757,0.000000,0.397855,35.355953,90,90,-0.499738,0.014138,0.012375,0.875314,1.000000,0.000000,0.825802,0.326663,-0.499140,-60.443001,0.838845,0.339602,-0.499242,-59.515461,0.851528,0.350315,-0.501213,-58.860405,0.861069,0.354288,-0.506782,-58.854919,0.868702,0.359956,-0.508745,-58.563869,2014,Winter,lai,Leaf Area Index,Index
92,1.071378,0.579677,-0.491701,0.491701,0.491894,0.998172,0.000000,0.996348,2.965490,92,92,-0.491701,0.165873,0.175036,1.055243,0.902174,0.000000,1.039403,0.528598,-0.510804,-49.144020,1.212397,0.724615,-0.487781,-40.232822,1.317859,0.848214,-0.469645,-35.636940,1.353485,0.891353,-0.462131,-34.143806,1.381986,0.925885,-0.456100,-33.003250,2014,Spring,lai,Leaf Area Index,Index
92,1.543955,1.122718,-0.421236,0.421236,0.421370,0.998131,0.000000,0.996265,7.008379,92,92,-0.421237,0.060124,0.069980,1.163925,1.000000,0.000000,1.561647,1.144958,-0.416688,-26.682615,1.593155,1.178776,-0.414379,-26.009960,1.611411,1.200056,-0.411355,-25.527613,1.618217,1.206218,-0.412000,-25.460089,1.622969,1.212130,-0.410839,-25.314062,2014,Summer,lai,Leaf Area Index,Index
91,1.091397,0.608375,-0.483022,0.483022,0.483899,0.999799,0.000000,0.999599,2.719533,91,91,-0.483022,0.177934,0.206798,1.162212,0.824176,0.000000,1.029400,0.541798,-0.487602,-47.367596,1.246184,0.789526,-0.456658,-36.644508,1.368852,0.927034,-0.441817,-32.276501,1.401409,0.964713,-0.436697,-31.161259,1.427456,0.994855,-0.432600,-30.305698,2014,Autumn,lai,Leaf Area Index,Index
90,277.720306,277.683777,-0.036494,0.482848,0.612924,0.980730,0.000000,0.961831,0.207479,90,90,-0.036530,2.954148,2.694144,0.911987,0.088889,0.871900,277.448792,277.487183,0.038391,0.013837,279.849548,279.192200,-0.657349,-0.234894,281.971039,281.617706,-0.353333,-0.125308,282.820740,282.614655,-0.206085,-0.072868,283.953156,283.527374,-0.425781,-0.149948,2015,Winter,t2m,2m Temperature,K
92,286.033051,285.213623,-0.819423,0.858264,0.954713,0.992371,0.000000,0.984800,0.251848,92,92,-0.819427,3.790828,3.614959,0.953607,0.184783,0.086376,286.273956,285.659698,-0.614258,-0.214570,288.884613,288.248840,-0.635773,-0.220078,290.092987,289.250122,-0.842865,-0.290550,291.624969,290.709595,-0.915375,-0.313888,292.394928,291.191833,-1.203094,-0.411462,2015,Spring,t2m,2m Temperature,K
92,295.715942,294.898560,-0.817401,0.817401,0.865047,0.972765,0.000000,0.946272,0.736703,92,92,-0.817383,1.174213,1.220227,1.039187,0.380435,0.000003,295.881470,295.188690,-0.692780,-0.234141,296.458740,295.708466,-0.750275,-0.253079,296.997559,296.140167,-0.857391,-0.288686,297.105164,296.233154,-0.872009,-0.293502,297.455475,296.623230,-0.832245,-0.279788,2015,Summer,t2m,2m Temperature,K
91,288.748596,288.482147,-0.266488,0.440093,0.533692,0.997612,0.000000,0.995230,0.112069,91,91,-0.266449,4.762194,4.425797,0.929361,0.153846,0.232523,288.446228,288.506989,0.060760,0.021065,293.236816,292.553711,-0.683105,-0.232954,294.689117,294.105255,-0.583862,-0.198128,295.330750,294.524963,-0.805786,-0.272842,296.146515,295.261993,-0.884521,-0.298677,2015,Autumn,t2m,2m Temperature,K
90,272.470703,273.447968,0.977282,1.009263,1.132964,0.984131,0.000000,0.968514,0.354840,90,90,0.977264,3.192889,3.055361,0.956927,0.177778,0.116410,272.375916,273.267639,0.891724,0.327387,274.305573,274.982483,0.676910,0.246772,277.359222,277.979401,0.620178,0.223601,278.407379,278.937927,0.530548,0.190565,279.057404,280.009033,0.951630,0.341016,2015,Winter,d2m,2m Dewpoint,K
92,278.625732,279.618500,0.992740,1.003637,1.158988,0.987452,0.000000,0.975061,0.311160,92,92,0.992767,3.724728,3.569726,0.958386,0.195652,0.058896,278.524323,279.866638,1.342316,0.481938,281.587982,282.500427,0.912445,0.324036,283.480621,284.251617,0.770996,0.271975,284.951874,285.149933,0.198059,0.069506,285.735779,285.976654,0.240875,0.084300,2015,Spring,d2m,2m Dewpoint,K
92,288.174072,288.598755,0.424713,0.437626,0.518052,0.966591,0.000000,0.934298,0.450021,92,92,0.424683,1.151173,1.082254,0.940131,0.315217,0.000193,288.390747,288.951416,0.560669,0.194413,288.935608,289.377869,0.442261,0.153066,289.425049,289.591705,0.166656,0.057582,289.524628,289.727875,0.203247,0.070200,290.009888,289.922424,-0.087463,-0.030159,2015,Summer,d2m,2m Dewpoint,K
91,282.296112,283.390656,1.094556,1.094556,1.204686,0.993941,0.000000,0.987918,0.285959,91,91,1.094543,4.212796,3.990307,0.947187,0.164835,0.169060,282.430603,283.296448,0.865845,0.306569,285.831909,286.649353,0.817444,0.285988,287.552368,288.438904,0.886536,0.308304,288.270691,288.664612,0.393921,0.136650,288.529327,288.843628,0.314301,0.108932,2015,Autumn,d2m,2m Dewpoint,K
90,957.926331,96866.429688,95908.500000,95908.500000,95909.046875,0.968735,0.000000,0.938447,25503.580078,90,90,95908.500000,3.760611,326.790558,86.898262,1.000000,0.000000,957.911011,96903.421875,95945.507812,10016.119141,960.428345,97094.625000,96134.195312,10009.512695,962.317810,97257.765625,96295.445312,10006.616211,964.259338,97301.335938,96337.078125,9990.785156,965.089661,97474.375000,96509.289062,10000.033203,2015,Winter,sp,Surface Pressure,hPa
92,956.820740,96785.742188,95828.914062,95828.914062,95829.140625,0.972964,0.000000,0.946659,38280.613281,92,92,95828.921875,2.503334,213.501114,85.286720,1.000000,0.000000,957.128174,96805.640625,95848.515625,10014.177734,958.153564,96893.664062,95935.507812,10012.540039,959.128723,96999.406250,96040.281250,10013.283203,961.292603,97143.335938,96182.046875,10005.491211,962.840759,97305.125000,96342.281250,10006.044922,2015,Spring,sp,Surface Pressure,hPa
92,955.501709,96623.914062,95668.398438,95668.398438,95668.492188,0.957092,0.000000,0.916026,65241.390625,92,92,95668.414062,1.466377,125.920464,85.871803,1.000000,0.000000,955.638855,96630.968750,95675.328125,10011.662109,956.708862,96711.539062,95754.828125,10008.774414,957.496460,96785.328125,95827.828125,10008.165039,957.706848,96822.640625,95864.937500,10009.841797,958.077698,96868.296875,95910.218750,10010.693359,2015,Summer,sp,Surface Pressure,hPa
91,956.400146,96692.617188,95736.218750,95736.218750,95736.500000,0.965492,0.000000,0.932175,38081.210938,91,91,95736.218750,2.514009,237.584152,94.504105,1.000000,0.000000,956.214600,96685.257812,95729.046875,10011.251953,958.047729,96848.945312,95890.898438,10008.990234,959.398254,96951.648438,95992.250000,10005.463867,959.972229,97043.937500,96083.968750,10009.036133,963.451599,97398.398438,96434.945312,10009.319336,2015,Autumn,sp,Surface Pressure,hPa
90,0.675758,0.284315,-0.391443,0.426153,0.511362,0.881402,0.000000,0.776870,0.743912,90,90,-0.391443,0.687397,0.552659,0.803988,0.322222,0.000156,0.729989,0.374786,-0.355203,-48.658718,1.233951,0.631482,-0.602469,-48.824398,1.574937,0.948356,-0.626581,-39.784515,1.665568,1.132491,-0.533077,-32.005733,1.957419,1.338707,-0.618712,-31.608580,2015,Winter,u10,10m U-Wind,m/s
92,0.363256,0.008025,-0.355231,0.388271,0.462168,0.898646,0.000000,0.807565,0.686009,92,92,-0.355231,0.673706,0.613672,0.910890,0.282609,0.001213,0.427832,0.009641,-0.418190,-97.746452,0.865318,0.396380,-0.468938,-54.192570,1.274159,0.869527,-0.404632,-31.756805,1.486084,0.950353,-0.535730,-36.049812,1.594912,1.284021,-0.310890,-19.492641,2015,Spring,u10,10m U-Wind,m/s
92,0.517562,-0.006348,-0.523910,0.524707,0.575472,0.869700,0.000000,0.756378,1.282921,92,92,-0.523910,0.448564,0.302553,0.674491,0.586957,0.000000,0.529291,-0.022840,-0.552131,-104.315140,0.796948,0.203072,-0.593876,-74.518837,1.076099,0.384716,-0.691383,-64.248978,1.207717,0.511259,-0.696457,-57.667286,1.482086,0.680966,-0.801120,-54.053543,2015,Summer,u10,10m U-Wind,m/s
91,-0.039150,-0.219267,-0.180117,0.362995,0.456114,0.880371,0.000000,0.775053,0.544966,91,91,-0.180117,0.836959,0.602588,0.719972,0.219780,0.024383,-0.072618,-0.194581,-0.121963,-167.950989,0.446969,0.168644,-0.278325,-62.269348,0.972773,0.486784,-0.485989,-49.959095,1.507311,0.765285,-0.742025,-49.228432,1.676977,0.990908,-0.686070,-40.911087,2015,Autumn,u10,10m U-Wind,m/s
90,-0.423903,-0.601737,-0.177834,0.414902,0.562042,0.768510,0.000000,0.590607,0.676953,90,90,-0.177834,0.830252,0.592627,0.713792,0.188889,0.080517,-0.503669,-0.531877,-0.028208,-5.600510,0.061327,-0.135332,-0.196659,-320.670624,0.577184,0.114309,-0.462875,-80.195396,1.062237,0.297833,-0.764404,-71.961685,1.831490,0.509462,-1.322028,-72.183197,2015,Winter,v10,10m V-Wind,m/s
92,-0.037593,-0.514139,-0.476546,0.545024,0.628769,0.769644,0.000000,0.592352,0.980569,92,92,-0.476546,0.641228,0.468224,0.730198,0.423913,0.000000,0.020977,-0.578291,-0.599268,-2856.752197,0.376743,-0.225940,-0.602683,-159.971909,0.810431,0.049272,-0.761160,-93.920326,0.921223,0.227477,-0.693746,-75.307037,1.021568,0.722676,-0.298892,-29.258173,2015,Spring,v10,10m V-Wind,m/s
92,0.536545,-0.054929,-0.591473,0.592314,0.636713,0.735019,0.000000,0.540254,1.907445,92,92,-0.591473,0.333804,0.311196,0.932270,0.673913,0.000000,0.560891,-0.043608,-0.604499,-107.774857,0.751342,0.160899,-0.590442,-78.585060,0.942915,0.314659,-0.628256,-66.629135,1.084655,0.477766,-0.606889,-55.952278,1.164031,0.578703,-0.585328,-50.284584,2015,Summer,v10,10m V-Wind,m/s
91,-0.119888,-0.590584,-0.470697,0.527468,0.648336,0.710407,0.000000,0.504679,1.052438,91,91,-0.470697,0.616032,0.541614,0.879198,0.329670,0.000089,-0.094579,-0.591291,-0.496712,-525.183350,0.405012,-0.130203,-0.535215,-132.148071,0.624826,0.096709,-0.528117,-84.522194,0.896199,0.180422,-0.715777,-79.868118,1.034605,0.414196,-0.620409,-59.965794,2015,Autumn,v10,10m V-Wind,m/s
90,0.830802,0.331033,-0.499769,0.499769,0.499902,0.629598,0.000000,0.396393,35.358173,90,90,-0.499769,0.014138,0.012377,0.875430,1.000000,0.000000,0.825802,0.326613,-0.499190,-60.449066,0.838845,0.339592,-0.499253,-59.516708,0.851528,0.350303,-0.501225,-58.861843,0.861069,0.354260,-0.506809,-58.858143,0.868702,0.359955,-0.508747,-58.564034,2015,Winter,lai,Leaf Area Index,Index
92,1.071378,0.579657,-0.491721,0.491721,0.491914,0.998169,0.000000,0.996342,2.965610,92,92,-0.491721,0.165873,0.175031,1.055212,0.902174,0.000000,1.039403,0.528586,-0.510817,-49.145260,1.212397,0.724573,-0.487824,-40.236301,1.317859,0.848179,-0.469680,-35.639618,1.353485,0.891344,-0.462141,-34.144512,1.381986,0.925884,-0.456102,-33.003380,2015,Spring,lai,Leaf Area Index,Index
92,1.543955,1.122733,-0.421221,0.421221,0.421356,0.998136,0.000000,0.996275,7.008132,92,92,-0.421222,0.060124,0.069989,1.164074,1.000000,0.000000,1.561647,1.144984,-0.416662,-26.680967,1.593155,1.178790,-0.414364,-26.009039,1.611411,1.200086,-0.411325,-25.525780,1.618217,1.206250,-0.411968,-25.458113,1.622969,1.212173,-0.410797,-25.311428,2015,Summer,lai,Leaf Area Index,Index
91,1.091397,0.608370,-0.483027,0.483027,0.483904,0.999799,0.000000,0.999598,2.719563,91,91,-0.483027,0.177934,0.206803,1.162245,0.824176,0.000000,1.029400,0.541798,-0.487602,-47.367596,1.246184,0.789526,-0.456658,-36.644493,1.368852,0.927034,-0.441818,-32.276527,1.401409,0.964713,-0.436697,-31.161259,1.427456,0.994855,-0.432600,-30.305698,2015,Autumn,lai,Leaf Area Index,Index
91,277.851715,277.762848,-0.088862,0.513345,0.654511,0.969619,0.000000,0.940161,0.290570,91,91,-0.088867,2.252509,1.842201,0.817844,0.109890,0.644738,277.651855,277.504761,-0.147095,-0.052978,279.422607,279.187500,-0.235107,-0.084140,280.902740,280.157928,-0.744812,-0.265149,281.331360,280.612732,-0.718628,-0.255438,282.406494,281.315399,-1.091095,-0.386356,2016,Winter,t2m,2m Temperature,K
92,286.286530,285.405212,-0.881327,0.881404,0.961273,0.993386,0.000000,0.986816,0.293705,92,92,-0.881317,3.272921,3.329238,1.017207,0.152174,0.238009,286.152466,285.348755,-0.803711,-0.280868,288.762909,288.320190,-0.442719,-0.153316,290.868164,290.045441,-0.822723,-0.282851,291.903442,290.882812,-1.020630,-0.349646,292.793396,291.528625,-1.264771,-0.431967,2016,Spring,t2m,2m Temperature,K
92,295.924225,294.881653,-1.042563,1.042563,1.079484,0.976477,0.000000,0.953507,0.910207,92,92,-1.042572,1.185976,1.271897,1.072447,0.391304,0.000001,296.078186,294.972900,-1.105286,-0.373309,296.725464,295.736511,-0.988953,-0.333289,297.317383,296.407288,-0.910095,-0.306102,297.770142,296.637360,-1.132782,-0.380422,298.184845,297.010162,-1.174683,-0.393944,2016,Summer,t2m,2m Temperature,K
91,288.908630,288.517975,-0.390605,0.449162,0.547392,0.997212,0.000000,0.994431,0.138203,91,91,-0.390656,3.960781,3.705380,0.935518,0.131868,0.409226,288.761810,288.132080,-0.629730,-0.218079,292.080627,291.560730,-0.519897,-0.177998,294.070007,293.465759,-0.604248,-0.205478,294.538483,293.710236,-0.828247,-0.281202,294.893738,293.972626,-0.921112,-0.312354,2016,Autumn,t2m,2m Temperature,K
91,272.309509,273.298157,0.988689,1.025120,1.168529,0.963186,0.000000,0.927727,0.531161,91,91,0.988647,2.199953,1.923594,0.874380,0.263736,0.003427,272.294250,273.141388,0.847137,0.311111,274.147827,274.729675,0.581848,0.212239,275.025238,275.890991,0.865753,0.314790,275.519897,276.311523,0.791626,0.287321,276.365448,276.860046,0.494598,0.178965,2016,Winter,d2m,2m Dewpoint,K
92,278.667297,279.641479,0.974180,0.975714,1.062554,0.991837,0.000000,0.983741,0.319356,92,92,0.974182,3.327172,3.298906,0.991505,0.184783,0.086376,278.685852,279.340149,0.654297,0.234779,280.793152,281.991821,1.198669,0.426887,282.910553,284.390625,1.480072,0.523159,284.698547,285.177795,0.479248,0.168335,285.502502,286.002106,0.499603,0.174991,2016,Spring,d2m,2m Dewpoint,K
92,287.965729,288.458221,0.492478,0.492478,0.532019,0.989294,0.000000,0.978702,0.390945,92,92,0.492493,1.360855,1.378975,1.013315,0.239130,0.010156,288.233429,288.820435,0.587006,0.203656,289.035156,289.544189,0.509033,0.176115,289.497192,290.027985,0.530792,0.183350,289.592712,290.096771,0.504059,0.174058,289.831268,290.265503,0.434235,0.149823,2016,Summer,d2m,2m Dewpoint,K
91,282.466736,283.617340,1.150589,1.150589,1.256609,0.994323,0.000000,0.988679,0.332436,91,91,1.150604,3.779998,3.452862,0.913456,0.197802,0.056641,282.621674,283.441101,0.819427,0.289938,285.879883,286.555939,0.676056,0.236483,287.271576,287.880890,0.609314,0.212104,287.649811,288.348206,0.698395,0.242793,288.504425,288.970001,0.465576,0.161376,2016,Autumn,d2m,2m Dewpoint,K
91,957.073120,96787.164062,95830.085938,95830.085938,95830.414062,0.966324,0.000000,0.933782,32172.306641,91,91,95830.093750,2.978662,249.617935,83.802048,1.000000,0.000000,956.926575,96779.375000,95822.445312,10013.563477,958.956116,96910.578125,95951.625000,10005.840820,960.190369,97099.312500,96139.125000,10012.505859,962.422119,97232.617188,96270.195312,10002.908203,963.579773,97324.468750,96360.890625,10000.302734,2016,Winter,sp,Surface Pressure,hPa
92,955.675110,96692.468750,95736.796875,95736.796875,95736.976562,0.946828,0.000000,0.896483,42304.503906,92,92,95736.796875,2.263045,195.912048,86.570122,1.000000,0.000000,955.553833,96666.804688,95711.250000,10016.311523,957.120667,96810.953125,95853.835938,10014.812500,958.604980,96939.406250,95980.804688,10012.549805,959.430481,97017.687500,96058.257812,10012.008789,961.819092,97255.679688,96293.859375,10011.639648,2016,Spring,sp,Surface Pressure,hPa
92,956.166016,96699.390625,95743.218750,95743.218750,95743.343750,0.979347,0.000000,0.959121,54216.468750,92,92,95743.226562,1.765946,154.231812,87.336662,1.000000,0.000000,956.244263,96719.515625,95763.273438,10014.519531,957.154785,96796.421875,95839.265625,10012.933594,958.335938,96875.234375,95916.898438,10008.692383,958.896118,96917.718750,95958.820312,10007.217773,959.564026,96994.195312,96034.632812,10008.152344,2016,Summer,sp,Surface Pressure,hPa
91,957.055359,96747.726562,95790.671875,95790.671875,95790.914062,0.967778,0.000000,0.936594,35971.082031,91,91,95790.671875,2.662998,222.175461,83.430580,1.000000,0.000000,957.161621,96767.726562,95810.562500,10009.862305,958.820801,96899.156250,95940.335938,10006.076172,960.324768,96989.875000,96029.546875,9999.695312,961.333557,97071.187500,96109.851562,9997.554688,961.525635,97220.992188,96259.468750,10011.118164,2016,Autumn,sp,Surface Pressure,hPa
91,0.962267,0.539053,-0.423214,0.483147,0.565078,0.858356,0.000000,0.736775,0.776964,91,91,-0.423214,0.727290,0.593129,0.815533,0.318681,0.000174,0.966936,0.497742,-0.469194,-48.523762,1.464741,0.865296,-0.599445,-40.924957,1.872954,1.371409,-0.501545,-26.778276,2.225044,1.558139,-0.666906,-29.972692,2.472888,1.861846,-0.611043,-24.709673,2016,Winter,u10,10m U-Wind,m/s
92,0.394729,0.106154,-0.288575,0.350889,0.449567,0.864812,0.000000,0.747899,0.656146,92,92,-0.288575,0.685164,0.570479,0.832617,0.250000,0.006182,0.431462,0.046832,-0.384630,-89.145775,0.844516,0.537152,-0.307364,-36.395321,1.294658,0.814840,-0.479818,-37.061382,1.407797,0.933594,-0.474203,-33.684017,1.707222,1.338129,-0.369092,-21.619461,2016,Spring,u10,10m U-Wind,m/s
92,0.424803,-0.059949,-0.484753,0.492042,0.538882,0.872011,0.000000,0.760404,1.132683,92,92,-0.484753,0.475757,0.380553,0.799888,0.445652,0.000000,0.401666,-0.120952,-0.522618,-130.112503,0.793504,0.190167,-0.603338,-76.034599,1.016563,0.457973,-0.558590,-54.948856,1.138746,0.519041,-0.619705,-54.419910,1.397877,0.872023,-0.525854,-37.618031,2016,Summer,u10,10m U-Wind,m/s
91,0.029720,-0.161077,-0.190797,0.273137,0.340184,0.889324,0.000000,0.790896,0.569244,91,91,-0.190797,0.597606,0.463321,0.775295,0.208791,0.037590,-0.007407,-0.196049,-0.188643,-2546.926514,0.427949,0.097783,-0.330166,-77.150703,0.830170,0.502746,-0.327424,-39.440552,1.026065,0.712842,-0.313222,-30.526567,1.295634,0.908563,-0.387071,-29.875017,2016,Autumn,u10,10m U-Wind,m/s
91,-0.360690,-0.475549,-0.114859,0.421321,0.509139,0.697807,0.000000,0.486935,0.739925,91,91,-0.114859,0.688096,0.535893,0.778806,0.164835,0.169060,-0.362990,-0.423795,-0.060805,-16.751003,0.105263,-0.097961,-0.203224,-193.063004,0.454630,0.174132,-0.280499,-61.698181,0.792167,0.306798,-0.485368,-61.270973,1.106292,0.625241,-0.481051,-43.483170,2016,Winter,v10,10m V-Wind,m/s
92,-0.030412,-0.504776,-0.474363,0.552114,0.647427,0.744659,0.000000,0.554517,0.987715,92,92,-0.474363,0.655480,0.540431,0.824482,0.391304,0.000001,0.031504,-0.525338,-0.556842,-1767.549072,0.412856,-0.255537,-0.668393,-161.894852,0.776320,0.261487,-0.514833,-66.317108,1.018967,0.507333,-0.511634,-50.211060,1.165104,0.734368,-0.430736,-36.969746,2016,Spring,v10,10m V-Wind,m/s
92,0.442925,-0.199056,-0.641980,0.642549,0.682155,0.814226,0.000000,0.662964,1.722005,92,92,-0.641980,0.396140,0.340060,0.858433,0.630435,0.000000,0.440922,-0.195567,-0.636489,-144.354263,0.787262,0.069766,-0.717496,-91.138184,0.937540,0.253587,-0.683953,-72.951881,1.054944,0.302757,-0.752187,-71.301140,1.252774,0.353383,-0.899391,-71.791946,2016,Summer,v10,10m V-Wind,m/s
91,-0.183906,-0.561935,-0.378028,0.524929,0.630739,0.593327,0.000000,0.352037,1.007126,91,91,-0.378028,0.626276,0.399528,0.637942,0.406593,0.000000,-0.114698,-0.578227,-0.463529,-404.128510,0.219146,-0.268060,-0.487206,-222.320526,0.619730,-0.078667,-0.698397,-112.693771,0.810546,-0.012779,-0.823325,-101.576569,1.144951,0.203991,-0.940960,-82.183464,2016,Autumn,v10,10m V-Wind,m/s
91,0.830935,0.331286,-0.499649,0.499649,0.499781,0.636601,0.000000,0.405261,35.329170,91,91,-0.499649,0.014146,0.012621,0.892172,1.000000,0.000000,0.825907,0.326649,-0.499258,-60.449661,0.839086,0.339844,-0.499242,-59.498325,0.851313,0.351292,-0.500021,-58.735264,0.860962,0.355188,-0.505774,-58.745255,0.868680,0.360723,-0.507957,-58.474556,2016,Winter,lai,Leaf Area Index,Index
92,1.071447,0.579674,-0.491774,0.491774,0.491968,0.998170,0.000000,0.996343,2.967531,92,92,-0.491774,0.165783,0.174974,1.055435,0.902174,0.000000,1.039403,0.528530,-0.510873,-49.150604,1.212397,0.724551,-0.487845,-40.238094,1.317859,0.848169,-0.469690,-35.640396,1.353485,0.891339,-0.462145,-34.144863,1.381986,0.925873,-0.456113,-33.004154,2016,Spring,lai,Leaf Area Index,Index
92,1.543955,1.122751,-0.421204,0.421204,0.421337,0.998145,0.000000,0.996293,7.007829,92,92,-0.421204,0.060124,0.069978,1.163892,1.000000,0.000000,1.561647,1.144996,-0.416651,-26.680212,1.593155,1.178797,-0.414358,-26.008657,1.611411,1.200094,-0.411317,-25.525261,1.618217,1.206258,-0.411959,-25.457588,1.622969,1.212165,-0.410804,-25.311882,2016,Summer,lai,Leaf Area Index,Index
91,1.091397,0.608382,-0.483015,0.483015,0.483891,0.999800,0.000000,0.999600,2.719492,91,91,-0.483015,0.177934,0.206792,1.162183,0.824176,0.000000,1.029400,0.541805,-0.487596,-47.366947,1.246184,0.789526,-0.456658,-36.644508,1.368852,0.927034,-0.441818,-32.276527,1.401409,0.964713,-0.436697,-31.161259,1.427456,0.994855,-0.432600,-30.305698,2016,Autumn,lai,Leaf Area Index,Index
90,278.265900,278.115234,-0.150668,0.651577,0.796718,0.970735,0.000000,0.942326,0.265453,90,90,-0.150665,3.001359,2.609349,0.869389,0.088889,0.871900,278.098938,278.097534,-0.001404,-0.000505,280.190552,280.000732,-0.189819,-0.067747,282.428406,281.529144,-0.899261,-0.318403,282.814728,282.131348,-0.683380,-0.241635,283.623047,282.570679,-1.052368,-0.371045,2017,Winter,t2m,2m Temperature,K
92,285.998871,284.977295,-1.021603,1.021603,1.090086,0.994717,0.000000,0.989461,0.294757,92,92,-1.021576,3.698258,3.656993,0.988842,0.184783,0.086376,286.561279,285.295319,-1.265961,-0.441777,288.977386,287.891510,-1.085876,-0.375765,290.354828,289.838654,-0.516174,-0.177774,291.686707,290.804291,-0.882416,-0.302522,292.301788,291.227325,-1.074463,-0.367587,2017,Spring,t2m,2m Temperature,K
92,295.536804,294.601074,-0.935716,0.935716,1.034333,0.938980,0.000000,0.881683,0.884743,92,92,-0.935730,1.169078,1.278218,1.093356,0.347826,0.000025,295.576233,294.960632,-0.615601,-0.208271,296.540131,295.637238,-0.902893,-0.304476,296.890564,295.907288,-0.983276,-0.331192,297.207275,295.982697,-1.224579,-0.412029,297.417603,296.240295,-1.177307,-0.395843,2017,Summer,t2m,2m Temperature,K
91,288.205719,287.922028,-0.283699,0.400925,0.498798,0.995719,0.000000,0.991456,0.112668,91,91,-0.283691,4.427149,4.378971,0.989118,0.076923,0.952399,289.064178,288.632263,-0.431915,-0.149418,292.382690,291.999512,-0.383179,-0.131054,293.504517,293.509216,0.004700,0.001601,294.346436,293.848114,-0.498322,-0.169298,295.274200,294.683441,-0.590759,-0.200071,2017,Autumn,t2m,2m Temperature,K
90,272.741028,273.625031,0.884011,0.948336,1.122467,0.978298,0.000000,0.957067,0.353246,90,90,0.884003,3.177584,2.896584,0.911568,0.211111,0.035951,272.765472,273.251648,0.486176,0.178239,274.797424,275.354584,0.557159,0.202753,277.086884,277.871918,0.785034,0.283317,277.723633,278.255402,0.531769,0.191474,278.332764,278.659973,0.327209,0.117561,2017,Winter,d2m,2m Dewpoint,K
92,278.516144,279.271698,0.755612,0.785156,0.907058,0.990374,0.000000,0.980841,0.253971,92,92,0.755554,3.571496,3.450949,0.966247,0.119565,0.528851,279.187561,279.489044,0.301483,0.107986,280.795319,281.495392,0.700073,0.249318,282.883240,283.508301,0.625061,0.220961,283.819305,284.604095,0.784790,0.276510,284.318451,285.081116,0.762665,0.268243,2017,Spring,d2m,2m Dewpoint,K
92,287.668396,287.938538,0.270171,0.348010,0.415768,0.976956,0.000000,0.954443,0.291977,92,92,0.270142,1.423974,1.304585,0.916158,0.173913,0.123865,288.250244,288.544434,0.294189,0.102060,288.790161,289.004639,0.214478,0.074268,289.181976,289.306580,0.124603,0.043088,289.396118,289.374603,-0.021515,-0.007434,289.698578,289.509125,-0.189453,-0.065397,2017,Summer,d2m,2m Dewpoint,K
91,281.562500,282.574249,1.011811,1.033986,1.181106,0.990292,0.000000,0.980679,0.285306,91,91,1.011749,4.139788,3.899267,0.941900,0.153846,0.232523,281.841644,283.413055,1.571411,0.557551,285.779602,286.564270,0.784668,0.274571,286.622650,287.183014,0.560364,0.195506,286.848328,287.298218,0.449890,0.156839,287.117065,287.820160,0.703094,0.244881,2017,Autumn,d2m,2m Dewpoint,K
90,956.385254,96734.320312,95777.945312,95777.945312,95778.765625,0.980387,0.000000,0.961159,21748.046875,90,90,95777.937500,4.404017,400.038025,90.834808,1.000000,0.000000,956.710999,96788.140625,95831.429688,10016.758789,959.316772,96997.898438,96038.578125,10011.143555,962.299194,97193.953125,96231.656250,10000.180664,963.743958,97351.101562,96387.359375,10001.344727,965.669983,97541.593750,96575.921875,10000.923828,2017,Winter,sp,Surface Pressure,hPa
92,955.989990,96724.617188,95768.617188,95768.617188,95768.984375,0.985770,0.000000,0.971742,29644.603516,92,92,95768.625000,3.230571,267.949341,82.941803,1.000000,0.000000,956.167725,96736.359375,95780.195312,10017.091797,958.467957,96929.632812,95971.164062,10012.975586,959.539246,97029.820312,96070.281250,10012.125977,960.762329,97133.632812,96172.867188,10010.058594,962.164856,97213.953125,96251.789062,10003.668945,2017,Spring,sp,Surface Pressure,hPa
92,955.938782,96670.335938,95714.390625,95714.390625,95714.539062,0.985756,0.000000,0.971715,50863.664062,92,92,95714.398438,1.881786,170.045959,90.364120,1.000000,0.000000,955.849976,96665.562500,95709.710938,10013.046875,957.479614,96799.320312,95841.843750,10009.804688,958.416565,96902.265625,95943.851562,10010.663086,958.638916,96934.117188,95975.476562,10011.640625,959.198669,96968.507812,96009.312500,10009.325195,2017,Summer,sp,Surface Pressure,hPa
91,956.179199,96668.265625,95712.085938,95712.085938,95712.328125,0.954145,0.000000,0.910392,37178.339844,91,91,95712.085938,2.574411,216.527115,84.107445,1.000000,0.000000,956.248352,96674.984375,95718.734375,10009.819336,958.323853,96834.414062,95876.093750,10004.560547,959.226257,96954.421875,95995.195312,10007.565430,959.904785,97007.281250,96047.375000,10005.927734,961.690796,97094.140625,96132.453125,9996.191406,2017,Autumn,sp,Surface Pressure,hPa
90,1.075553,0.528578,-0.546975,0.559544,0.685908,0.852708,0.000000,0.727110,0.869045,90,90,-0.546975,0.789266,0.637048,0.807140,0.344444,0.000039,1.086402,0.565488,-0.520914,-47.948566,1.605549,0.983451,-0.622098,-38.746754,2.077808,1.391443,-0.686365,-33.033115,2.523123,1.522781,-1.000342,-39.646976,2.682689,1.723441,-0.959247,-35.756939,2017,Winter,u10,10m U-Wind,m/s
92,0.392205,0.080787,-0.311418,0.403248,0.491867,0.822282,0.000000,0.676148,0.735323,92,92,-0.311418,0.668913,0.556853,0.832475,0.271739,0.002137,0.408765,0.040754,-0.368011,-90.029984,0.847467,0.423836,-0.423631,-49.987919,1.267206,0.744470,-0.522736,-41.251076,1.484339,0.916200,-0.568139,-38.275551,1.925150,1.640537,-0.284613,-14.783937,2017,Spring,u10,10m U-Wind,m/s
92,0.355855,-0.051423,-0.407277,0.423078,0.482452,0.757159,0.000000,0.573290,1.218594,92,92,-0.407278,0.395909,0.298683,0.754422,0.576087,0.000000,0.365666,-0.016179,-0.381846,-104.424545,0.612323,0.132545,-0.479778,-78.353737,0.867608,0.253817,-0.613791,-70.745186,0.976998,0.438710,-0.538288,-55.096119,1.047536,0.633641,-0.413895,-39.511322,2017,Summer,u10,10m U-Wind,m/s
91,0.118822,-0.034432,-0.153254,0.287674,0.369999,0.893812,0.000000,0.798899,0.510658,91,91,-0.153254,0.724553,0.559075,0.771613,0.175824,0.120121,0.098046,-0.055954,-0.154000,-157.069672,0.514043,0.319147,-0.194897,-37.914452,1.107229,0.698094,-0.409136,-36.951321,1.427387,1.026656,-0.400730,-28.074396,1.721353,1.318437,-0.402916,-23.406925,2017,Autumn,u10,10m U-Wind,m/s
90,-0.157879,-0.332232,-0.174353,0.459439,0.560816,0.790446,0.000000,0.624805,0.647863,90,90,-0.174353,0.865640,0.629744,0.727489,0.155556,0.227043,-0.282231,-0.402968,-0.120737,-42.779556,0.420695,0.128070,-0.292625,-69.557487,1.124730,0.544949,-0.579781,-51.548466,1.349229,0.721474,-0.627755,-46.526913,1.522803,1.098181,-0.424622,-27.884247,2017,Winter,v10,10m V-Wind,m/s
92,-0.000758,-0.468459,-0.467701,0.521644,0.619482,0.709036,0.000000,0.502732,1.079191,92,92,-0.467701,0.574025,0.441088,0.768412,0.445652,0.000000,0.038248,-0.498601,-0.536849,-1403.597412,0.396523,-0.227398,-0.623921,-157.347916,0.678068,0.116134,-0.561934,-82.872810,0.835038,0.314361,-0.520677,-62.353737,0.997111,0.627705,-0.369406,-37.047604,2017,Spring,v10,10m V-Wind,m/s
92,0.435246,-0.056501,-0.491748,0.507495,0.560182,0.768817,0.000000,0.591080,1.336692,92,92,-0.491747,0.419081,0.309142,0.737667,0.500000,0.000000,0.496464,-0.076358,-0.572822,-115.380295,0.729424,0.176632,-0.552792,-75.784691,0.941979,0.385251,-0.556728,-59.101974,1.038942,0.442418,-0.596524,-57.416458,1.498704,0.502825,-0.995879,-66.449348,2017,Summer,v10,10m V-Wind,m/s
91,-0.094726,-0.629308,-0.534582,0.585015,0.694162,0.563176,0.000000,0.317167,1.412277,91,91,-0.534582,0.491520,0.453211,0.922059,0.472527,0.000000,-0.141895,-0.661843,-0.519948,-366.430298,0.176766,-0.339160,-0.515926,-291.869659,0.584623,-0.073645,-0.658268,-112.596992,0.839857,0.159451,-0.680406,-81.014519,1.026151,0.364828,-0.661322,-64.446922,2017,Autumn,v10,10m V-Wind,m/s
90,0.830802,0.331036,-0.499766,0.499766,0.499898,0.632874,0.000000,0.400529,35.357883,90,90,-0.499766,0.014138,0.012366,0.874681,1.000000,0.000000,0.825802,0.326628,-0.499174,-60.447208,0.838845,0.339553,-0.499291,-59.521297,0.851528,0.350261,-0.501267,-58.866760,0.861069,0.354257,-0.506812,-58.858475,0.868702,0.359886,-0.508816,-58.571980,2017,Winter,lai,Leaf Area Index,Index
92,1.071378,0.579627,-0.491751,0.491751,0.491945,0.998166,0.000000,0.996336,2.965796,92,92,-0.491751,0.165873,0.175053,1.055346,0.902174,0.000000,1.039403,0.528529,-0.510874,-49.150707,1.212397,0.724584,-0.487813,-40.235432,1.317859,0.848176,-0.469683,-35.639854,1.353485,0.891357,-0.462128,-34.143559,1.381986,0.925876,-0.456109,-33.003925,2017,Spring,lai,Leaf Area Index,Index
92,1.543955,1.122716,-0.421239,0.421239,0.421373,0.998128,0.000000,0.996260,7.008425,92,92,-0.421239,0.060124,0.069980,1.163926,1.000000,0.000000,1.561647,1.144965,-0.416682,-26.682188,1.593155,1.178776,-0.414379,-26.009960,1.611411,1.200052,-0.411358,-25.527842,1.618217,1.206216,-0.412002,-25.460220,1.622969,1.212129,-0.410840,-25.314108,2017,Summer,lai,Leaf Area Index,Index
91,1.091397,0.608387,-0.483010,0.483010,0.483886,0.999800,0.000000,0.999601,2.719461,91,91,-0.483010,0.177934,0.206785,1.162140,0.824176,0.000000,1.029400,0.541799,-0.487602,-47.367561,1.246184,0.789526,-0.456658,-36.644508,1.368852,0.927034,-0.441818,-32.276527,1.401409,0.964713,-0.436697,-31.161259,1.427456,0.994855,-0.432600,-30.305698,2017,Autumn,lai,Leaf Area Index,Index
90,277.682678,277.601227,-0.081448,0.604384,0.807624,0.947427,0.000000,0.897619,0.341244,90,90,-0.081451,2.366704,1.973662,0.833928,0.100000,0.762125,277.689087,277.565491,-0.123596,-0.044509,279.441559,278.801361,-0.640198,-0.229099,280.571899,280.231079,-0.340820,-0.121473,281.052429,280.897003,-0.155426,-0.055301,281.601746,281.508179,-0.093567,-0.033227,2018,Winter,t2m,2m Temperature,K
92,285.623047,284.885254,-0.737794,0.824851,0.993060,0.996069,0.000000,0.992154,0.206936,92,92,-0.737793,4.798880,4.268998,0.889582,0.163043,0.173668,284.131317,283.584625,-0.546692,-0.192408,290.644348,289.129639,-1.514709,-0.521156,292.182068,290.758911,-1.423157,-0.487079,294.080078,292.365234,-1.714844,-0.583121,294.281128,292.585358,-1.695770,-0.576242,2018,Spring,t2m,2m Temperature,K
92,295.910431,294.937653,-0.972759,0.972759,1.044966,0.962824,0.000000,0.927029,0.897549,92,92,-0.972778,1.164243,1.337259,1.148608,0.413043,0.000000,296.287109,295.404053,-0.883057,-0.298041,296.842957,295.985260,-0.857697,-0.288940,297.178589,296.256927,-0.921661,-0.310137,297.386230,296.384613,-1.001617,-0.336807,297.531036,296.893890,-0.637146,-0.214144,2018,Summer,t2m,2m Temperature,K
91,287.105438,286.957794,-0.147632,0.447376,0.566114,0.998267,0.000000,0.996537,0.107351,91,91,-0.147644,5.273471,4.814448,0.912956,0.109890,0.644738,286.370483,286.385254,0.014771,0.005158,291.476074,290.914307,-0.561768,-0.192732,294.488647,293.276917,-1.211731,-0.411469,294.824677,294.181519,-0.643158,-0.218149,295.379028,294.675171,-0.703857,-0.238290,2018,Autumn,t2m,2m Temperature,K
90,272.309601,273.154846,0.845278,1.009838,1.165070,0.955974,0.000000,0.913886,0.451758,90,90,0.845245,2.578969,2.200578,0.853278,0.188889,0.080517,272.612061,273.302887,0.690826,0.253410,273.795959,274.420746,0.624786,0.228194,275.528595,275.916260,0.387665,0.140699,275.884583,276.563599,0.679016,0.246123,277.330017,277.793732,0.463715,0.167207,2018,Winter,d2m,2m Dewpoint,K
92,277.817200,278.799164,0.981948,0.999606,1.193815,0.990749,0.000000,0.981584,0.266861,92,92,0.981964,4.473541,4.128135,0.922789,0.206522,0.039264,276.432983,277.370178,0.937195,0.339031,281.780945,282.730194,0.949249,0.336875,285.037567,285.109406,0.071838,0.025203,285.747070,285.901398,0.154327,0.054008,286.409943,286.240692,-0.169250,-0.059094,2018,Spring,d2m,2m Dewpoint,K
92,287.990906,288.261719,0.270799,0.303838,0.370374,0.985615,0.000000,0.971437,0.248873,92,92,0.270813,1.488202,1.442590,0.969350,0.173913,0.123865,288.473663,288.742493,0.268829,0.093190,289.015686,289.323120,0.307434,0.106373,289.530670,289.568787,0.038116,0.013165,289.669556,289.709290,0.039734,0.013717,289.726532,289.875244,0.148712,0.051328,2018,Summer,d2m,2m Dewpoint,K
91,281.248627,282.211823,0.963194,0.996909,1.161309,0.995838,0.000000,0.991694,0.232171,91,91,0.963196,5.001955,4.519543,0.903555,0.230769,0.015457,280.567902,281.889435,1.321533,0.471021,285.744659,286.165222,0.420563,0.147181,287.524261,287.958282,0.434021,0.150951,288.189941,288.280426,0.090485,0.031398,288.643707,288.757050,0.113342,0.039267,2018,Autumn,d2m,2m Dewpoint,K
90,958.916138,96959.000000,96000.085938,96000.085938,96000.554688,0.969524,0.000000,0.939977,27120.326172,90,90,96000.085938,3.539801,304.842010,86.118408,1.000000,0.000000,958.534790,96918.281250,95959.750000,10011.086914,961.216797,97158.414062,96197.195312,10007.856445,964.101685,97389.484375,96425.382812,10001.578125,965.154297,97499.664062,96534.507812,10001.976562,966.395691,97618.023438,96651.625000,10001.247070,2018,Winter,sp,Surface Pressure,hPa
92,956.063599,96731.921875,95775.867188,95775.867188,95776.101562,0.959154,0.000000,0.919976,42719.035156,92,92,95775.859375,2.242001,209.074997,93.253769,1.000000,0.000000,955.983459,96732.578125,95776.593750,10018.645508,957.521301,96870.312500,95912.789062,10016.778320,958.876892,97019.679688,96060.804688,10018.053711,959.960205,97092.132812,96132.171875,10014.182617,961.142151,97172.171875,96211.031250,10010.073242,2018,Spring,sp,Surface Pressure,hPa
92,956.461975,96730.757812,95774.312500,95774.312500,95774.429688,0.962460,0.000000,0.926328,51106.003906,92,92,95774.296875,1.874035,160.326981,85.551765,1.000000,0.000000,956.732666,96729.570312,95772.835938,10010.407227,957.533264,96861.812500,95904.281250,10015.764648,958.442688,96921.218750,95962.773438,10012.364258,959.231995,96961.328125,96002.093750,10008.224609,961.674072,97108.875000,96147.203125,9997.898438,2018,Summer,sp,Surface Pressure,hPa
91,956.886414,96760.695312,95803.812500,95803.812500,95804.070312,0.975173,0.000000,0.950962,36063.386719,91,91,95803.812500,2.656547,223.144836,83.998085,1.000000,0.000000,956.690613,96748.585938,95791.898438,10012.839844,958.587463,96880.359375,95921.773438,10006.574219,959.939819,97022.429688,96062.492188,10007.136719,961.057251,97121.218750,96160.164062,10005.664062,964.018250,97341.921875,96377.906250,9997.519531,2018,Autumn,sp,Surface Pressure,hPa
90,0.631763,0.312794,-0.318969,0.371152,0.460995,0.879408,0.000000,0.773359,0.660812,90,90,-0.318969,0.697620,0.635290,0.910653,0.244444,0.009015,0.611706,0.309635,-0.302070,-49.381672,1.096729,0.731996,-0.364734,-33.256489,1.534404,1.191084,-0.343320,-22.374794,1.719182,1.381186,-0.337996,-19.660290,2.059784,1.603601,-0.456183,-22.147121,2018,Winter,u10,10m U-Wind,m/s
92,0.464718,0.119067,-0.345651,0.363239,0.442155,0.894267,0.000000,0.799713,0.729813,92,92,-0.345651,0.605847,0.491679,0.811557,0.369565,0.000006,0.447158,0.005053,-0.442105,-98.869987,0.751644,0.415194,-0.336450,-44.761848,1.266260,0.818160,-0.448100,-35.387691,1.627752,1.025117,-0.602635,-37.022545,2.041425,1.379847,-0.661578,-32.407669,2018,Spring,u10,10m U-Wind,m/s
92,0.385312,-0.067490,-0.452802,0.453996,0.482514,0.904901,0.000000,0.818846,1.245061,92,92,-0.452802,0.387542,0.326558,0.842639,0.510870,0.000000,0.374807,-0.098342,-0.473150,-126.238136,0.678873,0.118358,-0.560515,-82.565514,0.851470,0.365841,-0.485629,-57.034191,1.026564,0.490184,-0.536380,-52.250065,1.273257,0.656416,-0.616841,-48.445904,2018,Summer,u10,10m U-Wind,m/s
91,0.111072,-0.146840,-0.257912,0.383701,0.471564,0.877189,0.000000,0.769461,0.596108,91,91,-0.257912,0.791072,0.586290,0.741134,0.219780,0.024383,0.090844,-0.214877,-0.305721,-336.534210,0.696149,0.310644,-0.385505,-55.376736,1.120832,0.626873,-0.493959,-44.070713,1.470223,0.812125,-0.658098,-44.761753,1.724676,1.322571,-0.402105,-23.314819,2018,Autumn,u10,10m U-Wind,m/s
90,-0.170323,-0.501819,-0.331496,0.528971,0.625705,0.623577,0.000000,0.388848,0.942589,90,90,-0.331496,0.663816,0.524902,0.790734,0.322222,0.000156,-0.169577,-0.516357,-0.346780,-204.497696,0.366665,-0.194310,-0.560975,-152.993896,0.604663,0.092732,-0.511931,-84.663818,0.816922,0.227890,-0.589032,-72.103867,1.171562,0.937009,-0.234553,-20.020525,2018,Winter,v10,10m V-Wind,m/s
92,-0.071908,-0.500659,-0.428750,0.526371,0.601760,0.782585,0.000000,0.612439,0.887222,92,92,-0.428750,0.678251,0.530926,0.782787,0.369565,0.000006,0.032094,-0.475363,-0.507457,-1581.150146,0.427034,-0.146958,-0.573992,-134.413742,0.716480,0.121575,-0.594905,-83.031593,0.887959,0.159557,-0.728402,-82.031036,1.058221,0.446843,-0.611378,-57.774101,2018,Spring,v10,10m V-Wind,m/s
92,0.563697,-0.070711,-0.634408,0.639720,0.699589,0.574925,0.000000,0.330538,2.148460,92,92,-0.634408,0.325624,0.313574,0.962994,0.728261,0.000000,0.611025,-0.110751,-0.721776,-118.125519,0.749556,0.146950,-0.602606,-80.395088,0.948160,0.307732,-0.640428,-67.544296,1.036517,0.442283,-0.594234,-57.329929,1.110624,0.610284,-0.500340,-45.050331,2018,Summer,v10,10m V-Wind,m/s
91,-0.220544,-0.599694,-0.379149,0.458919,0.560799,0.680046,0.000000,0.462463,0.995230,91,91,-0.379149,0.563486,0.375208,0.665869,0.373626,0.000005,-0.195526,-0.557618,-0.362092,-185.188400,0.141764,-0.328765,-0.470529,-331.909180,0.594168,-0.129552,-0.723720,-121.803986,0.668815,-0.059745,-0.728560,-108.932945,0.851382,0.140824,-0.710558,-83.459351,2018,Autumn,v10,10m V-Wind,m/s
90,0.830802,0.331062,-0.499739,0.499739,0.499871,0.631676,0.000000,0.399015,35.356030,90,90,-0.499739,0.014138,0.012370,0.874933,1.000000,0.000000,0.825802,0.326654,-0.499148,-60.443989,0.838845,0.339577,-0.499267,-59.518429,0.851528,0.350304,-0.501224,-58.861717,0.861069,0.354281,-0.506788,-58.855682,0.868702,0.359943,-0.508758,-58.565365,2018,Winter,lai,Leaf Area Index,Index
92,1.071378,0.579643,-0.491735,0.491735,0.491929,0.998172,0.000000,0.996347,2.965700,92,92,-0.491735,0.165873,0.175055,1.055358,0.902174,0.000000,1.039403,0.528569,-0.510834,-49.146832,1.212397,0.724587,-0.487810,-40.235153,1.317859,0.848198,-0.469661,-35.638172,1.353485,0.891361,-0.462124,-34.143242,1.381986,0.925896,-0.456090,-33.002510,2018,Spring,lai,Leaf Area Index,Index
92,1.543955,1.122729,-0.421226,0.421226,0.421360,0.998135,0.000000,0.996274,7.008199,92,92,-0.421226,0.060124,0.069979,1.163910,1.000000,0.000000,1.561647,1.144989,-0.416658,-26.680695,1.593155,1.178776,-0.414379,-26.009960,1.611411,1.200059,-0.411351,-25.527412,1.618217,1.206221,-0.411996,-25.459890,1.622969,1.212136,-0.410833,-25.313675,2018,Summer,lai,Leaf Area Index,Index
91,1.091397,0.608385,-0.483012,0.483012,0.483888,0.999800,0.000000,0.999601,2.719473,91,91,-0.483012,0.177934,0.206787,1.162153,0.824176,0.000000,1.029400,0.541799,-0.487602,-47.367561,1.246184,0.789526,-0.456658,-36.644508,1.368852,0.927034,-0.441818,-32.276527,1.401409,0.964713,-0.436697,-31.161259,1.427456,0.994855,-0.432600,-30.305698,2018,Autumn,lai,Leaf Area Index,Index
90,277.141632,277.191071,0.049425,0.475404,0.613287,0.959156,0.000000,0.919981,0.286979,90,90,0.049438,2.137049,1.959042,0.916704,0.055556,0.999196,277.063843,277.082458,0.018616,0.006719,279.014984,278.960907,-0.054077,-0.019381,280.019745,279.850525,-0.169220,-0.060431,280.201050,280.145660,-0.055389,-0.019768,280.493927,280.384796,-0.109131,-0.038907,2019,Winter,t2m,2m Temperature,K
92,285.146484,284.592651,-0.553823,0.681043,0.787349,0.995950,0.000000,0.991917,0.181763,92,92,-0.553833,4.331725,3.912282,0.903170,0.152174,0.238009,286.021423,285.216156,-0.805267,-0.281541,288.331207,287.446381,-0.884827,-0.306879,290.193634,289.244843,-0.948792,-0.326951,291.075409,290.099487,-0.975922,-0.335281,292.002686,290.772980,-1.229706,-0.421128,2019,Spring,t2m,2m Temperature,K
92,295.534668,294.598236,-0.936441,0.936441,0.970441,0.985629,0.000000,0.971465,0.662329,92,92,-0.936432,1.465196,1.503942,1.026444,0.358696,0.000012,295.993439,295.052246,-0.941193,-0.317978,296.702576,295.835266,-0.867310,-0.292316,297.143280,296.072998,-1.070282,-0.360191,297.245941,296.166016,-1.079926,-0.363310,297.392151,296.307434,-1.084717,-0.364743,2019,Summer,t2m,2m Temperature,K
91,287.381989,287.302399,-0.079581,0.463978,0.566072,0.997370,0.000000,0.994746,0.107912,91,91,-0.079590,5.245659,4.820112,0.918876,0.120879,0.521725,287.413086,287.423035,0.009949,0.003461,293.146027,292.580505,-0.565521,-0.192915,294.414062,293.696655,-0.717407,-0.243673,295.205231,294.356201,-0.849030,-0.287607,295.590759,294.603424,-0.987335,-0.334021,2019,Autumn,t2m,2m Temperature,K
90,272.142212,273.003906,0.861683,0.931836,1.087372,0.966508,0.000000,0.934138,0.421212,90,90,0.861694,2.581530,2.464153,0.954532,0.177778,0.116410,272.433899,273.147034,0.713135,0.261764,274.239441,275.026489,0.787048,0.286993,275.459290,276.272278,0.812988,0.295139,275.724884,276.581848,0.856964,0.310804,276.275574,277.001770,0.726196,0.262852,2019,Winter,d2m,2m Dewpoint,K
92,278.260681,279.096100,0.835422,0.844463,0.953349,0.993904,0.000000,0.987845,0.239081,92,92,0.835419,3.987562,3.830349,0.960574,0.141304,0.318630,278.759705,279.683228,0.923523,0.331297,281.400787,282.065186,0.664398,0.236104,282.806885,283.331573,0.524689,0.185529,284.061768,284.448883,0.387115,0.136279,284.796967,285.267151,0.470184,0.165095,2019,Spring,d2m,2m Dewpoint,K
92,287.772186,288.232727,0.460532,0.462297,0.521902,0.986566,0.000000,0.973312,0.358192,92,92,0.460541,1.457045,1.377183,0.945189,0.260870,0.003677,288.239685,288.869598,0.629913,0.218538,288.917267,289.187622,0.270355,0.093575,289.225525,289.548492,0.322968,0.111666,289.422485,289.641174,0.218689,0.075560,289.671570,289.925018,0.253448,0.087495,2019,Summer,d2m,2m Dewpoint,K
91,280.891174,282.227966,1.336808,1.337184,1.502290,0.994119,0.000000,0.988273,0.303851,91,91,1.336792,4.944164,4.487138,0.907563,0.186813,0.083428,280.194611,282.344940,2.150330,0.767441,286.323792,287.201080,0.877289,0.306397,287.837616,288.218903,0.381287,0.132466,287.896851,288.540161,0.643311,0.223452,288.290863,288.616302,0.325439,0.112886,2019,Autumn,d2m,2m Dewpoint,K
90,956.967896,96781.656250,95824.679688,95824.679688,95825.070312,0.960106,0.000000,0.921804,29463.083984,90,90,95824.687500,3.252378,278.465942,85.619194,1.000000,0.000000,957.446655,96831.093750,95873.648438,10013.471680,958.967346,96969.359375,96010.390625,10011.851562,961.370361,97123.171875,96161.804688,10002.576172,962.511292,97220.078125,96257.570312,10000.668945,963.152588,97280.757812,96317.601562,10000.243164,2019,Winter,sp,Surface Pressure,hPa
92,955.907776,96712.859375,95756.953125,95756.953125,95757.210938,0.963232,0.000000,0.927815,36634.464844,92,92,95756.953125,2.613856,224.322250,85.820435,1.000000,0.000000,955.737671,96715.414062,95759.679688,10019.452148,958.069946,96907.578125,95949.507812,10014.875000,959.171265,97027.867188,96068.695312,10015.802734,959.859436,97058.070312,96098.210938,10011.696289,961.220215,97122.742188,96161.523438,10004.109375,2019,Spring,sp,Surface Pressure,hPa
92,955.709229,96652.453125,95696.773438,95696.773438,95696.890625,0.973726,0.000000,0.948141,51528.816406,92,92,95696.742188,1.857153,159.058029,85.646164,1.000000,0.000000,955.515564,96638.718750,95683.203125,10013.777344,956.993164,96755.929688,95798.937500,10010.410156,958.252380,96889.429688,95931.179688,10011.055664,958.742065,96924.953125,95966.210938,10009.596680,959.672485,97001.578125,96041.906250,10007.780273,2019,Summer,sp,Surface Pressure,hPa
91,956.242432,96712.023438,95755.781250,95755.781250,95756.109375,0.973357,0.000000,0.947424,33195.964844,91,91,95755.781250,2.884571,256.355682,88.871346,1.000000,0.000000,956.232910,96715.375000,95759.140625,10014.207031,958.262573,96916.789062,95958.523438,10013.802734,960.006958,97006.664062,96046.656250,10004.788086,960.730347,97074.390625,96113.664062,10004.228516,961.534424,97198.375000,96236.843750,10008.673828,2019,Autumn,sp,Surface Pressure,hPa
90,0.574218,0.296853,-0.277364,0.388101,0.487746,0.837575,0.000000,0.701531,0.673925,90,90,-0.277365,0.723740,0.538161,0.743583,0.266667,0.003188,0.552740,0.265164,-0.287576,-52.027309,0.964627,0.632262,-0.332365,-34.455288,1.548977,1.063500,-0.485476,-31.341743,1.745667,1.206330,-0.539337,-30.895758,2.338678,1.708243,-0.630435,-26.956877,2019,Winter,u10,10m U-Wind,m/s
92,0.388523,0.041098,-0.347425,0.374841,0.459146,0.872653,0.000000,0.761523,0.753557,92,92,-0.347425,0.609305,0.492015,0.807502,0.304348,0.000365,0.355546,0.029336,-0.326210,-91.748955,0.797777,0.376524,-0.421253,-52.803394,1.134220,0.667343,-0.466877,-41.162853,1.390282,0.901800,-0.488482,-35.135475,1.675822,1.055507,-0.620315,-37.015575,2019,Spring,u10,10m U-Wind,m/s
92,0.585615,0.127604,-0.458011,0.472206,0.520469,0.862387,0.000000,0.743711,1.138248,92,92,-0.458011,0.457255,0.307563,0.672629,0.565217,0.000000,0.622137,0.167322,-0.454815,-73.105225,0.917395,0.340635,-0.576760,-62.869312,1.215911,0.484957,-0.730954,-60.115776,1.251139,0.639588,-0.611551,-48.879551,1.383022,0.729795,-0.653227,-47.231865,2019,Summer,u10,10m U-Wind,m/s
91,0.171471,-0.072449,-0.243920,0.336392,0.429442,0.872631,0.000000,0.761486,0.602672,91,91,-0.243920,0.712563,0.560013,0.785913,0.219780,0.024383,0.191661,-0.134663,-0.326324,-170.261002,0.608289,0.309067,-0.299222,-49.190735,1.040659,0.699789,-0.340870,-32.755207,1.419999,0.943630,-0.476369,-33.547142,1.977899,1.294258,-0.683641,-34.563992,2019,Autumn,u10,10m U-Wind,m/s
90,-0.146854,-0.396425,-0.249571,0.416029,0.522223,0.749652,0.000000,0.561979,0.799358,90,90,-0.249571,0.653303,0.642988,0.984210,0.166667,0.164473,-0.168720,-0.346458,-0.177738,-105.345192,0.304119,0.048239,-0.255881,-84.138268,0.769064,0.504159,-0.264905,-34.445126,0.913061,0.676228,-0.236834,-25.938396,1.248664,0.764796,-0.483868,-38.750832,2019,Winter,v10,10m V-Wind,m/s
92,-0.013094,-0.497116,-0.484022,0.544233,0.632752,0.755308,0.000000,0.570490,1.053962,92,92,-0.484022,0.600356,0.559712,0.932300,0.423913,0.000000,0.018835,-0.478076,-0.496911,-2638.230225,0.464560,-0.122721,-0.587281,-126.416595,0.644913,0.091804,-0.553109,-85.764915,0.862236,0.393335,-0.468902,-54.382015,1.179076,0.938099,-0.240978,-20.437826,2019,Spring,v10,10m V-Wind,m/s
92,0.479461,-0.055544,-0.535005,0.535538,0.599754,0.688909,0.000000,0.474596,1.621948,92,92,-0.535005,0.369774,0.295178,0.798267,0.641304,0.000000,0.447655,-0.100391,-0.548046,-122.425949,0.633829,0.164747,-0.469082,-74.007698,1.030194,0.373240,-0.656954,-63.769909,1.145186,0.442673,-0.702513,-61.344849,1.441581,0.524664,-0.916916,-63.604931,2019,Summer,v10,10m V-Wind,m/s
91,-0.279097,-0.747685,-0.468587,0.503237,0.592315,0.763228,0.000000,0.582517,1.059818,91,91,-0.468587,0.558884,0.455917,0.815764,0.373626,0.000005,-0.299985,-0.803212,-0.503227,-167.750687,0.071574,-0.405109,-0.476683,-666.001404,0.544250,-0.110905,-0.655155,-120.377655,0.603373,0.022803,-0.580569,-96.220688,0.886968,0.291211,-0.595757,-67.167770,2019,Autumn,v10,10m V-Wind,m/s
90,0.830802,0.331054,-0.499747,0.499747,0.499880,0.631311,0.000000,0.398554,35.356602,90,90,-0.499747,0.014138,0.012382,0.875787,1.000000,0.000000,0.825802,0.326668,-0.499134,-60.442345,0.838845,0.339594,-0.499251,-59.516468,0.851528,0.350315,-0.501213,-58.860439,0.861069,0.354283,-0.506787,-58.855499,0.868702,0.359956,-0.508746,-58.563938,2019,Winter,lai,Leaf Area Index,Index
92,1.071378,0.579670,-0.491708,0.491708,0.491902,0.998170,0.000000,0.996344,2.965536,92,92,-0.491708,0.165873,0.175037,1.055251,0.902174,0.000000,1.039403,0.528619,-0.510784,-49.142063,1.212397,0.724594,-0.487803,-40.234566,1.317859,0.848214,-0.469645,-35.637001,1.353485,0.891357,-0.462128,-34.143539,1.381986,0.925891,-0.456095,-33.002865,2019,Spring,lai,Leaf Area Index,Index
92,1.543955,1.122738,-0.421216,0.421216,0.421351,0.998140,0.000000,0.996283,7.008049,92,92,-0.421217,0.060124,0.069988,1.164062,1.000000,0.000000,1.561647,1.144990,-0.416656,-26.680573,1.593155,1.178792,-0.414363,-26.008957,1.611411,1.200100,-0.411311,-25.524881,1.618217,1.206245,-0.411972,-25.458393,1.622969,1.212183,-0.410786,-25.310759,2019,Summer,lai,Leaf Area Index,Index
91,1.091397,0.608383,-0.483014,0.483014,0.483891,0.999800,0.000000,0.999600,2.719488,91,91,-0.483014,0.177934,0.206790,1.162170,0.824176,0.000000,1.029400,0.541798,-0.487602,-47.367596,1.246184,0.789526,-0.456658,-36.644508,1.368852,0.927034,-0.441818,-32.276527,1.401409,0.964713,-0.436697,-31.161259,1.427456,0.994855,-0.432600,-30.305698,2019,Autumn,lai,Leaf Area Index,Index
91,278.357727,278.376984,0.019297,0.539660,0.660040,0.909464,0.000000,0.827124,0.425667,91,91,0.019257,1.550600,1.550302,0.999808,0.065934,0.989735,278.402161,278.231628,-0.170532,-0.061254,279.573517,279.692871,0.119354,0.042692,280.315125,280.424347,0.109222,0.038964,280.768005,280.811523,0.043518,0.015500,281.021393,281.161926,0.140533,0.050008,2020,Winter,t2m,2m Temperature,K
92,285.796692,284.907990,-0.888741,0.893560,0.982586,0.994161,0.000000,0.988356,0.262087,92,92,-0.888702,3.749084,3.617894,0.965008,0.119565,0.528851,285.112488,284.122070,-0.990417,-0.347378,288.779724,287.624725,-1.154999,-0.399958,291.209534,290.029510,-1.180023,-0.405214,292.289642,291.291565,-0.998077,-0.341469,293.704529,292.196533,-1.507996,-0.513440,2020,Spring,t2m,2m Temperature,K
92,296.068359,294.969971,-1.098379,1.098379,1.143337,0.981238,0.000000,0.962827,0.801369,92,92,-1.098389,1.426730,1.558442,1.092318,0.543478,0.000000,296.701782,295.717499,-0.984283,-0.331742,297.178040,296.119019,-1.059021,-0.356359,297.424866,296.346649,-1.078217,-0.362517,297.473663,296.449097,-1.024567,-0.344423,297.623352,296.605957,-1.017395,-0.341840,2020,Summer,t2m,2m Temperature,K
91,288.127350,287.893341,-0.233978,0.450234,0.594270,0.992502,0.000000,0.985061,0.135112,91,91,-0.234009,4.398351,4.268391,0.970453,0.065934,0.989735,288.182678,287.571594,-0.611084,-0.212047,291.868164,292.010681,0.142517,0.048829,293.038513,292.884338,-0.154175,-0.052612,295.100342,294.359436,-0.740906,-0.251069,295.709564,294.722717,-0.986847,-0.333722,2020,Autumn,t2m,2m Temperature,K
91,272.661774,273.758942,1.097152,1.122911,1.304867,0.916952,0.000000,0.840800,0.738962,91,91,1.097168,1.765810,1.669545,0.945484,0.252747,0.005795,272.629150,273.616425,0.987274,0.362131,273.949463,275.174805,1.225342,0.447288,275.201111,276.040405,0.839294,0.304975,275.575470,276.583740,1.008270,0.365878,276.136475,276.915436,0.778961,0.282093,2020,Winter,d2m,2m Dewpoint,K
92,278.301300,279.144073,0.842731,0.913316,1.069930,0.979802,0.000000,0.960012,0.326366,92,92,0.842773,3.278316,3.281300,1.000910,0.184783,0.086376,277.723267,278.637268,0.914001,0.329105,279.748840,281.012177,1.263336,0.451597,283.289551,284.204681,0.915131,0.323037,284.773651,285.349487,0.575836,0.202208,286.123779,286.371887,0.248108,0.086713,2020,Spring,d2m,2m Dewpoint,K
92,287.700684,288.303528,0.602836,0.608940,0.688980,0.983143,0.000000,0.966570,0.400732,92,92,0.602844,1.719303,1.578693,0.918216,0.423913,0.000000,288.204590,288.862610,0.658020,0.228317,288.611328,289.294403,0.683075,0.236676,289.434631,289.704285,0.269653,0.093166,289.891479,290.021057,0.129578,0.044699,290.018219,290.156738,0.138519,0.047762,2020,Summer,d2m,2m Dewpoint,K
91,280.781158,282.068573,1.287416,1.290383,1.371162,0.991976,0.000000,0.984015,0.367603,91,91,1.287415,3.730013,3.684089,0.987688,0.208791,0.037590,280.902344,282.272980,1.370636,0.487940,284.112427,285.683350,1.570923,0.552923,285.599121,286.832855,1.233734,0.431981,286.243896,287.361755,1.117859,0.390527,287.591888,288.403503,0.811615,0.282211,2020,Autumn,d2m,2m Dewpoint,K
91,957.721985,96864.671875,95906.953125,95906.953125,95907.273438,0.968145,0.000000,0.937304,32423.679688,91,91,95906.953125,2.957939,248.667160,84.067703,1.000000,0.000000,958.096069,96892.312500,95934.218750,10013.005859,959.266724,97018.562500,96059.296875,10013.826172,960.706238,97125.335938,96164.632812,10009.785156,962.488098,97243.843750,96281.359375,10003.381836,963.773926,97351.484375,96387.710938,10001.070312,2020,Winter,sp,Surface Pressure,hPa
92,956.066833,96736.304688,95780.250000,95780.250000,95780.554688,0.975596,0.000000,0.951788,34445.058594,92,92,95780.234375,2.780676,249.562744,89.748947,1.000000,0.000000,955.812378,96716.312500,95760.500000,10018.754883,957.461853,96838.328125,95880.867188,10014.066406,959.511902,97070.921875,96111.406250,10016.698242,961.058777,97231.812500,96270.750000,10017.155273,963.587280,97417.718750,96454.132812,10009.900391,2020,Spring,sp,Surface Pressure,hPa
92,955.491150,96629.882812,95674.390625,95674.390625,95674.531250,0.974472,0.000000,0.949596,51801.613281,92,92,95674.390625,1.846941,161.178711,87.267921,1.000000,0.000000,955.782104,96638.875000,95683.093750,10010.973633,956.700195,96733.859375,95777.156250,10011.199219,957.518311,96827.281250,95869.765625,10012.317383,958.305603,96887.570312,95929.265625,10010.300781,959.700867,96967.367188,96007.664062,10003.915039,2020,Summer,sp,Surface Pressure,hPa
91,957.224915,96763.210938,95805.992188,95805.992188,95806.226562,0.965342,0.000000,0.931886,39883.566406,91,91,95805.984375,2.402148,221.057693,92.025009,1.000000,0.000000,957.356628,96786.250000,95828.890625,10009.738281,958.811646,96917.203125,95958.390625,10008.054688,959.946045,96984.820312,96024.875000,10003.154297,961.076477,97094.593750,96133.515625,10002.692383,963.271545,97342.757812,96379.484375,10005.431641,2020,Autumn,sp,Surface Pressure,hPa
91,0.848423,0.485284,-0.363139,0.456297,0.516687,0.894944,0.000000,0.800924,0.631917,91,91,-0.363139,0.817650,0.687002,0.840215,0.219780,0.024383,0.776183,0.490592,-0.285591,-36.794319,1.380275,0.943598,-0.436678,-31.637001,1.925596,1.372262,-0.553334,-28.735720,2.364304,1.648801,-0.715503,-30.262726,2.671068,1.884393,-0.786675,-29.451714,2020,Winter,u10,10m U-Wind,m/s
92,0.525481,0.172425,-0.353056,0.399827,0.497995,0.901868,0.000000,0.813367,0.662313,92,92,-0.353056,0.751903,0.544566,0.724251,0.250000,0.006182,0.495229,0.199783,-0.295446,-59.658436,1.014287,0.647535,-0.366751,-36.158550,1.625152,0.888638,-0.736514,-45.319691,1.814541,0.986674,-0.827867,-45.624043,2.040435,1.209047,-0.831388,-40.745636,2020,Spring,u10,10m U-Wind,m/s
92,0.389359,-0.023964,-0.413323,0.443326,0.507068,0.820057,0.000000,0.672493,1.055215,92,92,-0.413323,0.480535,0.290835,0.605232,0.532609,0.000000,0.433505,0.003130,-0.430375,-99.278046,0.709610,0.143819,-0.565790,-79.732635,0.958676,0.354079,-0.604597,-63.065842,1.075083,0.443333,-0.631750,-58.762917,1.221338,0.641615,-0.579723,-47.466206,2020,Summer,u10,10m U-Wind,m/s
91,0.123629,-0.122385,-0.246013,0.340895,0.432108,0.856784,0.000000,0.734079,0.634068,91,91,-0.246013,0.681486,0.531974,0.780608,0.219780,0.024383,0.170366,-0.140905,-0.311271,-182.707245,0.636709,0.296972,-0.339737,-53.358253,0.982633,0.564199,-0.418434,-42.582897,1.150132,0.662399,-0.487733,-42.406700,1.365776,0.853167,-0.512609,-37.532425,2020,Autumn,u10,10m U-Wind,m/s
91,-0.352428,-0.642854,-0.290426,0.467804,0.566071,0.644233,0.000000,0.415036,0.892739,91,91,-0.290426,0.634083,0.438456,0.691479,0.296703,0.000615,-0.351141,-0.657584,-0.306443,-87.270508,0.007388,-0.370352,-0.377741,-5112.729004,0.505280,-0.064577,-0.569857,-112.780411,0.675815,-0.012578,-0.688393,-101.861191,0.827929,0.453217,-0.374712,-45.258915,2020,Winter,v10,10m V-Wind,m/s
92,0.046688,-0.457541,-0.504229,0.528257,0.631227,0.857561,0.000000,0.735411,0.860310,92,92,-0.504229,0.733721,0.587254,0.800378,0.380435,0.000003,0.129420,-0.360477,-0.489896,-378.532623,0.603859,-0.067599,-0.671459,-111.194542,0.911663,0.202567,-0.709096,-77.780502,1.075315,0.279262,-0.796053,-74.029716,1.377636,0.709238,-0.668399,-48.517792,2020,Spring,v10,10m V-Wind,m/s
92,0.530384,-0.102924,-0.633308,0.636285,0.705217,0.609925,0.000000,0.372009,1.809022,92,92,-0.633308,0.389833,0.266338,0.683211,0.673913,0.000000,0.596559,-0.118630,-0.715189,-119.885796,0.810161,0.052110,-0.758051,-93.567963,1.013781,0.262250,-0.751531,-74.131477,1.082170,0.386110,-0.696060,-64.320770,1.192688,0.515296,-0.677392,-56.795391,2020,Summer,v10,10m V-Wind,m/s
91,-0.165582,-0.621209,-0.455627,0.531516,0.657586,0.626429,0.000000,0.392413,1.133660,91,91,-0.455627,0.580056,0.506164,0.872613,0.318681,0.000174,-0.242660,-0.657283,-0.414623,-170.865997,0.241007,-0.301852,-0.542859,-225.245972,0.634151,0.028437,-0.605713,-95.515694,0.832166,0.312093,-0.520073,-62.496330,1.258943,0.493883,-0.765060,-60.770012,2020,Autumn,v10,10m V-Wind,m/s
91,0.830935,0.331331,-0.499604,0.499604,0.499736,0.635340,0.000000,0.403657,35.325974,91,91,-0.499604,0.014146,0.012631,0.892856,1.000000,0.000000,0.825907,0.326697,-0.499210,-60.443871,0.839086,0.339892,-0.499194,-59.492588,0.851313,0.351379,-0.499935,-58.725128,0.860962,0.355235,-0.505727,-58.739777,0.868680,0.360799,-0.507881,-58.465813,2020,Winter,lai,Leaf Area Index,Index
92,1.071447,0.579722,-0.491726,0.491726,0.491919,0.998173,0.000000,0.996350,2.967240,92,92,-0.491726,0.165783,0.174976,1.055451,0.902174,0.000000,1.039403,0.528581,-0.510822,-49.145733,1.212397,0.724613,-0.487784,-40.233002,1.317859,0.848216,-0.469643,-35.636795,1.353485,0.891354,-0.462131,-34.143795,1.381986,0.925890,-0.456096,-33.002934,2020,Spring,lai,Leaf Area Index,Index
92,1.543955,1.122731,-0.421223,0.421223,0.421357,0.998137,0.000000,0.996277,7.008163,92,92,-0.421224,0.060124,0.069980,1.163938,1.000000,0.000000,1.561647,1.144985,-0.416662,-26.680906,1.593155,1.178776,-0.414379,-26.009960,1.611411,1.200068,-0.411342,-25.526852,1.618217,1.206232,-0.411985,-25.459196,1.622969,1.212136,-0.410833,-25.313683,2020,Summer,lai,Leaf Area Index,Index
91,1.091397,0.608385,-0.483012,0.483012,0.483888,0.999800,0.000000,0.999600,2.719475,91,91,-0.483012,0.177934,0.206788,1.162157,0.824176,0.000000,1.029400,0.541799,-0.487602,-47.367561,1.246184,0.789526,-0.456658,-36.644508,1.368852,0.927034,-0.441818,-32.276527,1.401409,0.964713,-0.436697,-31.161259,1.427456,0.994855,-0.432600,-30.305698,2020,Autumn,lai,Leaf Area Index,Index
